p,l,N,t,tries,found
5,11,1,2,1,true
7,29,2,2,1,true
11,67,3,2,2,true
13,53,2,2,1,true
23,47,1,2,1,true
41,83,1,2,1,true
17,103,3,2,1,true
19,191,5,2,1,true
29,233,4,2,2,true
31,311,5,2,1,true
37,149,2,2,1,true
43,431,5,2,2,true
47,283,3,2,1,true
53,743,7,2,2,true
59,709,6,2,1,true
61,367,3,2,1,true
67,269,2,2,1,true
71,569,4,2,1,true
73,293,2,2,1,true
79,317,2,2,1,true
83,167,1,2,1,true
89,179,1,2,1,true
97,971,5,2,2,true
101,809,4,2,2,true
103,619,3,2,1,true
107,643,3,2,1,true
113,227,1,2,1,true
127,509,2,2,1,true
139,557,2,2,1,true
151,907,3,2,1,true
173,347,1,2,1,true
191,383,1,2,1,true
199,797,2,2,1,true
239,479,1,2,1,true
281,563,1,2,1,true
293,587,1,2,1,true
359,719,1,2,1,true
419,839,1,2,1,true
431,863,1,2,1,true
443,887,1,2,1,true
491,983,1,2,1,true
131,1049,4,2,3,true
137,1097,4,2,2,true
149,1193,4,2,1,true
179,1433,4,2,2,true
181,1811,5,2,2,true
193,1931,5,2,2,true
233,1399,3,2,2,true
241,1447,3,2,1,true
251,4519,9,2,2,true
257,1543,3,2,1,true
263,1579,3,2,1,true
269,2153,4,2,1,true
271,1627,3,2,1,true
277,4987,9,2,3,true
283,1699,3,2,1,true
307,1229,2,2,1,true
311,1867,3,2,1,true
313,1879,3,2,1,true
331,1987,3,2,1,true
337,6067,9,2,3,true
347,2083,3,2,1,true
353,4943,7,2,1,true
367,3671,5,2,2,true
373,1493,2,2,1,true
379,4549,6,2,1,true
397,6353,8,2,2,true
409,4091,5,2,2,true
421,4211,5,2,1,true
433,5197,6,2,2,true
439,4391,5,2,1,true
449,3593,4,2,1,true
463,5557,6,2,1,true
467,2803,3,2,1,true
479,3833,4,2,1,true
487,1949,2,2,1,true
499,1997,2,2,1,true
503,3019,3,2,1,true
509,4073,4,2,2,true
523,6277,6,2,2,true
541,9739,9,2,1,true
547,5471,5,2,1,true
563,7883,7,2,1,true
569,6829,6,2,1,true
571,5711,5,2,1,true
577,3463,3,2,2,true
587,8219,7,2,1,true
593,1187,1,2,1,true
599,4793,4,2,1,true
613,6131,5,2,1,true
631,6311,5,2,1,true
641,1283,1,2,1,true
647,9059,7,2,1,true
653,1307,1,2,1,true
659,1319,1,2,1,true
673,2693,2,2,1,true
677,5417,4,2,1,true
683,4099,3,2,2,true
691,8293,6,2,2,true
709,2837,2,2,1,true
719,1439,1,2,1,true
727,4363,3,2,2,true
733,7331,5,2,1,true
739,2957,2,2,1,true
743,1487,1,2,1,true
751,4507,3,2,1,true
761,1523,1,2,1,true
809,1619,1,2,1,true
811,8111,5,2,1,true
821,6569,4,2,1,true
829,9949,6,2,2,true
857,6857,4,2,1,true
863,5179,3,2,1,true
887,5323,3,2,1,true
907,5443,3,2,1,true
911,1823,1,2,1,true
929,7433,4,2,1,true
937,5623,3,2,1,true
941,5647,3,2,1,true
947,5683,3,2,1,true
953,1907,1,2,1,true
971,5827,3,2,1,true
977,7817,4,2,1,true
997,3989,2,2,1,true
1031,2063,1,2,1,true
1033,4133,2,2,1,true
1039,4157,2,2,1,true
1061,6367,3,2,1,true
1063,4253,2,2,1,true
1091,6547,3,2,1,true
109,2399,11,2,2,true
1093,4373,2,2,1,true
1103,2207,1,2,1,true
1123,4493,2,2,1,true
1129,4517,2,2,1,true
1151,6907,3,2,1,true
1193,7159,3,2,1,true
1223,2447,1,2,1,true
1229,2459,1,2,1,true
1283,7699,3,2,1,true
1289,2579,1,2,1,true
1297,5189,2,2,1,true
1321,7927,3,2,1,true
1327,5309,2,2,1,true
1361,8167,3,2,1,true
1423,5693,2,2,1,true
1427,8563,3,2,1,true
1429,5717,2,2,1,true
1433,8599,3,2,1,true
1451,2903,1,2,1,true
1453,5813,2,2,1,true
1481,2963,1,2,1,true
1487,8923,3,2,1,true
1499,2999,1,2,1,true
1511,9067,3,2,2,true
1531,9187,3,2,1,true
1543,6173,2,2,1,true
1549,6197,2,2,1,true
1559,3119,1,2,1,true
1567,9403,3,2,2,true
157,7537,24,2,5,true
163,5869,18,2,3,true
1663,6653,2,2,1,true
167,7349,22,2,3,true
1733,3467,1,2,1,true
1753,7013,2,2,1,true
1777,7109,2,2,1,true
1811,3623,1,2,1,true
1973,3947,1,2,1,true
197,4729,12,2,2,true
2003,4007,1,2,1,true
2017,8069,2,2,1,true
2039,4079,1,2,1,true
2063,4127,1,2,1,true
2069,4139,1,2,1,true
2143,8573,2,2,1,true
223,6691,15,2,2,true
227,5903,13,2,2,true
229,5039,11,2,2,true
2339,4679,1,2,1,true
2351,4703,1,2,1,true
2393,4787,1,2,1,true
2399,4799,1,2,1,true
2437,9749,2,2,1,true
2459,4919,1,2,1,true
2543,5087,1,2,1,true
2549,5099,1,2,1,true
2693,5387,1,2,1,true
2741,5483,1,2,1,true
2903,5807,1,2,1,true
2939,5879,1,2,1,true
2969,5939,1,2,1,true
3023,6047,1,2,1,true
317,8243,13,2,1,true
3299,6599,1,2,1,true
3359,6719,1,2,1,true
3491,6983,1,2,1,true
349,8377,12,2,2,true
3623,7247,1,2,1,true
3761,7523,1,2,1,true
3779,7559,1,2,1,true
3821,7643,1,2,1,true
3863,7727,1,2,1,true
3911,7823,1,2,1,true
4019,8039,1,2,1,true
4073,8147,1,2,1,true
4211,8423,1,2,1,true
4271,8543,1,2,1,true
4373,8747,1,2,1,true
4409,8819,1,2,1,true
461,9221,10,2,2,true
4733,9467,1,2,1,true
4793,9587,1,2,1,true
4871,9743,1,2,1,true
4943,9887,1,2,1,true
643,10289,8,2,2,true
701,12619,9,2,1,true
757,12113,8,2,1,true
797,11159,7,2,2,true
827,14887,9,2,2,true
839,10069,6,2,1,true
877,15787,9,2,2,true
881,15859,9,2,1,true
883,10597,6,2,3,true
967,15473,8,2,1,true
983,13763,7,2,1,true
991,17839,9,2,1,true
1049,12589,6,2,2,true
1051,12613,6,2,1,true
1109,15527,7,2,2,true
1117,11171,5,2,2,true
1187,16619,7,2,2,true
1201,12011,5,2,2,true
1231,22159,9,2,2,true
1237,19793,8,2,1,true
1249,22483,9,2,2,true
1279,15349,6,2,2,true
1291,12911,5,2,1,true
1303,20849,8,2,1,true
1307,10457,4,2,1,true
1367,10937,4,2,1,true
1381,16573,6,2,2,true
1399,25183,9,2,1,true
1409,19727,7,2,3,true
1459,17509,6,2,2,true
1471,26479,9,2,2,true
1483,14831,5,2,1,true
1489,14891,5,2,1,true
1493,20903,7,2,1,true
1553,18637,6,2,2,true
1571,12569,4,2,1,true
1601,19213,6,2,3,true
1609,19309,6,2,2,true
1619,12953,4,2,1,true
1621,29179,9,2,1,true
1627,29287,9,2,1,true
1657,26513,8,2,1,true
1667,23339,7,2,2,true
1669,16691,5,2,1,true
1693,16931,5,2,2,true
1697,13577,4,2,1,true
1699,20389,6,2,1,true
1723,17231,5,2,1,true
1747,17471,5,2,1,true
1783,21397,6,2,1,true
1787,10723,3,2,1,true
1789,17891,5,2,1,true
1801,21613,6,2,1,true
1823,10939,3,2,1,true
1831,10987,3,2,1,true
1847,11083,3,2,1,true
1871,22453,6,2,2,true
1877,15017,4,2,1,true
1907,34327,9,2,3,true
1931,11587,3,2,2,true
1933,23197,6,2,1,true
1987,31793,8,2,3,true
1993,11959,3,2,1,true
2027,16217,4,2,2,true
2029,36523,9,2,2,true
2081,12487,3,2,1,true
2083,33329,8,2,1,true
2087,37567,9,2,1,true
2099,25189,6,2,1,true
211,10973,26,2,4,true
2113,25357,6,2,1,true
2153,12919,3,2,1,true
2203,13219,3,2,1,true
2207,39727,9,2,2,true
2213,26557,6,2,1,true
2221,35537,8,2,2,true
2237,31319,7,2,1,true
2239,22391,5,2,1,true
2251,22511,5,2,1,true
2269,22691,5,2,1,true
2273,27277,6,2,2,true
2281,13687,3,2,1,true
2287,13723,3,2,1,true
2309,32327,7,2,1,true
2311,27733,6,2,1,true
2333,13999,3,2,1,true
2347,14083,3,2,1,true
2357,32999,7,2,2,true
2377,42787,9,2,1,true
2381,28573,6,2,1,true
2383,28597,6,2,3,true
2389,43003,9,2,2,true
2411,19289,4,2,1,true
2447,14683,3,2,1,true
2503,25031,5,2,1,true
2531,20249,4,2,2,true
2539,25391,5,2,1,true
2551,15307,3,2,1,true
2557,46027,9,2,1,true
2579,30949,6,2,1,true
2593,15559,3,2,1,true
2617,26171,5,2,1,true
2621,15727,3,2,1,true
2647,10589,2,2,1,true
2657,37199,7,2,1,true
2663,31957,6,2,1,true
2671,26711,5,2,1,true
2677,10709,2,2,1,true
2683,10733,2,2,1,true
2707,43313,8,2,1,true
2711,16267,3,2,1,true
2719,27191,5,2,1,true
2729,32749,6,2,1,true
2753,16519,3,2,2,true
2767,16603,3,2,2,true
2791,16747,3,2,1,true
2797,44753,8,2,1,true
2801,22409,4,2,1,true
2803,11213,2,2,1,true
2833,33997,6,2,1,true
2857,28571,5,2,1,true
2887,11549,2,2,1,true
2897,52147,9,2,3,true
2927,23417,4,2,1,true
2953,11813,2,2,1,true
2957,41399,7,2,1,true
2999,23993,4,2,1,true
3001,36013,6,2,2,true
3019,36229,6,2,1,true
3037,12149,2,2,1,true
3049,12197,2,2,1,true
3061,18367,3,2,1,true
3089,55603,9,2,1,true
3109,12437,2,2,1,true
3119,24953,4,2,1,true
3137,25097,4,2,1,true
3163,12653,2,2,1,true
3181,19087,3,2,1,true
3187,50993,8,2,1,true
3203,19219,3,2,1,true
3209,44927,7,2,2,true
3229,12917,2,2,1,true
3253,32531,5,2,1,true
3259,13037,2,2,1,true
3301,59419,9,2,2,true
3307,13229,2,2,1,true
3319,33191,5,2,1,true
3323,46523,7,2,2,true
3329,26633,4,2,2,true
3331,33311,5,2,1,true
3347,26777,4,2,1,true
3361,53777,8,2,1,true
3371,60679,9,2,1,true
3391,33911,5,2,2,true
3413,20479,3,2,2,true
3449,41389,6,2,2,true
3457,20743,3,2,2,true
3461,27689,4,2,1,true
3463,34631,5,2,1,true
3467,27737,4,2,1,true
3469,13877,2,2,1,true
3499,13997,2,2,1,true
3511,21067,3,2,1,true
3517,35171,5,2,1,true
3527,21163,3,2,1,true
3529,42349,6,2,2,true
3533,49463,7,2,2,true
3539,63703,9,2,3,true
3541,21247,3,2,1,true
3547,21283,3,2,1,true
3559,35591,5,2,1,true
3571,42853,6,2,1,true
3581,21487,3,2,1,true
3583,21499,3,2,1,true
3593,21559,3,2,2,true
3613,36131,5,2,1,true
3631,21787,3,2,1,true
3637,14549,2,2,1,true
3643,21859,3,2,1,true
3677,22063,3,2,1,true
3691,44293,6,2,2,true
3719,52067,7,2,2,true
3739,14957,2,2,1,true
3767,30137,4,2,1,true
3793,60689,8,2,2,true
3797,22783,3,2,1,true
3823,61169,8,2,2,true
383,16087,21,2,4,true
3847,61553,8,2,1,true
3853,15413,2,2,1,true
3881,46573,6,2,1,true
3889,38891,5,2,1,true
389,14783,19,2,2,true
3907,70327,9,2,2,true
3917,31337,4,2,1,true
3919,39191,5,2,1,true
3923,23539,3,2,1,true
3929,47149,6,2,1,true
3931,62897,8,2,1,true
3943,15773,2,2,1,true
3947,55259,7,2,1,true
3989,47869,6,2,1,true
4001,32009,4,2,2,true
4003,40031,5,2,2,true
4007,24043,3,2,1,true
401,10427,13,2,4,true
4013,48157,6,2,1,true
4021,72379,9,2,1,true
4027,64433,8,2,1,true
4049,48589,6,2,1,true
4079,32633,4,2,1,true
4093,49117,6,2,1,true
4099,73783,9,2,1,true
4127,24763,3,2,1,true
4129,49549,6,2,1,true
4133,24799,3,2,1,true
4139,49669,6,2,2,true
4153,24919,3,2,1,true
4157,24943,3,2,1,true
4177,41771,5,2,1,true
4201,75619,9,2,2,true
4229,59207,7,2,1,true
4231,50773,6,2,1,true
4241,25447,3,2,1,true
4259,51109,6,2,1,true
4261,42611,5,2,1,true
4273,17093,2,2,1,true
4289,34313,4,2,1,true
4297,17189,2,2,1,true
4327,43271,5,2,1,true
4339,43391,5,2,1,true
4349,78283,9,2,4,true
4357,78427,9,2,1,true
4363,69809,8,2,1,true
4391,26347,3,2,2,true
4397,61559,7,2,1,true
4421,79579,9,2,1,true
4423,26539,3,2,1,true
4441,26647,3,2,1,true
4447,26683,3,2,2,true
4481,53773,6,2,2,true
4493,26959,3,2,1,true
4507,27043,3,2,1,true
4513,45131,5,2,1,true
4517,27103,3,2,1,true
4519,18077,2,2,1,true
4547,27283,3,2,1,true
4549,45491,5,2,1,true
4567,82207,9,2,2,true
457,21023,23,2,3,true
4597,27583,3,2,1,true
4637,27823,3,2,1,true
4651,55813,6,2,2,true
4663,74609,8,2,1,true
4673,65423,7,2,1,true
4679,84223,9,2,2,true
4703,56437,6,2,2,true
4721,84979,9,2,1,true
4729,18917,2,2,1,true
4783,57397,6,2,1,true
4787,28723,3,2,1,true
4789,19157,2,2,1,true
4799,67187,7,2,2,true
4801,28807,3,2,1,true
4813,48131,5,2,2,true
4831,48311,5,2,1,true
4861,29167,3,2,1,true
4889,39113,4,2,1,true
4919,59029,6,2,2,true
4933,29599,3,2,1,true
4937,69119,7,2,1,true
4967,29803,3,2,1,true
4987,19949,2,2,1,true
4993,19973,2,2,1,true
4999,19997,2,2,1,true
5003,10007,1,2,1,true
5011,60133,6,2,2,true
5021,40169,4,2,1,true
5023,30139,3,2,1,true
5039,10079,1,2,1,true
5051,10103,1,2,1,true
5077,81233,8,2,1,true
5081,10163,1,2,1,true
5087,40697,4,2,1,true
5107,30643,3,2,1,true
5113,51131,5,2,1,true
5119,20477,2,2,1,true
5147,41177,4,2,1,true
5153,61837,6,2,1,true
5171,10343,1,2,1,true
5179,20717,2,2,1,true
5189,41513,4,2,1,true
5197,20789,2,2,1,true
521,16673,16,2,1,true
5231,10463,1,2,1,true
5237,41897,4,2,1,true
5273,73823,7,2,2,true
5279,10559,1,2,1,true
5281,31687,3,2,1,true
5297,74159,7,2,1,true
5309,63709,6,2,2,true
5333,10667,1,2,1,true
5347,32083,3,2,1,true
5393,32359,3,2,1,true
5407,32443,3,2,1,true
5413,32479,3,2,1,true
5417,32503,3,2,1,true
5431,54311,5,2,2,true
5437,54371,5,2,1,true
5441,10883,1,2,1,true
5477,76679,7,2,1,true
5519,77267,7,2,1,true
5521,88337,8,2,1,true
5527,22109,2,2,1,true
5531,66373,6,2,2,true
5557,22229,2,2,1,true
5569,22277,2,2,1,true
557,24509,22,2,3,true
5573,66877,6,2,1,true
5581,33487,3,2,1,true
5591,33547,3,2,1,true
5623,33739,3,2,1,true
5639,11279,1,2,1,true
5659,22637,2,2,1,true
5669,79367,7,2,1,true
5693,34159,3,2,1,true
5711,11423,1,2,1,true
5717,34303,3,2,1,true
5741,11483,1,2,1,true
5743,68917,6,2,2,true
5783,80963,7,2,1,true
5791,34747,3,2,1,true
5801,34807,3,2,1,true
5807,46457,4,2,2,true
5827,34963,3,2,1,true
5839,23357,2,2,1,true
5843,35059,3,2,1,true
5849,11699,1,2,1,true
5861,46889,4,2,1,true
5867,82139,7,2,1,true
5869,70429,6,2,1,true
5879,82307,7,2,2,true
5903,35419,3,2,2,true
5927,47417,4,2,1,true
5939,47513,4,2,1,true
5953,71437,6,2,2,true
5987,35923,3,2,1,true
6011,36067,3,2,1,true
601,25243,21,2,5,true
6029,84407,7,2,1,true
6053,12107,1,2,1,true
6067,97073,8,2,1,true
607,20639,17,2,3,true
6079,24317,2,2,1,true
6101,12203,1,2,1,true
6113,12227,1,2,1,true
6121,73453,6,2,2,true
6131,12263,1,2,1,true
617,30851,25,2,3,true
6173,12347,1,2,1,true
619,17333,14,2,3,true
6199,61991,5,2,1,true
6217,62171,5,2,1,true
6221,74653,6,2,1,true
6229,24917,2,2,1,true
6247,24989,2,2,1,true
6263,37579,3,2,2,true
6269,87767,7,2,3,true
6287,88019,7,2,1,true
6323,12647,1,2,1,true
6329,12659,1,2,1,true
6343,25373,2,2,1,true
6353,38119,3,2,1,true
6359,50873,4,2,1,true
6361,63611,5,2,2,true
6367,25469,2,2,1,true
6449,51593,4,2,2,true
6451,38707,3,2,1,true
6473,38839,3,2,1,true
6521,13043,1,2,1,true
6547,26189,2,2,1,true
6563,13127,1,2,1,true
6571,78853,6,2,1,true
6581,13163,1,2,1,true
6599,92387,7,2,1,true
6607,66071,5,2,1,true
661,14543,11,2,3,true
6619,66191,5,2,1,true
6673,40039,3,2,2,true
6679,26717,2,2,1,true
6703,26813,2,2,1,true
6719,80629,6,2,1,true
6737,40423,3,2,1,true
6761,13523,1,2,1,true
6779,81349,6,2,1,true
6793,67931,5,2,2,true
6803,40819,3,2,1,true
6823,40939,3,2,1,true
6827,54617,4,2,1,true
6841,41047,3,2,1,true
6857,41143,3,2,1,true
6869,96167,7,2,1,true
6871,68711,5,2,2,true
6899,13799,1,2,1,true
6907,41443,3,2,1,true
6917,55337,4,2,1,true
6947,97259,7,2,1,true
6949,69491,5,2,1,true
6959,55673,4,2,1,true
6971,83653,6,2,1,true
6977,41863,3,2,1,true
6991,41947,3,2,1,true
7001,56009,4,2,1,true
7027,28109,2,2,1,true
7043,14087,1,2,1,true
7057,28229,2,2,1,true
7069,28277,2,2,1,true
7079,14159,1,2,1,true
7103,14207,1,2,1,true
7109,56873,4,2,1,true
7121,14243,1,2,1,true
7129,85549,6,2,2,true
7177,43063,3,2,1,true
7193,14387,1,2,1,true
7211,57689,4,2,2,true
7219,86629,6,2,1,true
7237,28949,2,2,1,true
7247,57977,4,2,1,true
7253,87037,6,2,1,true
7297,43783,3,2,1,true
7309,73091,5,2,1,true
7321,87853,6,2,1,true
7331,87973,6,2,2,true
7333,29333,2,2,1,true
7349,14699,1,2,1,true
7393,29573,2,2,1,true
7451,89413,6,2,1,true
7477,74771,5,2,1,true
7489,74891,5,2,1,true
7499,89989,6,2,1,true
7507,30029,2,2,1,true
7523,45139,3,2,1,true
7541,15083,1,2,1,true
7573,30293,2,2,1,true
7583,90997,6,2,1,true
7603,76031,5,2,1,true
7639,30557,2,2,1,true
7649,15299,1,2,1,true
7681,92173,6,2,1,true
7687,76871,5,2,1,true
7691,15383,1,2,1,true
769,23071,15,2,3,true
7699,76991,5,2,1,true
7703,46219,3,2,1,true
7717,30869,2,2,1,true
7723,30893,2,2,1,true
773,15461,10,2,3,true
7741,46447,3,2,1,true
7753,31013,2,2,1,true
7759,77591,5,2,1,true
7853,47119,3,2,1,true
7867,31469,2,2,1,true
787,22037,14,2,2,true
7883,94597,6,2,2,true
7901,15803,1,2,1,true
7919,63353,4,2,1,true
7933,47599,3,2,1,true
7937,47623,3,2,1,true
7951,95413,6,2,1,true
7963,47779,3,2,1,true
7993,31973,2,2,1,true
8011,80111,5,2,1,true
8017,32069,2,2,1,true
8039,96469,6,2,1,true
8053,32213,2,2,1,true
8059,32237,2,2,1,true
8069,16139,1,2,1,true
8081,48487,3,2,1,true
8087,48523,3,2,1,true
8093,97117,6,2,2,true
8111,16223,1,2,1,true
8117,64937,4,2,1,true
8147,48883,3,2,1,true
8161,81611,5,2,1,true
8167,81671,5,2,2,true
8179,32717,2,2,1,true
823,24691,15,2,3,true
8243,16487,1,2,1,true
8273,16547,1,2,1,true
8291,49747,3,2,1,true
8297,66377,4,2,2,true
8311,99733,6,2,1,true
8329,33317,2,2,1,true
8377,50263,3,2,1,true
8419,84191,5,2,1,true
8429,67433,4,2,1,true
8431,50587,3,2,1,true
8513,17027,1,2,1,true
853,39239,23,2,4,true
8563,34253,2,2,1,true
8573,51439,3,2,1,true
859,18899,11,2,1,true
8597,68777,4,2,1,true
8599,85991,5,2,1,true
8629,86291,5,2,1,true
8647,34589,2,2,1,true
8663,17327,1,2,1,true
8677,86771,5,2,1,true
8689,34757,2,2,1,true
8693,17387,1,2,1,true
8699,69593,4,2,1,true
8707,87071,5,2,1,true
8731,52387,3,2,1,true
8737,34949,2,2,1,true
8761,52567,3,2,1,true
8821,88211,5,2,1,true
8887,53323,3,2,1,true
8893,35573,2,2,1,true
8951,17903,1,2,1,true
8969,17939,1,2,1,true
9001,90011,5,2,1,true
9007,90071,5,2,1,true
9059,18119,1,2,1,true
9067,36269,2,2,1,true
9091,54547,3,2,1,true
9133,54799,3,2,1,true
9157,36629,2,2,1,true
9181,91811,5,2,1,true
9187,36749,2,2,1,true
919,25733,14,2,3,true
9209,73673,4,2,1,true
9277,55663,3,2,1,true
9283,92831,5,2,1,true
9293,18587,1,2,1,true
9311,74489,4,2,1,true
9319,37277,2,2,1,true
9337,93371,5,2,1,true
9341,74729,4,2,1,true
9349,37397,2,2,1,true
9371,18743,1,2,1,true
9377,56263,3,2,1,true
9391,93911,5,2,1,true
9397,37589,2,2,1,true
9413,56479,3,2,1,true
9419,18839,1,2,1,true
9433,56599,3,2,1,true
9461,56767,3,2,1,true
9473,18947,1,2,1,true
9479,75833,4,2,2,true
9539,19079,1,2,1,true
9547,38189,2,2,1,true
9587,76697,4,2,1,true
9613,38453,2,2,1,true
9629,19259,1,2,1,true
9643,57859,3,2,1,true
9677,77417,4,2,1,true
9689,19379,1,2,1,true
9733,38933,2,2,1,true
9787,97871,5,2,1,true
9791,19583,1,2,1,true
9829,39317,2,2,1,true
9839,78713,4,2,1,true
9851,59107,3,2,1,true
9871,98711,5,2,1,true
9907,59443,3,2,1,true
9923,59539,3,2,1,true
9929,79433,4,2,1,true
9967,39869,2,2,1,true
10009,40037,2,2,1,true
10061,20123,1,2,1,true
10067,80537,4,2,1,true
10069,40277,2,2,1,true
10091,20183,1,2,1,true
1009,42379,21,2,5,true
1013,20261,10,2,4,true
10159,40637,2,2,1,true
10163,20327,1,2,1,true
10177,40709,2,2,1,true
1019,38723,19,2,3,true
10211,81689,4,2,1,true
1021,30631,15,2,4,true
10223,61339,3,2,1,true
10253,20507,1,2,1,true
10267,61603,3,2,1,true
10303,41213,2,2,1,true
10321,61927,3,2,1,true
10333,41333,2,2,1,true
10357,62143,3,2,1,true
10391,62347,3,2,1,true
10399,41597,2,2,1,true
10457,62743,3,2,1,true
10513,63079,3,2,1,true
10529,21059,1,2,1,true
10589,84713,4,2,2,true
10613,21227,1,2,1,true
10627,42509,2,2,1,true
10639,42557,2,2,1,true
10687,64123,3,2,1,true
10691,21383,1,2,1,true
1069,57727,27,2,5,true
10733,21467,1,2,1,true
10771,64627,3,2,1,true
10781,21563,1,2,1,true
10799,21599,1,2,1,true
10867,65203,3,2,1,true
1087,32611,15,2,3,true
10903,43613,2,2,1,true
1097,32911,15,2,2,true
10973,65839,3,2,1,true
10979,87833,4,2,1,true
10993,43973,2,2,1,true
11057,66343,3,2,1,true
11113,44453,2,2,1,true
11117,88937,4,2,1,true
11159,89273,4,2,1,true
11197,44789,2,2,1,true
11261,67567,3,2,1,true
11311,67867,3,2,1,true
11353,45413,2,2,1,true
11369,22739,1,2,1,true
11393,22787,1,2,1,true
11423,68539,3,2,1,true
11443,68659,3,2,1,true
11471,22943,1,2,1,true
11483,68899,3,2,1,true
11491,68947,3,2,1,true
11503,69019,3,2,1,true
11519,23039,1,2,1,true
11527,69163,3,2,1,true
1153,59957,26,2,4,true
11549,23099,1,2,1,true
11579,23159,1,2,1,true
11587,46349,2,2,1,true
1163,37217,16,2,1,true
11699,23399,1,2,1,true
11701,70207,3,2,1,true
1171,25763,11,2,2,true
11719,46877,2,2,1,true
11743,70459,3,2,1,true
11777,70663,3,2,1,true
11783,23567,1,2,1,true
11813,23627,1,2,1,true
1181,59051,25,2,5,true
11831,23663,1,2,1,true
11897,95177,4,2,1,true
11927,71563,3,2,1,true
11939,23879,1,2,1,true
11941,71647,3,2,1,true
11953,71719,3,2,1,true
11959,47837,2,2,1,true
12007,72043,3,2,2,true
12011,24023,1,2,1,true
12041,24083,1,2,1,true
12049,48197,2,2,1,true
12107,72643,3,2,1,true
12109,48437,2,2,1,true
12113,72679,3,2,1,true
12119,24239,1,2,1,true
1213,43669,18,2,4,true
1217,29209,12,2,1,true
12197,97577,4,2,1,true
12203,24407,1,2,1,true
12251,98009,4,2,1,true
12277,49109,2,2,1,true
12289,49157,2,2,1,true
12323,73939,3,2,1,true
12329,24659,1,2,1,true
12421,74527,3,2,1,true
12437,74623,3,2,1,true
12451,74707,3,2,1,true
12491,99929,4,2,1,true
12583,50333,2,2,1,true
1259,40289,16,2,2,true
12637,50549,2,2,1,true
12647,75883,3,2,1,true
12653,25307,1,2,1,true
12697,50789,2,2,1,true
12739,50957,2,2,1,true
12763,76579,3,2,1,true
1277,30649,12,2,2,true
12791,25583,1,2,1,true
12799,51197,2,2,1,true
12821,25643,1,2,1,true
12853,51413,2,2,1,true
12893,77359,3,2,1,true
12899,25799,1,2,1,true
12941,77647,3,2,1,true
12959,25919,1,2,1,true
12967,51869,2,2,1,true
12973,51893,2,2,1,true
12983,77899,3,2,1,true
13001,26003,1,2,1,true
1301,33827,13,2,2,true
13049,26099,1,2,1,true
13177,52709,2,2,1,true
13183,52733,2,2,1,true
1319,50123,19,2,4,true
13229,26459,1,2,1,true
13267,53069,2,2,1,true
13297,53189,2,2,1,true
13313,26627,1,2,1,true
13451,26903,1,2,1,true
13463,26927,1,2,1,true
13537,81223,3,2,1,true
13567,54269,2,2,1,true
13577,81463,3,2,1,true
13591,81547,3,2,1,true
13633,81799,3,2,1,true
13697,82183,3,2,1,true
13723,82339,3,2,1,true
13729,54917,2,2,1,true
1373,49429,18,2,2,true
13751,82507,3,2,1,true
13763,27527,1,2,1,true
13807,55229,2,2,1,true
13841,83047,3,2,1,true
13883,27767,1,2,1,true
13901,27803,1,2,1,true
13907,83443,3,2,1,true
13933,55733,2,2,1,true
13997,83983,3,2,1,true
13999,55997,2,2,1,true
14011,84067,3,2,1,true
14033,84199,3,2,1,true
14051,84307,3,2,1,true
14083,84499,3,2,2,true
14149,56597,2,2,1,true
14153,28307,1,2,1,true
14159,28319,1,2,1,true
14293,57173,2,2,1,true
14303,28607,1,2,1,true
14321,28643,1,2,1,true
14387,86323,3,2,1,true
14389,57557,2,2,1,true
1439,34537,12,2,4,true
14431,86587,3,2,1,true
1447,49199,17,2,3,true
14479,57917,2,2,1,true
14537,87223,3,2,1,true
14557,58229,2,2,1,true
14561,29123,1,2,1,true
14591,87547,3,2,1,true
14593,87559,3,2,1,true
14657,87943,3,2,1,true
14669,29339,1,2,1,true
14699,29399,1,2,1,true
14723,88339,3,2,1,true
14879,29759,1,2,1,true
14923,59693,2,2,1,true
14939,29879,1,2,1,true
15073,60293,2,2,1,true
15101,30203,1,2,1,true
15131,90787,3,2,1,true
15137,90823,3,2,1,true
15161,30323,1,2,1,true
15193,60773,2,2,1,true
15217,91303,3,2,2,true
15233,30467,1,2,1,true
1523,94427,31,2,5,true
15269,30539,1,2,1,true
15391,92347,3,2,1,true
15413,92479,3,2,1,true
15439,61757,2,2,1,true
15451,92707,3,2,1,true
15461,92767,3,2,1,true
15569,31139,1,2,1,true
15581,93487,3,2,1,true
15601,93607,3,2,1,true
15619,62477,2,2,1,true
15649,62597,2,2,1,true
15661,93967,3,2,1,true
15683,94099,3,2,1,true
15733,94399,3,2,1,true
15773,31547,1,2,1,true
1579,34739,11,2,3,true
15803,31607,1,2,1,true
1583,37993,12,2,2,true
15881,95287,3,2,1,true
15907,63629,2,2,1,true
15923,31847,1,2,1,true
1597,38329,12,2,3,true
16001,32003,1,2,1,true
16033,96199,3,2,1,true
1607,57853,18,2,5,true
16111,96667,3,2,1,true
1613,32261,10,2,2,true
16141,96847,3,2,1,true
16217,97303,3,2,1,true
16249,64997,2,2,1,true
16301,32603,1,2,1,true
16339,65357,2,2,1,true
16363,98179,3,2,1,true
1637,62207,19,2,1,true
16421,32843,1,2,1,true
16427,98563,3,2,1,true
16481,98887,3,2,1,true
16493,32987,1,2,1,true
16553,33107,1,2,1,true
16573,99439,3,2,2,true
16603,66413,2,2,1,true
16607,99643,3,2,1,true
16633,66533,2,2,1,true
16651,99907,3,2,1,true
16657,66629,2,2,1,true
16673,33347,1,2,1,true
16699,66797,2,2,1,true
16811,33623,1,2,1,true
16823,33647,1,2,1,true
16883,33767,1,2,1,true
1709,41017,12,2,3,true
17159,34319,1,2,1,true
17183,34367,1,2,1,true
17203,68813,2,2,1,true
1721,55073,16,2,3,true
17257,69029,2,2,1,true
17291,34583,1,2,1,true
17299,69197,2,2,1,true
17351,34703,1,2,1,true
17389,69557,2,2,1,true
1741,38303,11,2,1,true
17419,69677,2,2,1,true
17579,35159,1,2,1,true
1759,38699,11,2,2,true
17681,35363,1,2,1,true
17713,70853,2,2,1,true
17749,70997,2,2,1,true
17863,71453,2,2,1,true
17939,35879,1,2,1,true
17959,71837,2,2,1,true
17977,71909,2,2,1,true
18013,72053,2,2,1,true
18041,36083,1,2,1,true
18131,36263,1,2,1,true
18149,36299,1,2,1,true
18199,72797,2,2,1,true
18233,36467,1,2,1,true
18253,73013,2,2,1,true
18341,36683,1,2,1,true
18439,73757,2,2,1,true
18461,36923,1,2,1,true
18523,74093,2,2,1,true
1861,74441,20,2,1,true
1867,67213,18,2,4,true
18679,74717,2,2,1,true
1873,67429,18,2,4,true
1879,78919,21,2,4,true
18803,37607,1,2,1,true
18859,75437,2,2,1,true
1889,37781,10,2,3,true
18913,75653,2,2,1,true
1901,91249,24,2,4,true
1913,49739,13,2,3,true
19163,38327,1,2,1,true
19183,76733,2,2,1,true
19237,76949,2,2,1,true
19301,38603,1,2,1,true
19319,38639,1,2,1,true
19373,38747,1,2,1,true
19387,77549,2,2,1,true
19391,38783,1,2,1,true
19483,77933,2,2,1,true
1949,93553,24,2,2,true
1951,42923,11,2,1,true
19543,78173,2,2,1,true
19553,39107,1,2,1,true
19559,39119,1,2,1,true
19609,78437,2,2,1,true
19661,39323,1,2,1,true
19699,78797,2,2,1,true
19751,39503,1,2,1,true
19919,39839,1,2,1,true
1997,87869,22,2,1,true
19991,39983,1,2,1,true
19993,79973,2,2,1,true
1999,47977,12,2,3,true
20107,80429,2,2,1,true
20269,81077,2,2,1,true
20369,40739,1,2,1,true
20393,40787,1,2,1,true
20407,81629,2,2,1,true
20509,82037,2,2,1,true
2053,94439,23,2,1,true
20593,82373,2,2,1,true
20693,41387,1,2,1,true
20749,82997,2,2,1,true
20759,41519,1,2,1,true
20771,41543,1,2,1,true
20773,83093,2,2,1,true
20789,41579,1,2,1,true
20879,41759,1,2,1,true
2089,45959,11,2,1,true
20899,83597,2,2,1,true
20939,41879,1,2,1,true
20963,41927,1,2,1,true
20983,83933,2,2,1,true
21013,84053,2,2,1,true
2111,63331,15,2,3,true
21149,42299,1,2,1,true
21157,84629,2,2,1,true
21163,84653,2,2,1,true
21179,42359,1,2,1,true
21221,42443,1,2,1,true
21277,85109,2,2,1,true
21283,85133,2,2,1,true
2131,59669,14,2,1,true
21379,85517,2,2,1,true
21383,42767,1,2,1,true
2141,42821,10,2,3,true
21433,85733,2,2,1,true
21589,86357,2,2,1,true
21611,43223,1,2,1,true
21613,86453,2,2,1,true
2161,47543,11,2,4,true
21787,87149,2,2,1,true
2179,47939,11,2,1,true
21803,43607,1,2,1,true
21893,43787,1,2,1,true
22013,44027,1,2,1,true
22133,44267,1,2,1,true
22147,88589,2,2,1,true
22271,44543,1,2,1,true
22303,89213,2,2,1,true
22343,44687,1,2,1,true
22349,44699,1,2,1,true
22369,89477,2,2,1,true
2243,71777,16,2,1,true
22469,44939,1,2,1,true
22541,45083,1,2,1,true
22543,90173,2,2,1,true
22549,90197,2,2,1,true
2267,45341,10,2,1,true
22751,45503,1,2,1,true
22807,91229,2,2,1,true
2293,68791,15,2,3,true
22943,45887,1,2,1,true
2297,59723,13,2,2,true
23099,46199,1,2,1,true
23173,92693,2,2,1,true
23197,92789,2,2,1,true
23269,93077,2,2,1,true
23459,46919,1,2,1,true
23473,93893,2,2,1,true
23599,94397,2,2,1,true
23603,47207,1,2,1,true
23669,47339,1,2,1,true
23677,94709,2,2,1,true
2371,94841,20,2,2,true
23753,47507,1,2,1,true
23819,47639,1,2,1,true
23857,95429,2,2,1,true
23899,95597,2,2,1,true
23909,47819,1,2,1,true
23929,95717,2,2,1,true
23981,47963,1,2,1,true
2417,48341,10,2,2,true
24203,48407,1,2,1,true
24223,96893,2,2,1,true
2423,58153,12,2,3,true
24239,48479,1,2,1,true
24247,96989,2,2,1,true
24281,48563,1,2,1,true
2441,48821,10,2,1,true
24509,49019,1,2,1,true
24551,49103,1,2,1,true
24611,49223,1,2,1,true
2467,59209,12,2,2,true
24683,49367,1,2,1,true
24709,98837,2,2,1,true
24749,49499,1,2,1,true
2477,64403,13,2,3,true
2521,70589,14,2,2,true
25523,51047,1,2,1,true
25643,51287,1,2,1,true
25673,51347,1,2,1,true
25703,51407,1,2,1,true
25799,51599,1,2,1,true
25841,51683,1,2,1,true
25913,51827,1,2,1,true
2591,82913,16,2,3,true
25919,51839,1,2,1,true
2609,52181,10,2,3,true
26189,52379,1,2,1,true
26501,53003,1,2,1,true
2659,90407,17,2,3,true
26633,53267,1,2,1,true
2687,64489,12,2,2,true
26879,53759,1,2,1,true
26891,53783,1,2,1,true
2689,59159,11,2,2,true
26993,53987,1,2,1,true
2699,86369,16,2,2,true
27143,54287,1,2,1,true
27281,54563,1,2,1,true
2731,60083,11,2,1,true
27551,55103,1,2,1,true
2777,55541,10,2,1,true
27893,55787,1,2,1,true
27983,55967,1,2,1,true
28001,56003,1,2,1,true
28403,56807,1,2,1,true
2851,62723,11,2,3,true
28559,57119,1,2,1,true
28571,57143,1,2,1,true
2861,57221,10,2,2,true
28751,57503,1,2,1,true
28793,57587,1,2,1,true
2879,86371,15,2,2,true
28859,57719,1,2,1,true
2917,70009,12,2,1,true
29453,58907,1,2,1,true
29483,58967,1,2,1,true
29531,59063,1,2,1,true
29723,59447,1,2,1,true
3011,96353,16,2,1,true
30323,60647,1,2,1,true
30389,60779,1,2,1,true
30671,61343,1,2,1,true
3067,73609,12,2,4,true
30689,61379,1,2,1,true
30851,61703,1,2,1,true
30983,61967,1,2,1,true
31151,62303,1,2,1,true
31253,62507,1,2,1,true
31649,63299,1,2,1,true
31799,63599,1,2,1,true
31859,63719,1,2,1,true
32003,64007,1,2,1,true
32009,64019,1,2,1,true
32141,64283,1,2,1,true
32531,65063,1,2,1,true
32561,65123,1,2,1,true
3257,65141,10,2,3,true
32633,65267,1,2,1,true
3271,71963,11,2,1,true
32771,65543,1,2,1,true
32789,65579,1,2,1,true
33053,66107,1,2,1,true
3313,99391,15,2,1,true
33191,66383,1,2,1,true
3343,73547,11,2,1,true
33461,66923,1,2,1,true
33479,66959,1,2,1,true
33521,67043,1,2,1,true
33569,67139,1,2,1,true
33623,67247,1,2,1,true
33713,67427,1,2,1,true
3373,80953,12,2,1,true
33749,67499,1,2,1,true
33773,67547,1,2,1,true
33809,67619,1,2,1,true
3407,68141,10,2,3,true
34253,68507,1,2,1,true
34283,68567,1,2,1,true
34319,68639,1,2,1,true
3433,75527,11,2,2,true
34439,68879,1,2,1,true
34883,69767,1,2,1,true
34913,69827,1,2,1,true
34949,69899,1,2,1,true
35081,70163,1,2,1,true
35573,71147,1,2,1,true
3557,85369,12,2,1,true
35831,71663,1,2,1,true
35933,71867,1,2,1,true
35993,71987,1,2,1,true
36083,72167,1,2,1,true
36191,72383,1,2,1,true
36383,72767,1,2,1,true
36563,73127,1,2,1,true
36629,73259,1,2,1,true
3671,73421,10,2,3,true
36821,73643,1,2,1,true
36923,73847,1,2,1,true
36929,73859,1,2,1,true
3697,88729,12,2,1,true
3701,74021,10,2,1,true
37049,74099,1,2,1,true
37139,74279,1,2,1,true
37181,74363,1,2,1,true
37253,74507,1,2,1,true
3727,89449,12,2,1,true
37379,74759,1,2,1,true
37619,75239,1,2,1,true
37853,75707,1,2,1,true
37871,75743,1,2,1,true
37991,75983,1,2,1,true
38039,76079,1,2,1,true
38189,76379,1,2,1,true
38201,76403,1,2,1,true
38303,76607,1,2,1,true
38453,76907,1,2,1,true
38459,76919,1,2,1,true
38501,77003,1,2,1,true
38639,77279,1,2,1,true
38669,77339,1,2,1,true
38861,77723,1,2,1,true
38873,77747,1,2,1,true
39089,78179,1,2,1,true
39239,78479,1,2,1,true
39569,79139,1,2,1,true
39779,79559,1,2,1,true
39983,79967,1,2,1,true
39989,79979,1,2,1,true
40193,80387,1,2,1,true
40283,80567,1,2,1,true
4051,89123,11,2,2,true
40559,81119,1,2,1,true
4057,97369,12,2,2,true
40823,81647,1,2,1,true
40853,81707,1,2,1,true
41081,82163,1,2,1,true
4159,91499,11,2,1,true
41603,83207,1,2,1,true
41609,83219,1,2,1,true
41669,83339,1,2,1,true
41729,83459,1,2,1,true
42071,84143,1,2,1,true
42089,84179,1,2,1,true
42131,84263,1,2,1,true
42359,84719,1,2,1,true
42611,85223,1,2,1,true
42923,85847,1,2,1,true
43313,86627,1,2,1,true
43649,87299,1,2,1,true
43691,87383,1,2,1,true
43793,87587,1,2,1,true
43943,87887,1,2,1,true
44501,89003,1,2,1,true
4451,89021,10,2,1,true
44543,89087,1,2,1,true
4463,89261,10,2,2,true
44651,89303,1,2,1,true
44699,89399,1,2,1,true
44729,89459,1,2,1,true
4483,98627,11,2,1,true
44909,89819,1,2,1,true
45053,90107,1,2,1,true
45131,90263,1,2,1,true
45179,90359,1,2,1,true
45263,90527,1,2,1,true
45569,91139,1,2,1,true
45599,91199,1,2,1,true
45641,91283,1,2,1,true
46181,92363,1,2,1,true
46349,92699,1,2,1,true
4643,92861,10,2,3,true
46589,93179,1,2,1,true
46691,93383,1,2,1,true
46751,93503,1,2,1,true
47189,94379,1,2,1,true
47279,94559,1,2,1,true
47363,94727,1,2,1,true
47543,95087,1,2,1,true
47639,95279,1,2,1,true
48131,96263,1,2,1,true
48221,96443,1,2,1,true
48239,96479,1,2,1,true
48593,97187,1,2,1,true
48761,97523,1,2,1,true
49103,98207,1,2,1,true
49193,98387,1,2,1,true
4931,98621,10,2,2,true
49463,98927,1,2,1,true
49499,98999,1,2,1,true
49559,99119,1,2,1,true
49811,99623,1,2,1,true
5851,105319,9,2,3,true
6007,108127,9,2,2,true
6091,109639,9,2,1,true
6337,114067,9,2,2,true
6553,104849,8,2,1,true
6577,118387,9,2,2,true
6701,120619,9,2,2,true
6781,108497,8,2,2,true
6997,111953,8,2,2,true
7039,126703,9,2,1,true
7229,101207,7,2,1,true
7417,118673,8,2,2,true
7457,104399,7,2,1,true
7529,105407,7,2,1,true
7561,120977,8,2,2,true
7727,108179,7,2,1,true
7793,109103,7,2,1,true
7907,142327,9,2,1,true
8009,144163,9,2,1,true
8089,145603,9,2,1,true
8101,145819,9,2,2,true
8123,113723,7,2,1,true
8219,115067,7,2,1,true
8237,115319,7,2,1,true
8293,132689,8,2,1,true
8317,133073,8,2,1,true
8387,150967,9,2,1,true
8443,135089,8,2,3,true
8461,101533,6,2,2,true
8467,152407,9,2,1,true
8501,102013,6,2,1,true
8521,136337,8,2,2,true
8527,153487,9,2,1,true
8627,120779,7,2,1,true
8641,155539,9,2,1,true
8681,156259,9,2,2,true
8719,156943,9,2,2,true
8753,105037,6,2,1,true
8783,105397,6,2,1,true
8819,105829,6,2,1,true
8837,123719,7,2,1,true
8849,123887,7,2,3,true
8861,159499,9,2,1,true
8863,106357,6,2,1,true
8923,107077,6,2,2,true
8933,107197,6,2,1,true
8971,143537,8,2,1,true
8999,161983,9,2,2,true
9041,162739,9,2,1,true
9127,146033,8,2,1,true
9151,146417,8,2,2,true
9239,129347,7,2,1,true
9281,111373,6,2,1,true
9323,130523,7,2,1,true
9431,113173,6,2,1,true
9463,113557,6,2,3,true
9551,114613,6,2,1,true
9619,115429,6,2,1,true
9631,154097,8,2,2,true
9697,155153,8,2,1,true
9719,136067,7,2,1,true
9721,155537,8,2,1,true
9743,136403,7,2,1,true
9767,136739,7,2,3,true
9781,117373,6,2,2,true
9857,177427,9,2,3,true
9883,158129,8,2,1,true
9931,119173,6,2,1,true
9941,119293,6,2,1,true
9949,119389,6,2,1,true
9973,119677,6,2,1,true
10079,141107,7,2,1,true
10093,100931,5,2,1,true
10103,141443,7,2,1,true
10111,101111,5,2,1,true
10133,141863,7,2,1,true
10141,101411,5,2,1,true
10169,122029,6,2,2,true
10271,184879,9,2,3,true
10313,144383,7,2,4,true
10331,185959,9,2,4,true
10337,144719,7,2,1,true
10427,187687,9,2,3,true
10433,146063,7,2,2,true
10453,167249,8,2,2,true
10459,125509,6,2,1,true
10477,167633,8,2,1,true
10487,188767,9,2,2,true
10499,188983,9,2,2,true
10501,126013,6,2,1,true
10531,189559,9,2,1,true
10567,190207,9,2,1,true
10597,169553,8,2,2,true
10657,191827,9,2,1,true
10711,192799,9,2,1,true
10729,128749,6,2,1,true
10753,129037,6,2,2,true
10859,152027,7,2,1,true
10883,152363,7,2,2,true
10891,130693,6,2,1,true
10939,109391,5,2,1,true
10949,153287,7,2,1,true
11003,154043,7,2,1,true
11059,132709,6,2,1,true
11071,110711,5,2,1,true
11087,155219,7,2,2,true
11093,133117,6,2,1,true
11161,111611,5,2,1,true
11171,134053,6,2,2,true
11173,134077,6,2,2,true
11251,202519,9,2,1,true
11257,112571,5,2,1,true
11273,135277,6,2,1,true
11279,135349,6,2,1,true
11317,113171,5,2,1,true
11351,204319,9,2,1,true
11383,182129,8,2,2,true
11447,206047,9,2,3,true
11467,114671,5,2,2,true
11489,206803,9,2,2,true
11593,115931,5,2,1,true
11597,162359,7,2,1,true
11617,185873,8,2,1,true
11621,209179,9,2,1,true
11657,163199,7,2,2,true
11677,210187,9,2,1,true
11689,210403,9,2,3,true
11717,164039,7,2,1,true
11789,165047,7,2,1,true
11801,141613,6,2,2,true
11821,141853,6,2,2,true
11863,142357,6,2,1,true
11903,166643,7,2,3,true
11909,214363,9,2,3,true
11971,143653,6,2,1,true
11987,215767,9,2,1,true
12037,120371,5,2,2,true
12043,120431,5,2,1,true
12097,217747,9,2,1,true
12101,145213,6,2,2,true
12143,170003,7,2,2,true
12163,121631,5,2,1,true
12211,219799,9,2,1,true
12227,171179,7,2,2,true
12269,147229,6,2,1,true
12281,221059,9,2,1,true
12301,147613,6,2,1,true
12347,172859,7,2,1,true
12373,197969,8,2,2,true
12377,222787,9,2,2,true
12379,123791,5,2,1,true
12391,123911,5,2,1,true
12401,223219,9,2,1,true
12413,148957,6,2,1,true
12433,149197,6,2,1,true
12457,199313,8,2,1,true
12497,174959,7,2,1,true
12511,200177,8,2,1,true
12517,225307,9,2,3,true
12539,100313,4,2,1,true
12547,125471,5,2,1,true
12601,126011,5,2,1,true
12613,126131,5,2,2,true
12619,151429,6,2,1,true
12641,151693,6,2,1,true
12689,101513,4,2,1,true
12703,127031,5,2,1,true
12743,178403,7,2,1,true
12757,229627,9,2,2,true
12781,230059,9,2,1,true
12809,179327,7,2,1,true
12829,128291,5,2,1,true
12889,154669,6,2,1,true
12911,103289,4,2,1,true
13033,208529,8,2,1,true
13037,182519,7,2,2,true
13043,182603,7,2,2,true
13099,157189,6,2,1,true
13151,157813,6,2,1,true
13241,238339,9,2,2,true
13249,132491,5,2,1,true
13331,106649,4,2,2,true
13367,106937,4,2,1,true
13399,160789,6,2,2,true
13411,160933,6,2,1,true
13417,214673,8,2,2,true
13441,241939,9,2,1,true
13457,242227,9,2,1,true
13487,107897,4,2,2,true
13513,135131,5,2,1,true
13523,162277,6,2,1,true
13553,189743,7,2,2,true
13597,244747,9,2,1,true
13619,190667,7,2,2,true
13649,245683,9,2,3,true
13679,109433,4,2,1,true
13709,109673,4,2,1,true
13711,219377,8,2,2,true
13721,164653,6,2,1,true
13789,165469,6,2,1,true
13799,165589,6,2,1,true
13829,193607,7,2,1,true
13859,194027,7,2,1,true
13931,167173,6,2,1,true
14057,196799,7,2,1,true
14087,253567,9,2,2,true
14173,141731,5,2,1,true
14177,113417,4,2,1,true
14207,113657,4,2,2,true
14243,199403,7,2,1,true
14249,199487,7,2,2,true
14281,142811,5,2,1,true
14323,171877,6,2,1,true
14327,114617,4,2,1,true
14347,229553,8,2,3,true
14401,259219,9,2,1,true
14407,144071,5,2,1,true
14437,259867,9,2,1,true
14461,144611,5,2,2,true
14503,145031,5,2,2,true
14551,145511,5,2,1,true
14621,116969,4,2,2,true
14627,117017,4,2,1,true
14629,146291,5,2,1,true
14639,204947,7,2,1,true
14653,175837,6,2,2,true
14713,176557,6,2,1,true
14717,206039,7,2,1,true
14737,235793,8,2,2,true
14747,117977,4,2,1,true
14759,206627,7,2,2,true
14767,147671,5,2,2,true
14779,266023,9,2,1,true
14821,237137,8,2,1,true
14843,178117,6,2,1,true
14869,148691,5,2,1,true
14891,178693,6,2,2,true
14969,209567,7,2,1,true
15013,150131,5,2,1,true
15121,272179,9,2,1,true
15139,181669,6,2,2,true
15149,181789,6,2,1,true
15173,212423,7,2,2,true
15187,151871,5,2,1,true
15199,182389,6,2,1,true
15241,182893,6,2,1,true
15287,275167,9,2,1,true
15299,122393,4,2,1,true
15307,153071,5,2,1,true
15319,153191,5,2,1,true
15329,183949,6,2,1,true
15349,184189,6,2,1,true
15359,184309,6,2,1,true
15361,153611,5,2,1,true
15377,123017,4,2,1,true
15427,277687,9,2,2,true
15473,185677,6,2,1,true
15493,185917,6,2,2,true
15497,278947,9,2,1,true
15541,248657,8,2,1,true
15607,156071,5,2,1,true
15641,281539,9,2,1,true
15667,156671,5,2,1,true
15727,157271,5,2,1,true
15737,125897,4,2,1,true
15739,283303,9,2,2,true
15791,189493,6,2,3,true
15797,221159,7,2,1,true
15809,126473,4,2,1,true
15817,284707,9,2,2,true
15823,189877,6,2,2,true
15859,285463,9,2,2,true
15887,222419,7,2,1,true
15919,159191,5,2,1,true
15937,254993,8,2,1,true
15959,191509,6,2,1,true
15973,191677,6,2,1,true
15991,159911,5,2,2,true
16061,128489,4,2,1,true
16069,289243,9,2,1,true
16073,225023,7,2,2,true
16183,194197,6,2,2,true
16229,194749,6,2,1,true
16267,162671,5,2,1,true
16273,162731,5,2,1,true
16319,130553,4,2,1,true
16333,261329,8,2,2,true
16361,294499,9,2,1,true
16369,196429,6,2,1,true
16381,163811,5,2,1,true
16447,164471,5,2,2,true
16453,164531,5,2,1,true
16477,164771,5,2,1,true
16487,230819,7,2,1,true
16529,132233,4,2,1,true
16561,264977,8,2,4,true
16661,199933,6,2,1,true
16703,200437,6,2,1,true
16729,301123,9,2,1,true
16741,100447,3,2,1,true
16747,100483,3,2,1,true
16787,302167,9,2,1,true
16831,201973,6,2,2,true
16871,303679,9,2,1,true
16879,202549,6,2,1,true
16901,135209,4,2,1,true
16903,101419,3,2,1,true
16921,270737,8,2,2,true
16931,135449,4,2,2,true
16937,304867,9,2,2,true
16943,203317,6,2,1,true
16981,203773,6,2,1,true
17011,204133,6,2,2,true
17033,102199,3,2,1,true
17047,306847,9,2,1,true
17077,273233,8,2,1,true
17093,102559,3,2,1,true
17099,239387,7,2,1,true
17107,102643,3,2,1,true
17137,308467,9,2,1,true
17167,171671,5,2,2,true
17189,309403,9,2,1,true
17207,240899,7,2,1,true
17293,207517,6,2,1,true
17317,103903,3,2,1,true
17327,103963,3,2,1,true
17333,207997,6,2,2,true
17387,104323,3,2,1,true
17401,313219,9,2,1,true
17417,243839,7,2,1,true
17431,174311,5,2,1,true
17443,104659,3,2,1,true
17449,174491,5,2,1,true
17467,104803,3,2,1,true
17509,210109,6,2,1,true
17519,210229,6,2,1,true
17569,316243,9,2,2,true
17581,175811,5,2,1,true
17599,175991,5,2,1,true
17609,246527,7,2,1,true
17657,105943,3,2,1,true
17659,176591,5,2,1,true
17707,106243,3,2,1,true
17729,141833,4,2,1,true
17761,319699,9,2,2,true
17783,213397,6,2,2,true
17791,284657,8,2,2,true
17827,106963,3,2,1,true
17839,214069,6,2,1,true
17851,214213,6,2,1,true
17891,107347,3,2,1,true
17903,250643,7,2,1,true
17909,250727,7,2,1,true
17911,107467,3,2,1,true
17971,287537,8,2,3,true
17987,107923,3,2,1,true
18043,288689,8,2,2,true
18047,324847,9,2,1,true
18049,180491,5,2,1,true
18059,252827,7,2,1,true
18077,108463,3,2,1,true
18089,253247,7,2,2,true
18097,325747,9,2,1,true
18119,326143,9,2,2,true
18121,181211,5,2,2,true
18127,290033,8,2,1,true
18133,108799,3,2,2,true
18143,254003,7,2,2,true
18181,290897,8,2,1,true
18191,109147,3,2,2,true
18211,109267,3,2,1,true
18217,109303,3,2,2,true
18229,218749,6,2,1,true
18251,109507,3,2,1,true
18269,255767,7,2,1,true
18287,146297,4,2,1,true
18301,329419,9,2,3,true
18307,109843,3,2,1,true
18313,219757,6,2,1,true
18371,330679,9,2,1,true
18379,330823,9,2,2,true
18401,147209,4,2,1,true
18413,110479,3,2,1,true
18427,110563,3,2,2,true
18451,221413,6,2,2,true
18457,184571,5,2,1,true
18481,221773,6,2,1,true
18517,111103,3,2,1,true
18521,111127,3,2,1,true
18539,259547,7,2,1,true
18541,222493,6,2,1,true
18583,185831,5,2,1,true
18617,335107,9,2,1,true
18671,336079,9,2,1,true
18701,112207,3,2,1,true
18713,261983,7,2,2,true
18719,224629,6,2,1,true
18743,112459,3,2,1,true
18757,112543,3,2,2,true
18787,338167,9,2,4,true
18793,112759,3,2,1,true
18797,150377,4,2,1,true
18869,264167,7,2,1,true
18899,340183,9,2,3,true
18911,113467,3,2,1,true
18917,151337,4,2,1,true
18959,151673,4,2,1,true
19001,228013,6,2,1,true
19069,343243,9,2,2,true
19081,190811,5,2,2,true
19087,190871,5,2,1,true
19141,114847,3,2,1,true
19157,268199,7,2,1,true
19181,345259,9,2,2,true
19213,115279,3,2,1,true
19219,192191,5,2,1,true
19231,230773,6,2,1,true
19259,231109,6,2,2,true
19273,231277,6,2,2,true
19309,231709,6,2,2,true
19379,232549,6,2,1,true
19381,193811,5,2,1,true
19417,349507,9,2,1,true
19421,349579,9,2,1,true
19441,349939,9,2,2,true
19457,155657,4,2,1,true
19463,233557,6,2,1,true
19469,272567,7,2,1,true
19471,116827,3,2,1,true
19477,194771,5,2,1,true
19489,194891,5,2,1,true
19507,117043,3,2,1,true
19531,195311,5,2,1,true
19583,274163,7,2,2,true
19597,195971,5,2,1,true
19681,354259,9,2,1,true
19687,196871,5,2,1,true
19709,354763,9,2,2,true
19763,237157,6,2,1,true
1979,106867,27,2,4,true
19801,316817,8,2,1,true
19841,119047,3,2,1,true
19843,317489,8,2,1,true
19853,238237,6,2,1,true
19861,317777,8,2,1,true
19889,159113,4,2,2,true
19927,318833,8,2,2,true
19937,279119,7,2,1,true
19949,239389,6,2,1,true
19961,359299,9,2,1,true
19973,119839,3,2,1,true
19979,159833,4,2,1,true
19997,159977,4,2,2,true
20023,200231,5,2,1,true
20029,240349,6,2,1,true
20047,120283,3,2,1,true
20051,160409,4,2,1,true
20063,280883,7,2,2,true
20071,240853,6,2,2,true
20101,201011,5,2,2,true
2011,116639,29,2,5,true
20117,362107,9,2,1,true
20123,120739,3,2,1,true
20129,281807,7,2,2,true
20149,201491,5,2,1,true
20173,121039,3,2,1,true
20183,282563,7,2,2,true
20201,242413,6,2,1,true
20219,161753,4,2,1,true
20231,242773,6,2,1,true
20249,283487,7,2,3,true
20297,284159,7,2,1,true
20327,121963,3,2,1,true
20353,203531,5,2,1,true
20399,163193,4,2,1,true
20431,245173,6,2,2,true
20443,204431,5,2,2,true
20483,286763,7,2,1,true
20521,123127,3,2,1,true
20543,123259,3,2,1,true
20551,123307,3,2,1,true
20563,123379,3,2,1,true
20599,205991,5,2,1,true
20611,123667,3,2,1,true
20641,206411,5,2,1,true
20663,123979,3,2,1,true
20681,165449,4,2,2,true
20717,124303,3,2,1,true
20719,207191,5,2,1,true
20731,331697,8,2,1,true
20743,331889,8,2,2,true
20747,373447,9,2,1,true
20807,166457,4,2,1,true
20849,291887,7,2,1,true
20857,333713,8,2,1,true
20873,292223,7,2,1,true
20903,250837,6,2,1,true
20921,125527,3,2,2,true
20947,125683,3,2,1,true
21001,378019,9,2,3,true
21019,210191,5,2,1,true
21023,252277,6,2,1,true
21059,252709,6,2,1,true
21061,336977,8,2,1,true
21067,210671,5,2,1,true
21089,168713,4,2,2,true
21107,379927,9,2,1,true
21121,380179,9,2,1,true
21143,126859,3,2,1,true
21169,211691,5,2,1,true
21187,338993,8,2,2,true
21191,381439,9,2,1,true
21193,211931,5,2,1,true
21227,169817,4,2,2,true
21269,382843,9,2,1,true
2129,106451,25,2,3,true
21313,213131,5,2,1,true
21341,128047,3,2,2,true
2137,115399,27,2,2,true
21391,128347,3,2,1,true
21401,256813,6,2,1,true
21407,299699,7,2,1,true
21481,214811,5,2,1,true
21487,128923,3,2,1,true
21491,171929,4,2,1,true
21493,128959,3,2,1,true
21499,257989,6,2,1,true
21521,172169,4,2,2,true
21523,258277,6,2,1,true
21569,172553,4,2,1,true
21587,388567,9,2,1,true
21647,173177,4,2,1,true
21661,129967,3,2,1,true
21673,216731,5,2,2,true
21701,260413,6,2,2,true
21713,130279,3,2,2,true
21727,130363,3,2,1,true
21737,130423,3,2,1,true
21751,348017,8,2,2,true
21757,391627,9,2,1,true
21773,130639,3,2,1,true
21821,174569,4,2,2,true
21839,393103,9,2,2,true
21863,306083,7,2,1,true
21929,175433,4,2,1,true
21937,219371,5,2,1,true
21961,263533,6,2,1,true
22003,132019,3,2,1,true
22037,396667,9,2,2,true
22039,220391,5,2,1,true
22051,352817,8,2,2,true
22067,176537,4,2,2,true
22073,132439,3,2,1,true
22079,264949,6,2,2,true
22091,132547,3,2,1,true
22093,265117,6,2,2,true
22109,397963,9,2,1,true
22111,132667,3,2,1,true
22123,132739,3,2,2,true
22129,398323,9,2,1,true
22159,398863,9,2,1,true
22171,354737,8,2,2,true
22189,399403,9,2,3,true
22273,222731,5,2,1,true
22291,267493,6,2,1,true
22307,133843,3,2,1,true
22381,134287,3,2,1,true
22409,313727,7,2,3,true
22447,134683,3,2,1,true
22481,179849,4,2,3,true
22483,224831,5,2,1,true
22511,270133,6,2,1,true
22567,225671,5,2,2,true
22571,135427,3,2,1,true
22613,271357,6,2,1,true
22619,271429,6,2,1,true
22637,316919,7,2,1,true
22643,135859,3,2,1,true
22651,226511,5,2,1,true
22669,226691,5,2,2,true
22679,408223,9,2,1,true
22699,226991,5,2,1,true
22709,408763,9,2,1,true
22717,136303,3,2,1,true
22721,136327,3,2,1,true
22727,318179,7,2,1,true
22739,181913,4,2,1,true
22777,364433,8,2,1,true
22787,182297,4,2,1,true
22811,182489,4,2,1,true
22817,319439,7,2,2,true
22853,274237,6,2,3,true
22859,320027,7,2,1,true
22861,228611,5,2,1,true
22871,182969,4,2,1,true
22901,412219,9,2,1,true
22907,137443,3,2,1,true
22921,275053,6,2,1,true
22937,137623,3,2,1,true
22961,413299,9,2,1,true
22973,275677,6,2,1,true
22993,275917,6,2,1,true
23039,414703,9,2,1,true
23053,138319,3,2,1,true
23071,138427,3,2,1,true
23081,184649,4,2,1,true
23131,416359,9,2,1,true
23143,231431,5,2,1,true
23167,417007,9,2,3,true
23189,278269,6,2,1,true
23203,278437,6,2,1,true
23209,232091,5,2,1,true
23227,371633,8,2,1,true
23291,139747,3,2,1,true
23293,139759,3,2,1,true
23297,186377,4,2,1,true
23339,280069,6,2,2,true
23357,140143,3,2,1,true
23371,140227,3,2,1,true
2341,107687,23,2,4,true
23417,187337,4,2,1,true
23497,140983,3,2,1,true
23509,235091,5,2,1,true
23531,423559,9,2,2,true
23537,329519,7,2,2,true
23549,282589,6,2,1,true
23567,141403,3,2,1,true
23581,235811,5,2,1,true
23627,189017,4,2,1,true
23663,283957,6,2,1,true
23689,236891,5,2,1,true
23741,189929,4,2,1,true
23743,379889,8,2,2,true
23747,427447,9,2,2,true
23761,142567,3,2,1,true
23789,285469,6,2,2,true
23801,190409,4,2,1,true
23827,142963,3,2,1,true
23831,190649,4,2,1,true
23833,238331,5,2,1,true
23869,429643,9,2,2,true
23873,143239,3,2,1,true
23879,191033,4,2,1,true
23911,143467,3,2,1,true
23917,239171,5,2,2,true
23957,143743,3,2,1,true
23971,143827,3,2,1,true
23977,383633,8,2,1,true
24001,240011,5,2,1,true
24007,384113,8,2,1,true
24019,432343,9,2,1,true
24023,144139,3,2,1,true
24029,192233,4,2,1,true
24061,288733,6,2,1,true
24071,288853,6,2,2,true
24083,288997,6,2,1,true
24097,144583,3,2,1,true
24109,289309,6,2,1,true
24113,337583,7,2,1,true
24121,434179,9,2,2,true
24137,337919,7,2,1,true
24151,241511,5,2,1,true
24169,241691,5,2,1,true
24179,193433,4,2,1,true
24181,241811,5,2,1,true
24197,193577,4,2,1,true
24251,291013,6,2,1,true
24317,145903,3,2,1,true
24337,146023,3,2,1,true
24359,292309,6,2,1,true
24373,146239,3,2,1,true
24391,146347,3,2,1,true
24419,195353,4,2,1,true
24421,146527,3,2,1,true
24439,293269,6,2,1,true
24443,342203,7,2,1,true
24473,293677,6,2,2,true
24481,293773,6,2,1,true
24517,441307,9,2,2,true
24527,147163,3,2,1,true
24533,294397,6,2,1,true
24547,245471,5,2,2,true
24571,245711,5,2,1,true
24631,147787,3,2,1,true
24659,197273,4,2,1,true
24677,148063,3,2,1,true
24691,148147,3,2,1,true
24697,246971,5,2,1,true
2473,103867,21,2,2,true
24733,148399,3,2,1,true
24763,148579,3,2,2,true
24767,346739,7,2,1,true
24799,247991,5,2,1,true
24841,298093,6,2,1,true
24851,298213,6,2,1,true
24877,398033,8,2,1,true
24889,248891,5,2,1,true
24917,149503,3,2,1,true
24919,299029,6,2,1,true
24923,348923,7,2,1,true
24943,299317,6,2,1,true
24953,349343,7,2,1,true
24967,149803,3,2,1,true
24971,299653,6,2,3,true
24979,299749,6,2,1,true
25033,300397,6,2,1,true
25037,150223,3,2,1,true
25073,351023,7,2,4,true
25087,150523,3,2,1,true
25097,150583,3,2,1,true
25127,351779,7,2,1,true
25147,150883,3,2,1,true
25163,150979,3,2,1,true
25169,352367,7,2,1,true
25171,151027,3,2,1,true
25183,100733,2,2,1,true
25219,302629,6,2,1,true
25229,201833,4,2,2,true
25237,151423,3,2,1,true
25243,252431,5,2,1,true
25247,151483,3,2,1,true
25261,404177,8,2,2,true
25301,303613,6,2,2,true
25307,455527,9,2,1,true
25339,304069,6,2,1,true
25349,456283,9,2,1,true
25357,456427,9,2,2,true
25367,152203,3,2,1,true
25409,457363,9,2,1,true
25411,406577,8,2,2,true
25423,101693,2,2,1,true
25439,457903,9,2,1,true
25447,407153,8,2,2,true
25457,203657,4,2,1,true
25537,102149,2,2,1,true
25541,204329,4,2,2,true
25561,460099,9,2,1,true
25579,102317,2,2,1,true
25601,153607,3,2,2,true
25609,102437,2,2,1,true
25639,256391,5,2,1,true
25657,410513,8,2,1,true
25679,205433,4,2,1,true
25693,154159,3,2,1,true
25717,257171,5,2,2,true
25741,463339,9,2,1,true
25759,257591,5,2,1,true
25763,154579,3,2,1,true
25771,257711,5,2,1,true
25801,464419,9,2,2,true
25847,155083,3,2,1,true
25849,258491,5,2,1,true
25867,155203,3,2,1,true
25889,207113,4,2,1,true
25903,103613,2,2,1,true
25931,311173,6,2,1,true
25951,467119,9,2,2,true
25969,259691,5,2,1,true
25981,155887,3,2,1,true
25999,103997,2,2,1,true
26003,156019,3,2,1,true
26029,312349,6,2,1,true
26041,260411,5,2,1,true
26107,261071,5,2,1,true
26111,208889,4,2,2,true
26113,156679,3,2,1,true
26141,470539,9,2,1,true
26177,471187,9,2,2,true
26203,157219,3,2,1,true
26227,157363,3,2,1,true
26249,314989,6,2,1,true
26251,262511,5,2,1,true
26263,157579,3,2,1,true
26309,368327,7,2,1,true
26317,105269,2,2,1,true
2633,110587,21,2,2,true
26339,210713,4,2,1,true
26357,158143,3,2,1,true
26371,316453,6,2,2,true
26387,369419,7,2,2,true
26393,158359,3,2,1,true
26399,211193,4,2,1,true
26407,158443,3,2,1,true
26431,422897,8,2,1,true
26459,370427,7,2,2,true
26489,476803,9,2,1,true
26557,265571,5,2,1,true
26573,372023,7,2,2,true
26591,319093,6,2,1,true
26597,478747,9,2,2,true
26647,426353,8,2,1,true
26669,480043,9,2,1,true
26681,213449,4,2,2,true
26687,480367,9,2,1,true
26693,320317,6,2,2,true
26699,480583,9,2,2,true
26713,106853,2,2,1,true
26717,374039,7,2,2,true
26729,213833,4,2,1,true
26737,106949,2,2,1,true
26759,321109,6,2,1,true
26777,160663,3,2,1,true
26783,321397,6,2,1,true
26801,160807,3,2,1,true
26813,321757,6,2,2,true
26821,268211,5,2,1,true
26833,429329,8,2,1,true
26881,268811,5,2,1,true
26921,323053,6,2,2,true
26947,161683,3,2,1,true
26951,323413,6,2,1,true
26959,107837,2,2,1,true
27017,486307,9,2,2,true
27031,270311,5,2,1,true
27043,324517,6,2,1,true
27061,324733,6,2,1,true
27067,433073,8,2,1,true
27073,108293,2,2,1,true
27077,487387,9,2,2,true
27091,325093,6,2,1,true
27103,108413,2,2,1,true
27107,379499,7,2,1,true
27127,488287,9,2,1,true
2713,227893,42,2,5,true
27191,489439,9,2,2,true
27211,489799,9,2,1,true
27239,326869,6,2,1,true
27241,435857,8,2,2,true
27259,109037,2,2,1,true
27271,163627,3,2,1,true
27277,272771,5,2,1,true
27283,109133,2,2,1,true
27329,491923,9,2,1,true
27337,164023,3,2,1,true
27367,109469,2,2,1,true
27397,109589,2,2,1,true
27407,164443,3,2,1,true
27427,274271,5,2,1,true
27431,164587,3,2,1,true
27437,164623,3,2,1,true
27449,384287,7,2,1,true
27457,109829,2,2,1,true
27481,274811,5,2,1,true
27487,274871,5,2,1,true
2749,109961,20,2,2,true
27527,220217,4,2,1,true
27581,496459,9,2,2,true
27583,330997,6,2,1,true
27611,165667,3,2,1,true
27631,442097,8,2,1,true
27647,165883,3,2,1,true
27673,442769,8,2,1,true
27691,166147,3,2,1,true
27697,166183,3,2,1,true
27733,110933,2,2,1,true
27737,499267,9,2,2,true
27743,388403,7,2,2,true
27763,111053,2,2,1,true
27767,222137,4,2,2,true
27773,388823,7,2,2,true
27791,222329,4,2,1,true
27823,445169,8,2,1,true
2789,105983,19,2,3,true
27901,446417,8,2,2,true
27917,223337,4,2,1,true
27943,111773,2,2,1,true
27947,167683,3,2,1,true
27967,111869,2,2,1,true
27997,503947,9,2,1,true
28019,224153,4,2,2,true
28031,336373,6,2,1,true
28069,336829,6,2,1,true
28081,280811,5,2,1,true
28087,112349,2,2,1,true
28099,337189,6,2,2,true
28163,337957,6,2,1,true
28183,338197,6,2,1,true
2819,107123,19,2,3,true
28219,112877,2,2,1,true
28277,226217,4,2,1,true
28279,509023,9,2,2,true
28307,169843,3,2,1,true
28309,509563,9,2,1,true
28349,396887,7,2,1,true
28351,283511,5,2,1,true
2837,192917,34,2,5,true
28411,340933,6,2,2,true
28429,113717,2,2,1,true
2843,125093,22,2,2,true
28447,512047,9,2,1,true
28463,341557,6,2,1,true
28477,113909,2,2,1,true
28493,398903,7,2,1,true
28499,227993,4,2,2,true
28549,114197,2,2,1,true
28573,285731,5,2,2,true
28579,342949,6,2,1,true
28597,514747,9,2,3,true
28619,228953,4,2,1,true
28627,171763,3,2,1,true
28649,401087,7,2,1,true
28687,114749,2,2,1,true
28703,172219,3,2,1,true
28711,459377,8,2,1,true
28729,344749,6,2,2,true
28753,115013,2,2,1,true
28759,345109,6,2,1,true
28771,460337,8,2,1,true
28807,460913,8,2,1,true
28817,403439,7,2,1,true
28837,173023,3,2,1,true
28843,173059,3,2,1,true
28871,230969,4,2,1,true
28909,115637,2,2,1,true
28933,173599,3,2,2,true
28949,405287,7,2,2,true
28961,347533,6,2,2,true
29009,232073,4,2,1,true
29021,348253,6,2,2,true
29027,232217,4,2,1,true
29059,348709,6,2,1,true
29063,348757,6,2,1,true
29077,523387,9,2,1,true
2909,110543,19,2,3,true
29123,349477,6,2,1,true
29137,116549,2,2,1,true
29191,350293,6,2,1,true
29207,525727,9,2,1,true
29209,292091,5,2,1,true
29221,175327,3,2,1,true
29231,526159,9,2,1,true
29269,351229,6,2,1,true
29297,175783,3,2,1,true
29303,410243,7,2,1,true
29311,527599,9,2,2,true
29339,234713,4,2,2,true
29363,176179,3,2,2,true
29383,176299,3,2,1,true
29387,528967,9,2,1,true
29399,529183,9,2,1,true
29401,352813,6,2,1,true
29411,176467,3,2,1,true
29423,411923,7,2,1,true
29429,353149,6,2,1,true
29443,117773,2,2,1,true
29473,294731,5,2,1,true
29501,177007,3,2,1,true
29527,295271,5,2,1,true
29537,177223,3,2,1,true
29569,354829,6,2,2,true
29581,177487,3,2,1,true
29587,295871,5,2,1,true
29599,532783,9,2,1,true
29611,532999,9,2,1,true
29629,355549,6,2,1,true
2963,124447,21,2,3,true
29663,177979,3,2,1,true
29669,534043,9,2,1,true
29683,356197,6,2,2,true
2971,124783,21,2,4,true
29741,178447,3,2,1,true
29753,416543,7,2,1,true
29761,178567,3,2,1,true
29789,238313,4,2,1,true
29803,298031,5,2,2,true
29819,357829,6,2,1,true
29833,357997,6,2,1,true
29837,417719,7,2,1,true
29851,179107,3,2,1,true
29863,298631,5,2,1,true
29867,179203,3,2,1,true
29881,179287,3,2,1,true
29917,299171,5,2,1,true
29921,179527,3,2,1,true
29927,179563,3,2,1,true
29947,299471,5,2,1,true
29959,359509,6,2,1,true
29983,179899,3,2,1,true
30011,240089,4,2,1,true
30071,360853,6,2,1,true
30089,361069,6,2,1,true
30103,120413,2,2,1,true
30113,180679,3,2,1,true
30119,240953,4,2,1,true
30133,180799,3,2,1,true
30137,542467,9,2,1,true
30169,120677,2,2,1,true
30187,181123,3,2,2,true
30197,422759,7,2,2,true
30203,181219,3,2,1,true
30241,302411,5,2,1,true
30253,121013,2,2,1,true
30271,544879,9,2,2,true
30293,424103,7,2,2,true
30313,363757,6,2,1,true
30319,363829,6,2,1,true
30341,242729,4,2,2,true
30403,486449,8,2,1,true
3041,145969,24,2,4,true
30427,486833,8,2,1,true
30431,182587,3,2,1,true
30449,548083,9,2,3,true
30467,182803,3,2,1,true
30493,487889,8,2,1,true
30517,122069,2,2,1,true
30529,122117,2,2,1,true
30557,244457,4,2,2,true
30559,550063,9,2,1,true
30577,305771,5,2,1,true
30593,428303,7,2,1,true
30631,367573,6,2,1,true
30649,122597,2,2,1,true
30703,307031,5,2,1,true
30727,491633,8,2,1,true
30757,492113,8,2,1,true
30773,430823,7,2,2,true
3079,147793,24,2,2,true
30817,123269,2,2,1,true
30829,308291,5,2,1,true
3083,110989,18,2,2,true
30841,308411,5,2,1,true
30869,432167,7,2,1,true
30871,493937,8,2,1,true
30911,556399,9,2,2,true
30931,309311,5,2,1,true
30937,309371,5,2,1,true
30941,247529,4,2,1,true
30949,371389,6,2,1,true
30977,433679,7,2,1,true
31019,434267,7,2,2,true
31033,124133,2,2,1,true
31039,558703,9,2,1,true
31051,310511,5,2,1,true
31069,124277,2,2,1,true
31079,435107,7,2,1,true
31081,372973,6,2,1,true
31121,186727,3,2,1,true
31123,124493,2,2,1,true
31139,435947,7,2,2,true
31147,186883,3,2,1,true
31159,373909,6,2,1,true
31177,498833,8,2,1,true
31193,374317,6,2,1,true
3121,162293,26,2,4,true
31219,561943,9,2,1,true
31223,374677,6,2,2,true
31231,312311,5,2,2,true
31237,312371,5,2,2,true
31249,374989,6,2,1,true
31259,562663,9,2,2,true
31271,375253,6,2,2,true
31277,562987,9,2,1,true
31307,187843,3,2,1,true
31319,438467,7,2,2,true
31321,187927,3,2,1,true
31333,375997,6,2,2,true
31357,125429,2,2,1,true
31379,251033,4,2,1,true
31387,188323,3,2,1,true
31397,251177,4,2,1,true
31477,314771,5,2,2,true
31531,189187,3,2,1,true
31567,315671,5,2,1,true
31607,442499,7,2,2,true
31627,316271,5,2,1,true
31643,189859,3,2,1,true
31657,316571,5,2,1,true
31663,506609,8,2,2,true
3167,114013,18,2,1,true
3169,126761,20,2,3,true
31721,253769,4,2,2,true
31723,190339,3,2,1,true
31727,444179,7,2,1,true
31741,317411,5,2,1,true
31769,444767,7,2,1,true
31771,317711,5,2,1,true
31793,190759,3,2,2,true
31817,572707,9,2,2,true
31847,254777,4,2,1,true
31849,382189,6,2,1,true
31873,127493,2,2,1,true
31883,191299,3,2,1,true
31891,318911,5,2,1,true
3191,178697,28,2,3,true
31963,383557,6,2,1,true
31981,319811,5,2,1,true
32029,320291,5,2,1,true
32051,192307,3,2,1,true
32057,192343,3,2,1,true
32059,128237,2,2,1,true
32063,384757,6,2,1,true
32077,192463,3,2,1,true
32083,192499,3,2,1,true
32089,385069,6,2,1,true
32119,128477,2,2,1,true
32143,192859,3,2,1,true
3217,154417,24,2,3,true
32173,128693,2,2,1,true
32203,128813,2,2,1,true
3221,122399,19,2,2,true
32257,322571,5,2,1,true
32321,387853,6,2,2,true
32323,193939,3,2,2,true
32327,258617,4,2,1,true
32341,517457,8,2,1,true
32353,194119,3,2,1,true
32359,323591,5,2,1,true
32363,194179,3,2,1,true
32371,323711,5,2,1,true
32377,129509,2,2,1,true
32401,324011,5,2,1,true
32413,194479,3,2,1,true
32423,453923,7,2,1,true
32429,389149,6,2,1,true
32441,194647,3,2,1,true
32443,324431,5,2,2,true
32479,129917,2,2,1,true
32507,195043,3,2,1,true
3251,104033,16,2,2,true
32563,521009,8,2,3,true
32569,390829,6,2,2,true
32573,390877,6,2,2,true
32587,130349,2,2,1,true
32611,521777,8,2,1,true
32621,260969,4,2,1,true
32647,130589,2,2,1,true
32653,195919,3,2,1,true
32693,196159,3,2,1,true
32707,327071,5,2,2,true
32717,196303,3,2,1,true
32749,327491,5,2,1,true
32803,131213,2,2,1,true
32833,328331,5,2,1,true
32839,131357,2,2,1,true
32869,131477,2,2,1,true
32909,263273,4,2,1,true
32911,329111,5,2,1,true
32917,592507,9,2,1,true
32933,197599,3,2,2,true
32939,592903,9,2,3,true
32941,197647,3,2,1,true
32957,263657,4,2,1,true
32971,329711,5,2,1,true
32983,527729,8,2,2,true
32993,197959,3,2,1,true
33013,330131,5,2,1,true
33023,198139,3,2,2,true
33029,594523,9,2,2,true
33037,594667,9,2,2,true
33071,198427,3,2,1,true
33073,198439,3,2,1,true
33091,397093,6,2,1,true
33107,595927,9,2,1,true
33119,397429,6,2,2,true
33149,265193,4,2,1,true
33161,198967,3,2,1,true
33179,398149,6,2,2,true
33203,464843,7,2,1,true
33211,199267,3,2,1,true
33223,531569,8,2,2,true
33247,199483,3,2,2,true
33287,266297,4,2,1,true
33289,133157,2,2,1,true
33301,199807,3,2,1,true
33311,266489,4,2,1,true
33347,600247,9,2,2,true
33349,600283,9,2,2,true
33359,600463,9,2,1,true
33377,267017,4,2,1,true
33391,601039,9,2,2,true
33403,400837,6,2,2,true
33413,467783,7,2,1,true
33469,133877,2,2,1,true
33487,133949,2,2,1,true
33493,401917,6,2,2,true
33503,402037,6,2,1,true
33547,603847,9,2,1,true
33563,402757,6,2,1,true
33577,335771,5,2,1,true
33589,604603,9,2,1,true
33601,604819,9,2,1,true
33617,268937,4,2,1,true
33629,403549,6,2,1,true
33641,201847,3,2,1,true
33647,269177,4,2,1,true
33679,606223,9,2,1,true
33703,202219,3,2,1,true
33721,202327,3,2,1,true
33739,607303,9,2,1,true
33751,337511,5,2,1,true
33757,135029,2,2,1,true
33769,135077,2,2,1,true
33791,270329,4,2,2,true
33797,473159,7,2,1,true
33827,473579,7,2,1,true
33829,405949,6,2,1,true
33871,203227,3,2,1,true
3389,203341,30,2,2,true
33893,406717,6,2,1,true
33923,474923,7,2,1,true
33937,610867,9,2,1,true
33961,203767,3,2,1,true
34019,408229,6,2,1,true
34031,272249,4,2,1,true
34033,136133,2,2,1,true
34061,613099,9,2,2,true
34147,546353,8,2,1,true
34157,478199,7,2,1,true
34159,614863,9,2,2,true
34183,136733,2,2,1,true
34211,205267,3,2,1,true
34213,342131,5,2,1,true
34267,205603,3,2,1,true
34297,205783,3,2,1,true
34301,411613,6,2,1,true
34303,411637,6,2,1,true
34313,205879,3,2,1,true
34327,205963,3,2,1,true
34337,274697,4,2,1,true
34351,412213,6,2,1,true
34361,274889,4,2,1,true
34367,206203,3,2,1,true
34403,206419,3,2,1,true
34421,413053,6,2,2,true
34429,344291,5,2,1,true
34457,275657,4,2,1,true
34471,413653,6,2,2,true
34483,551729,8,2,2,true
34487,482819,7,2,3,true
34513,138053,2,2,1,true
34549,138197,2,2,1,true
34589,415069,6,2,1,true
34591,207547,3,2,1,true
34603,207619,3,2,1,true
34607,207643,3,2,1,true
34613,207679,3,2,1,true
34651,554417,8,2,1,true
34673,485423,7,2,2,true
34679,416149,6,2,1,true
34729,138917,2,2,1,true
34747,555953,8,2,1,true
34757,625627,9,2,1,true
34759,625663,9,2,2,true
34819,348191,5,2,1,true
34843,557489,8,2,2,true
34849,418189,6,2,2,true
34877,209263,3,2,1,true
34897,139589,2,2,1,true
34961,209767,3,2,1,true
34981,209887,3,2,1,true
35023,210139,3,2,1,true
35051,420613,6,2,2,true
35053,210319,3,2,1,true
35059,140237,2,2,1,true
35069,490967,7,2,2,true
35083,210499,3,2,2,true
35099,421189,6,2,2,true
35107,561713,8,2,2,true
35117,491639,7,2,1,true
35129,281033,4,2,1,true
35159,281273,4,2,1,true
35171,633079,9,2,1,true
35201,281609,4,2,1,true
35251,211507,3,2,1,true
35257,211543,3,2,1,true
35281,564497,8,2,1,true
35311,211867,3,2,1,true
35317,141269,2,2,1,true
35339,282713,4,2,1,true
35353,353531,5,2,2,true
35381,424573,6,2,1,true
35401,566417,8,2,1,true
35407,141629,2,2,1,true
35419,141677,2,2,1,true
35437,354371,5,2,1,true
35447,212683,3,2,1,true
35461,425533,6,2,1,true
35491,354911,5,2,1,true
35507,284057,4,2,2,true
35521,355211,5,2,1,true
35533,355331,5,2,1,true
35603,427237,6,2,1,true
35617,142469,2,2,1,true
35671,642079,9,2,2,true
35677,214063,3,2,1,true
35747,214483,3,2,1,true
35753,214519,3,2,1,true
35759,286073,4,2,1,true
35837,286697,4,2,1,true
35863,430357,6,2,2,true
35869,143477,2,2,1,true
35897,646147,9,2,1,true
35899,430789,6,2,1,true
35911,359111,5,2,1,true
35923,359231,5,2,1,true
35963,503483,7,2,1,true
35977,215863,3,2,2,true
35983,215899,3,2,1,true
36011,288089,4,2,1,true
36061,360611,5,2,1,true
3607,108211,15,2,3,true
36109,361091,5,2,1,true
36131,289049,4,2,2,true
36137,505919,7,2,1,true
36161,216967,3,2,1,true
3617,137447,19,2,2,true
36209,434509,6,2,1,true
36217,579473,8,2,1,true
36229,144917,2,2,1,true
36263,217579,3,2,1,true
36277,145109,2,2,1,true
36299,290393,4,2,1,true
36307,580913,8,2,1,true
36313,145253,2,2,1,true
36319,653743,9,2,1,true
36373,363731,5,2,1,true
36389,655003,9,2,2,true
36433,218599,3,2,1,true
36451,656119,9,2,2,true
36473,218839,3,2,1,true
36479,291833,4,2,2,true
36523,365231,5,2,2,true
36529,146117,2,2,1,true
36541,365411,5,2,1,true
36559,365591,5,2,1,true
36571,438853,6,2,1,true
3659,175633,24,2,3,true
36599,292793,4,2,1,true
36637,659467,9,2,2,true
36691,587057,8,2,2,true
36709,440509,6,2,2,true
36721,220327,3,2,1,true
3673,132229,18,2,2,true
36739,367391,5,2,1,true
36749,661483,9,2,2,true
36767,514739,7,2,1,true
36779,441349,6,2,1,true
36781,220687,3,2,1,true
36791,220747,3,2,2,true
36793,441517,6,2,1,true
36833,515663,7,2,1,true
36847,221083,3,2,1,true
36871,221227,3,2,1,true
36877,663787,9,2,2,true
36899,442789,6,2,1,true
36913,590609,8,2,1,true
36931,221587,3,2,1,true
36943,147773,2,2,1,true
36947,665047,9,2,1,true
36973,369731,5,2,1,true
36979,369791,5,2,1,true
37003,592049,8,2,2,true
37021,222127,3,2,1,true
37039,148157,2,2,1,true
37057,148229,2,2,1,true
37061,222367,3,2,1,true
3709,111271,15,2,3,true
37097,519359,7,2,1,true
37117,148469,2,2,1,true
37123,445477,6,2,1,true
37171,446053,6,2,1,true
37199,446389,6,2,1,true
37201,223207,3,2,1,true
37217,223303,3,2,1,true
37223,223339,3,2,1,true
37273,596369,8,2,1,true
37307,223843,3,2,1,true
37309,373091,5,2,1,true
37313,522383,7,2,2,true
37321,373211,5,2,1,true
3733,373301,50,2,6,true
37337,522719,7,2,1,true
37363,373631,5,2,1,true
37423,449077,6,2,1,true
37447,224683,3,2,1,true
37463,449557,6,2,1,true
37483,449797,6,2,1,true
37511,300089,4,2,2,true
37517,300137,4,2,1,true
37529,300233,4,2,1,true
37537,225223,3,2,1,true
37549,150197,2,2,1,true
37561,676099,9,2,1,true
37571,676279,9,2,3,true
37579,450949,6,2,1,true
37591,451093,6,2,1,true
37607,300857,4,2,1,true
37643,225859,3,2,1,true
37657,602513,8,2,2,true
37663,376631,5,2,1,true
3769,105533,14,2,4,true
37691,452293,6,2,1,true
37699,150797,2,2,1,true
37717,377171,5,2,2,true
37747,150989,2,2,1,true
37783,604529,8,2,2,true
37813,453757,6,2,2,true
37861,227167,3,2,1,true
37879,151517,2,2,1,true
37889,530447,7,2,1,true
37897,682147,9,2,1,true
37907,303257,4,2,1,true
37951,227707,3,2,1,true
37957,227743,3,2,1,true
37963,455557,6,2,1,true
37967,683407,9,2,1,true
37993,607889,8,2,2,true
38011,608177,8,2,1,true
3803,121697,16,2,2,true
38047,152189,2,2,1,true
38053,152213,2,2,1,true
38069,304553,4,2,1,true
38119,686143,9,2,1,true
38149,152597,2,2,1,true
38153,457837,6,2,1,true
38167,229003,3,2,1,true
38183,458197,6,2,2,true
38231,688159,9,2,3,true
38237,229423,3,2,1,true
38273,229639,3,2,1,true
38281,459373,6,2,1,true
38287,689167,9,2,2,true
38299,689383,9,2,1,true
38317,229903,3,2,2,true
38329,383291,5,2,1,true
3833,229981,30,2,1,true
38351,230107,3,2,1,true
38371,230227,3,2,1,true
38377,153509,2,2,1,true
38447,230683,3,2,1,true
38461,230767,3,2,1,true
3851,138637,18,2,3,true
38557,154229,2,2,1,true
38561,462733,6,2,3,true
38567,308537,4,2,1,true
38593,154373,2,2,1,true
38603,463237,6,2,1,true
38611,617777,8,2,1,true
38629,695323,9,2,2,true
38653,231919,3,2,2,true
38707,387071,5,2,1,true
38713,464557,6,2,1,true
38723,542123,7,2,2,true
38729,542207,7,2,2,true
38737,387371,5,2,1,true
38747,697447,9,2,2,true
3877,108557,14,2,1,true
38791,698239,9,2,3,true
38803,232819,3,2,1,true
38821,698779,9,2,2,true
38839,466069,6,2,2,true
38851,621617,8,2,1,true
38891,233347,3,2,2,true
38903,233419,3,2,1,true
38917,389171,5,2,1,true
38933,467197,6,2,3,true
38953,467437,6,2,2,true
38971,623537,8,2,1,true
38977,623633,8,2,1,true
39019,390191,5,2,1,true
39023,468277,6,2,2,true
39041,468493,6,2,1,true
39043,234259,3,2,1,true
39079,390791,5,2,1,true
39103,391031,5,2,1,true
39107,312857,4,2,1,true
39119,469429,6,2,1,true
39133,234799,3,2,1,true
39161,234967,3,2,1,true
39163,391631,5,2,2,true
39199,156797,2,2,1,true
39209,705763,9,2,2,true
39229,470749,6,2,1,true
39313,157253,2,2,1,true
39317,550439,7,2,1,true
39341,708139,9,2,1,true
39359,472309,6,2,1,true
39367,629873,8,2,2,true
39373,472477,6,2,1,true
39383,472597,6,2,1,true
39409,157637,2,2,1,true
39443,236659,3,2,2,true
39451,710119,9,2,2,true
39461,710299,9,2,2,true
39503,474037,6,2,2,true
39509,316073,4,2,1,true
39511,237067,3,2,1,true
39563,237379,3,2,1,true
39581,237487,3,2,1,true
39607,158429,2,2,1,true
39631,396311,5,2,1,true
39659,713863,9,2,2,true
3967,214219,27,2,3,true
39679,714223,9,2,1,true
39703,635249,8,2,1,true
39719,714943,9,2,2,true
39727,715087,9,2,3,true
39733,635729,8,2,1,true
39749,476989,6,2,1,true
39761,715699,9,2,1,true
39769,715843,9,2,2,true
39799,716383,9,2,1,true
39821,318569,4,2,1,true
39839,318713,4,2,1,true
39841,717139,9,2,1,true
39847,159389,2,2,1,true
39863,239179,3,2,1,true
39877,239263,3,2,1,true
39887,717967,9,2,2,true
39901,478813,6,2,1,true
39929,718723,9,2,2,true
39937,239623,3,2,1,true
39979,479749,6,2,1,true
40031,480373,6,2,1,true
40039,400391,5,2,1,true
40099,160397,2,2,1,true
40123,240739,3,2,1,true
40127,240763,3,2,1,true
40129,481549,6,2,1,true
40163,562283,7,2,1,true
40169,723043,9,2,2,true
40177,642833,8,2,3,true
40189,160757,2,2,1,true
40231,482773,6,2,1,true
40237,402371,5,2,1,true
40253,563543,7,2,1,true
40277,241663,3,2,1,true
40343,242059,3,2,2,true
40351,403511,5,2,1,true
40387,646193,8,2,1,true
40429,161717,2,2,1,true
40487,242923,3,2,1,true
40499,566987,7,2,1,true
40507,405071,5,2,1,true
40529,486349,6,2,1,true
40543,243259,3,2,1,true
40577,324617,4,2,1,true
40583,568163,7,2,1,true
40591,649457,8,2,2,true
40597,730747,9,2,3,true
40627,406271,5,2,1,true
40639,162557,2,2,1,true
40697,569759,7,2,1,true
40709,569927,7,2,2,true
40759,489109,6,2,1,true
40763,570683,7,2,3,true
40787,571019,7,2,1,true
40819,734743,9,2,1,true
40841,735139,9,2,1,true
40849,735283,9,2,2,true
40879,163517,2,2,1,true
40883,245299,3,2,1,true
40897,245383,3,2,1,true
40903,163613,2,2,1,true
4091,106367,13,2,2,true
40927,409271,5,2,2,true
40933,163733,2,2,1,true
40939,736903,9,2,2,true
40949,737083,9,2,2,true
40993,163973,2,2,1,true
41017,410171,5,2,1,true
41023,410231,5,2,2,true
41039,574547,7,2,1,true
41051,738919,9,2,1,true
41057,246343,3,2,1,true
41077,164309,2,2,1,true
4111,147997,18,2,4,true
41131,493573,6,2,3,true
41149,411491,5,2,1,true
41161,411611,5,2,1,true
41177,741187,9,2,1,true
41183,247099,3,2,1,true
41189,494269,6,2,1,true
41201,494413,6,2,1,true
41203,412031,5,2,1,true
41213,247279,3,2,1,true
41221,412211,5,2,1,true
41243,494917,6,2,2,true
41263,247579,3,2,1,true
41281,743059,9,2,1,true
41299,495589,6,2,1,true
41333,247999,3,2,1,true
41357,330857,4,2,1,true
41381,744859,9,2,2,true
41387,248323,3,2,1,true
41399,496789,6,2,2,true
41413,165653,2,2,1,true
41453,248719,3,2,1,true
41507,581099,7,2,1,true
41513,249079,3,2,1,true
41519,747343,9,2,1,true
41521,249127,3,2,1,true
41539,166157,2,2,1,true
41549,332393,4,2,1,true
41593,415931,5,2,1,true
41597,249583,3,2,1,true
41621,249727,3,2,2,true
41627,249763,3,2,1,true
41641,499693,6,2,1,true
41651,333209,4,2,1,true
41659,749863,9,2,1,true
41681,333449,4,2,1,true
41687,583619,7,2,3,true
41719,417191,5,2,1,true
41737,166949,2,2,1,true
41761,501133,6,2,1,true
41771,751879,9,2,1,true
41801,250807,3,2,1,true
41813,585383,7,2,1,true
41851,418511,5,2,1,true
41863,418631,5,2,2,true
41879,502549,6,2,2,true
41887,251323,3,2,1,true
41893,251359,3,2,1,true
41911,251467,3,2,1,true
41927,586979,7,2,2,true
41941,754939,9,2,1,true
41953,671249,8,2,1,true
41983,671729,8,2,2,true
41999,587987,7,2,2,true
42013,504157,6,2,2,true
42073,504877,6,2,3,true
42083,589163,7,2,1,true
42101,252607,3,2,1,true
42139,758503,9,2,2,true
42157,168629,2,2,1,true
42169,421691,5,2,2,true
4217,101209,12,2,2,true
4219,168761,20,2,1,true
42193,253159,3,2,1,true
42197,759547,9,2,1,true
42209,759763,9,2,1,true
42223,168893,2,2,1,true
42227,337817,4,2,1,true
42257,591599,7,2,2,true
42373,508477,6,2,2,true
42379,423791,5,2,1,true
42391,763039,9,2,2,true
42407,339257,4,2,1,true
42409,424091,5,2,1,true
4243,101833,12,2,1,true
42437,254623,3,2,1,true
42443,254659,3,2,1,true
42451,509413,6,2,1,true
42463,509557,6,2,1,true
42467,254803,3,2,1,true
42487,679793,8,2,1,true
42509,340073,4,2,1,true
4253,127591,15,2,2,true
42569,595967,7,2,1,true
42577,766387,9,2,1,true
42641,767539,9,2,2,true
42643,682289,8,2,2,true
42667,170669,2,2,1,true
42697,426971,5,2,1,true
42703,170813,2,2,1,true
42709,170837,2,2,1,true
42737,256423,3,2,1,true
42743,512917,6,2,2,true
42751,513013,6,2,1,true
42767,256603,3,2,1,true
42787,770167,9,2,2,true
42821,342569,4,2,2,true
42829,171317,2,2,1,true
4283,102793,12,2,2,true
42853,428531,5,2,1,true
42863,514357,6,2,1,true
42901,257407,3,2,1,true
42929,343433,4,2,1,true
42937,686993,8,2,1,true
42943,429431,5,2,1,true
42979,171917,2,2,1,true
42989,343913,4,2,1,true
43003,258019,3,2,1,true
43013,516157,6,2,2,true
43019,774343,9,2,3,true
43037,774667,9,2,1,true
43049,516589,6,2,1,true
43063,516757,6,2,1,true
43093,172373,2,2,1,true
43117,689873,8,2,2,true
43133,517597,6,2,1,true
43177,777187,9,2,2,true
43189,431891,5,2,1,true
43201,777619,9,2,1,true
43207,172829,2,2,1,true
43223,259339,3,2,1,true
43261,778699,9,2,1,true
43271,259627,3,2,1,true
43291,779239,9,2,1,true
43319,346553,4,2,1,true
4337,104089,12,2,2,true
43391,347129,4,2,2,true
43403,260419,3,2,1,true
43411,260467,3,2,1,true
43441,434411,5,2,2,true
43481,347849,4,2,1,true
43487,608819,7,2,1,true
43499,608987,7,2,2,true
43543,522517,6,2,1,true
43573,435731,5,2,2,true
43577,261463,3,2,1,true
43579,784423,9,2,1,true
43591,523093,6,2,1,true
43597,697553,8,2,2,true
43607,261643,3,2,1,true
43609,436091,5,2,1,true
43613,523357,6,2,1,true
43633,523597,6,2,3,true
43651,698417,8,2,1,true
43711,437111,5,2,1,true
43753,262519,3,2,2,true
43777,437771,5,2,1,true
43781,350249,4,2,1,true
43783,525397,6,2,1,true
43787,262723,3,2,1,true
43801,262807,3,2,1,true
43853,263119,3,2,1,true
43867,438671,5,2,1,true
43889,790003,9,2,1,true
43891,702257,8,2,1,true
43951,439511,5,2,1,true
43963,175853,2,2,1,true
43969,791443,9,2,1,true
43973,615623,7,2,1,true
43991,351929,4,2,1,true
44027,352217,4,2,1,true
44053,176213,2,2,1,true
44059,176237,2,2,1,true
44071,440711,5,2,1,true
44101,441011,5,2,1,true
44111,793999,9,2,2,true
44119,441191,5,2,1,true
44123,617723,7,2,2,true
44171,795079,9,2,1,true
44201,265207,3,2,1,true
44203,442031,5,2,1,true
44207,353657,4,2,1,true
44249,530989,6,2,2,true
44257,265543,3,2,1,true
44267,619739,7,2,1,true
44281,708497,8,2,1,true
44351,798319,9,2,1,true
44371,443711,5,2,1,true
44383,177533,2,2,1,true
44417,799507,9,2,1,true
44449,800083,9,2,3,true
44483,266899,3,2,1,true
44491,266947,3,2,1,true
44497,266983,3,2,1,true
44519,534229,6,2,1,true
44531,267187,3,2,1,true
44533,267199,3,2,1,true
44549,801883,9,2,1,true
44563,445631,5,2,1,true
4457,115883,13,2,1,true
44579,534949,6,2,1,true
44587,267523,3,2,2,true
44617,178469,2,2,1,true
44621,267727,3,2,1,true
44623,267739,3,2,1,true
44641,714257,8,2,1,true
44687,268123,3,2,1,true
44701,268207,3,2,1,true
44711,268267,3,2,1,true
44753,537037,6,2,2,true
44789,358313,4,2,1,true
44843,538117,6,2,1,true
44867,628139,7,2,1,true
44887,179549,2,2,1,true
44917,449171,5,2,1,true
44953,179813,2,2,1,true
44963,269779,3,2,1,true
44971,539653,6,2,1,true
44983,539797,6,2,1,true
44987,359897,4,2,2,true
45013,540157,6,2,2,true
45077,811387,9,2,2,true
45119,360953,4,2,2,true
45121,812179,9,2,1,true
45127,270763,3,2,1,true
45139,541669,6,2,1,true
45161,270967,3,2,1,true
4523,108553,12,2,2,true
45233,542797,6,2,1,true
45247,271483,3,2,1,true
45289,181157,2,2,1,true
45293,634103,7,2,1,true
45319,181277,2,2,1,true
45329,362633,4,2,2,true
45361,816499,9,2,1,true
45377,272263,3,2,1,true
45403,454031,5,2,1,true
45433,454331,5,2,1,true
45439,181757,2,2,1,true
45481,545773,6,2,2,true
45497,272983,3,2,1,true
45523,728369,8,2,1,true
45541,819739,9,2,1,true
4561,127709,14,2,4,true
45613,182453,2,2,1,true
45631,273787,3,2,1,true
45667,822007,9,2,1,true
45691,274147,3,2,1,true
45697,182789,2,2,1,true
45707,274243,3,2,1,true
45751,457511,5,2,1,true
45763,274579,3,2,1,true
45821,824779,9,2,1,true
45823,549877,6,2,1,true
45827,641579,7,2,1,true
4583,119159,13,2,1,true
45841,275047,3,2,1,true
45869,366953,4,2,1,true
45887,367097,4,2,2,true
4591,128549,14,2,1,true
45949,183797,2,2,1,true
45953,275719,3,2,1,true
45959,367673,4,2,1,true
45971,275827,3,2,2,true
45979,183917,2,2,1,true
45989,643847,7,2,1,true
46021,460211,5,2,1,true
46027,736433,8,2,1,true
4603,165709,18,2,3,true
46049,552589,6,2,1,true
46051,736817,8,2,1,true
46091,553093,6,2,2,true
46099,460991,5,2,1,true
46141,461411,5,2,2,true
46183,184733,2,2,1,true
46187,831367,9,2,2,true
46199,831583,9,2,2,true
4621,166357,18,2,2,true
46219,462191,5,2,1,true
46237,184949,2,2,1,true
46271,370169,4,2,1,true
46273,277639,3,2,1,true
46279,555349,6,2,1,true
46309,833563,9,2,1,true
46337,648719,7,2,1,true
46351,463511,5,2,1,true
46381,556573,6,2,1,true
4639,102059,11,2,1,true
46399,556789,6,2,1,true
46411,835399,9,2,1,true
46439,371513,4,2,1,true
46447,185789,2,2,1,true
46457,278743,3,2,1,true
46471,278827,3,2,1,true
4649,111577,12,2,1,true
46507,465071,5,2,1,true
46523,651323,7,2,2,true
46559,372473,4,2,1,true
4657,298049,32,2,3,true
46591,559093,6,2,1,true
46601,279607,3,2,1,true
46619,652667,7,2,2,true
46633,466331,5,2,1,true
46649,373193,4,2,1,true
46663,186653,2,2,1,true
46679,653507,7,2,2,true
46681,560173,6,2,1,true
46703,560437,6,2,3,true
46723,280339,3,2,1,true
46747,467471,5,2,1,true
46769,561229,6,2,1,true
46771,280627,3,2,1,true
46807,468071,5,2,2,true
46811,561733,6,2,1,true
46817,374537,4,2,1,true
46819,187277,2,2,1,true
46831,561973,6,2,1,true
46861,281167,3,2,1,true
46867,187469,2,2,1,true
46877,375017,4,2,1,true
46889,562669,6,2,2,true
46901,375209,4,2,1,true
4691,140731,15,2,3,true
46933,469331,5,2,1,true
46993,281959,3,2,2,true
46997,657959,7,2,1,true
47017,282103,3,2,1,true
47041,470411,5,2,1,true
47051,282307,3,2,1,true
47059,564709,6,2,1,true
47093,282559,3,2,1,true
47119,565429,6,2,1,true
47123,659723,7,2,1,true
47137,848467,9,2,1,true
47147,848647,9,2,1,true
47161,754577,8,2,1,true
47207,660899,7,2,1,true
4723,160583,17,2,1,true
47287,189149,2,2,1,true
47339,378713,4,2,1,true
47387,379097,4,2,1,true
47389,568669,6,2,1,true
47419,853543,9,2,1,true
47431,474311,5,2,2,true
47491,569893,6,2,2,true
47497,189989,2,2,1,true
4751,123527,13,2,2,true
47521,570253,6,2,1,true
47527,760433,8,2,2,true
47533,285199,3,2,1,true
47569,475691,5,2,1,true
47581,761297,8,2,1,true
4759,114217,12,2,3,true
47591,380729,4,2,1,true
47599,475991,5,2,1,true
47609,666527,7,2,2,true
47657,857827,9,2,1,true
47659,476591,5,2,1,true
47701,477011,5,2,1,true
47717,381737,4,2,1,true
47743,286459,3,2,1,true
47777,859987,9,2,2,true
47791,573493,6,2,1,true
47797,191189,2,2,1,true
47807,382457,4,2,1,true
47809,191237,2,2,1,true
47819,382553,4,2,1,true
47881,766097,8,2,2,true
47911,574933,6,2,1,true
47933,671063,7,2,1,true
47947,767153,8,2,1,true
47951,383609,4,2,1,true
47963,575557,6,2,1,true
47977,767633,8,2,3,true
47981,287887,3,2,1,true
48023,672323,7,2,1,true
48049,864883,9,2,1,true
48079,576949,6,2,2,true
48091,865639,9,2,2,true
48119,673667,7,2,1,true
48121,481211,5,2,1,true
48157,192629,2,2,1,true
4817,125243,13,2,1,true
48179,385433,4,2,1,true
48187,192749,2,2,1,true
48193,578317,6,2,1,true
48197,867547,9,2,2,true
48281,386249,4,2,1,true
48313,579757,6,2,1,true
48353,290119,3,2,1,true
48371,870679,9,2,1,true
48397,290383,3,2,1,true
48407,290443,3,2,1,true
48413,677783,7,2,2,true
48437,290623,3,2,1,true
48463,581557,6,2,1,true
48487,290923,3,2,1,true
48497,387977,4,2,1,true
48523,194093,2,2,1,true
48533,291199,3,2,1,true
48541,485411,5,2,1,true
48563,679883,7,2,2,true
48571,777137,8,2,2,true
48649,583789,6,2,2,true
48733,194933,2,2,1,true
48757,195029,2,2,1,true
4877,185327,19,2,3,true
48779,878023,9,2,1,true
48781,487811,5,2,1,true
48817,488171,5,2,1,true
48821,585853,6,2,1,true
48823,488231,5,2,1,true
48847,195389,2,2,1,true
48871,488711,5,2,1,true
48973,783569,8,2,3,true
48991,489911,5,2,1,true
49003,490031,5,2,1,true
49019,686267,7,2,3,true
4903,166703,17,2,4,true
49033,294199,3,2,1,true
49037,392297,4,2,2,true
49043,588517,6,2,1,true
49057,490571,5,2,1,true
49069,196277,2,2,1,true
4909,206179,21,2,4,true
49109,883963,9,2,1,true
49121,392969,4,2,1,true
49157,393257,4,2,1,true
49199,590389,6,2,2,true
49201,787217,8,2,1,true
49207,885727,9,2,1,true
49261,295567,3,2,1,true
49277,886987,9,2,3,true
49307,295843,3,2,1,true
49331,591973,6,2,2,true
49339,888103,9,2,1,true
49363,197453,2,2,1,true
49391,592693,6,2,2,true
49393,197573,2,2,1,true
49409,691727,7,2,2,true
49417,296503,3,2,1,true
49429,593149,6,2,1,true
49451,890119,9,2,1,true
49477,197909,2,2,1,true
4951,108923,11,2,2,true
49529,891523,9,2,1,true
49531,891559,9,2,1,true
49537,495371,5,2,1,true
49547,396377,4,2,1,true
49549,198197,2,2,1,true
4957,138797,14,2,2,true
49603,198413,2,2,1,true
49663,595957,6,2,2,true
49667,397337,4,2,1,true
49681,298087,3,2,1,true
4969,139133,14,2,3,true
49697,894547,9,2,1,true
49711,497111,5,2,1,true
4973,278489,28,2,3,true
49747,298483,3,2,1,true
49757,895627,9,2,1,true
49843,199373,2,2,1,true
49871,398969,4,2,1,true
49891,798257,8,2,1,true
49919,399353,4,2,2,true
49921,299527,3,2,1,true
49937,699119,7,2,2,true
49939,499391,5,2,1,true
49957,499571,5,2,2,true
50023,500231,5,2,1,true
50047,500471,5,2,1,true
50051,400409,4,2,2,true
50053,300319,3,2,1,true
50077,300463,3,2,1,true
5009,240433,24,2,2,true
50101,801617,8,2,1,true
50111,300667,3,2,1,true
50123,300739,3,2,1,true
50177,401417,4,2,1,true
50207,301243,3,2,1,true
50221,903979,9,2,1,true
50227,200909,2,2,1,true
50231,602773,6,2,1,true
50261,100523,1,2,1,true
50273,100547,1,2,1,true
50287,905167,9,2,1,true
50291,402329,4,2,2,true
50311,301867,3,2,1,true
50321,603853,6,2,2,true
50329,905923,9,2,2,true
50333,704663,7,2,2,true
50359,201437,2,2,1,true
50377,503771,5,2,1,true
50383,302299,3,2,1,true
50387,403097,4,2,1,true
50411,907399,9,2,3,true
50461,302767,3,2,1,true
50497,302983,3,2,1,true
50503,303019,3,2,1,true
50513,101027,1,2,1,true
50527,202109,2,2,1,true
50551,303307,3,2,1,true
50587,505871,5,2,1,true
50591,101183,1,2,1,true
5059,141653,14,2,2,true
50647,810353,8,2,1,true
50651,303907,3,2,1,true
50671,810737,8,2,1,true
50683,202733,2,2,1,true
50707,507071,5,2,1,true
50723,608677,6,2,1,true
50741,101483,1,2,1,true
50773,609277,6,2,1,true
50833,508331,5,2,1,true
50849,915283,9,2,1,true
50857,203429,2,2,1,true
50873,101747,1,2,1,true
50893,508931,5,2,1,true
50909,407273,4,2,1,true
50957,407657,4,2,2,true
50969,101939,1,2,1,true
50989,917803,9,2,1,true
5099,244753,24,2,4,true
50993,101987,1,2,1,true
5101,112223,11,2,1,true
51031,510311,5,2,1,true
51043,204173,2,2,1,true
51059,714827,7,2,1,true
51071,612853,6,2,1,true
51109,204437,2,2,1,true
51131,613573,6,2,1,true
51133,613597,6,2,1,true
51137,715919,7,2,1,true
51151,613813,6,2,1,true
51199,204797,2,2,1,true
51203,614437,6,2,2,true
51229,204917,2,2,1,true
51239,922303,9,2,1,true
51241,614893,6,2,1,true
51257,307543,3,2,1,true
51263,717683,7,2,1,true
51307,307843,3,2,1,true
51341,924139,9,2,1,true
51343,513431,5,2,1,true
51349,205397,2,2,1,true
51361,924499,9,2,1,true
51383,616597,6,2,1,true
51407,719699,7,2,1,true
51421,308527,3,2,1,true
51431,308587,3,2,1,true
51439,617269,6,2,1,true
51473,617677,6,2,1,true
51479,411833,4,2,1,true
51481,308887,3,2,1,true
51503,103007,1,2,1,true
51511,515111,5,2,1,true
51521,618253,6,2,2,true
51539,103079,1,2,1,true
51577,515771,5,2,1,true
51593,309559,3,2,1,true
51599,412793,4,2,1,true
51607,928927,9,2,1,true
51631,826097,8,2,2,true
51637,516371,5,2,2,true
51647,929647,9,2,1,true
51659,103319,1,2,1,true
5167,237683,23,2,2,true
51683,620197,6,2,1,true
51719,413753,4,2,1,true
51721,517211,5,2,1,true
51749,724487,7,2,1,true
51797,725159,7,2,1,true
51803,310819,3,2,1,true
51817,207269,2,2,1,true
51827,725579,7,2,1,true
51829,518291,5,2,1,true
51859,933463,9,2,1,true
51869,933643,9,2,1,true
51893,103787,1,2,1,true
51907,830513,8,2,2,true
51913,207653,2,2,1,true
51929,934723,9,2,1,true
51941,934939,9,2,1,true
51971,311827,3,2,1,true
51973,623677,6,2,1,true
51991,623893,6,2,1,true
52021,936379,9,2,1,true
52057,312343,3,2,1,true
52067,937207,9,2,1,true
52069,208277,2,2,1,true
52081,624973,6,2,1,true
5209,114599,11,2,2,true
52103,312619,3,2,2,true
52121,312727,3,2,2,true
52127,417017,4,2,1,true
52147,521471,5,2,2,true
52153,625837,6,2,1,true
52163,104327,1,2,1,true
52181,313087,3,2,1,true
52183,521831,5,2,1,true
52201,313207,3,2,1,true
52249,208997,2,2,1,true
52259,418073,4,2,1,true
5227,397253,38,2,1,true
52289,104579,1,2,1,true
52291,836657,8,2,1,true
5233,115127,11,2,1,true
52369,209477,2,2,1,true
52379,104759,1,2,1,true
52387,838193,8,2,2,true
52511,105023,1,2,1,true
52517,315103,3,2,1,true
52529,630349,6,2,1,true
52541,315247,3,2,1,true
52543,210173,2,2,1,true
52553,105107,1,2,1,true
52561,630733,6,2,1,true
52567,946207,9,2,2,true
52571,105143,1,2,1,true
52583,630997,6,2,2,true
52609,210437,2,2,1,true
5261,168353,16,2,4,true
52631,105263,1,2,1,true
52639,210557,2,2,1,true
52667,316003,3,2,1,true
52673,737423,7,2,1,true
52691,948439,9,2,1,true
52697,948547,9,2,1,true
52709,737927,7,2,1,true
52711,948799,9,2,2,true
52727,316363,3,2,1,true
52733,738263,7,2,2,true
52757,422057,4,2,1,true
52783,316699,3,2,1,true
52813,316879,3,2,1,true
52817,739439,7,2,3,true
52837,211349,2,2,1,true
52861,528611,5,2,1,true
52879,528791,5,2,1,true
52883,634597,6,2,2,true
52901,423209,4,2,1,true
52903,317419,3,2,1,true
52951,635413,6,2,1,true
52957,317743,3,2,1,true
52973,317839,3,2,1,true
52981,317887,3,2,1,true
52999,635989,6,2,2,true
53017,318103,3,2,1,true
5303,190909,18,2,2,true
53051,636613,6,2,2,true
53069,636829,6,2,1,true
53087,318523,3,2,1,true
53093,106187,1,2,1,true
53113,212453,2,2,1,true
53161,637933,6,2,2,true
53171,319027,3,2,1,true
53189,638269,6,2,1,true
53197,319183,3,2,1,true
5323,244859,23,2,2,true
53233,319399,3,2,1,true
53239,532391,5,2,1,true
53281,319687,3,2,1,true
53299,639589,6,2,1,true
53309,106619,1,2,1,true
53327,959887,9,2,1,true
53353,320119,3,2,1,true
53411,106823,1,2,1,true
53437,854993,8,2,2,true
53453,106907,1,2,1,true
53479,962623,9,2,2,true
5351,107021,10,2,1,true
53527,321163,3,2,1,true
53551,535511,5,2,1,true
53591,321547,3,2,2,true
53593,214373,2,2,1,true
53597,428777,4,2,1,true
53609,428873,4,2,1,true
53611,536111,5,2,1,true
53617,857873,8,2,2,true
53629,214517,2,2,1,true
53633,321799,3,2,1,true
53639,107279,1,2,1,true
53653,536531,5,2,1,true
53657,751199,7,2,1,true
53681,429449,4,2,1,true
53699,751787,7,2,1,true
53717,966907,9,2,1,true
53719,537191,5,2,1,true
53759,752627,7,2,1,true
53773,860369,8,2,1,true
53791,968239,9,2,3,true
5381,107621,10,2,2,true
53831,430649,4,2,1,true
53849,646189,6,2,2,true
5387,107741,10,2,2,true
53881,646573,6,2,1,true
53887,538871,5,2,1,true
53917,539171,5,2,1,true
53923,215693,2,2,1,true
53939,970903,9,2,3,true
53951,107903,1,2,1,true
53959,647509,6,2,1,true
53987,323923,3,2,1,true
5399,107981,10,2,2,true
53993,755903,7,2,2,true
54011,324067,3,2,2,true
54037,216149,2,2,1,true
54059,648709,6,2,1,true
54083,648997,6,2,1,true
54091,649093,6,2,1,true
54101,108203,1,2,1,true
54121,974179,9,2,2,true
54133,324799,3,2,1,true
54151,649813,6,2,2,true
54163,324979,3,2,2,true
5419,130057,12,2,2,true
54217,975907,9,2,1,true
54277,542771,5,2,1,true
54287,325723,3,2,1,true
54293,760103,7,2,3,true
54311,651733,6,2,1,true
54323,325939,3,2,1,true
54331,325987,3,2,1,true
54361,543611,5,2,1,true
54367,326203,3,2,1,true
54371,652453,6,2,1,true
54401,979219,9,2,2,true
54403,652837,6,2,2,true
54409,652909,6,2,1,true
54413,108827,1,2,1,true
54419,979543,9,2,1,true
5443,119747,11,2,2,true
54443,108887,1,2,1,true
54449,435593,4,2,1,true
5449,185267,17,2,1,true
54497,762959,7,2,2,true
54517,218069,2,2,1,true
54539,981703,9,2,2,true
54541,327247,3,2,1,true
54563,763883,7,2,1,true
54601,873617,8,2,1,true
54629,437033,4,2,1,true
54667,546671,5,2,1,true
54673,656077,6,2,2,true
54679,218717,2,2,1,true
54713,765983,7,2,1,true
5471,426739,39,2,4,true
54721,328327,3,2,1,true
54727,547271,5,2,1,true
54751,985519,9,2,2,true
54773,109547,1,2,1,true
54779,986023,9,2,3,true
54787,547871,5,2,1,true
5479,120539,11,2,1,true
54799,657589,6,2,1,true
5483,109661,10,2,1,true
54869,438953,4,2,1,true
54917,329503,3,2,1,true
54941,109883,1,2,1,true
54949,219797,2,2,1,true
54959,109919,1,2,1,true
54979,219917,2,2,1,true
54983,329899,3,2,1,true
55009,990163,9,2,1,true
5501,330061,30,2,3,true
55021,550211,5,2,1,true
5503,198109,18,2,4,true
55049,440393,4,2,1,true
55057,991027,9,2,1,true
55061,660733,6,2,1,true
5507,132169,12,2,1,true
55103,661237,6,2,1,true
55109,771527,7,2,1,true
55117,220469,2,2,1,true
55147,220589,2,2,1,true
55171,331027,3,2,1,true
55201,331207,3,2,1,true
55217,441737,4,2,1,true
55219,993943,9,2,2,true
55243,220973,2,2,1,true
55249,552491,5,2,1,true
55259,994663,9,2,1,true
55331,663973,6,2,1,true
55333,331999,3,2,1,true
55339,996103,9,2,1,true
55343,774803,7,2,2,true
55381,332287,3,2,1,true
55411,332467,3,2,1,true
55441,665293,6,2,1,true
55457,332743,3,2,1,true
55469,443753,4,2,2,true
55487,776819,7,2,1,true
55501,666013,6,2,1,true
55511,444089,4,2,1,true
55547,333283,3,2,1,true
55579,222317,2,2,1,true
55589,444713,4,2,1,true
55621,889937,8,2,2,true
55631,111263,1,2,1,true
5563,122387,11,2,3,true
55633,556331,5,2,2,true
55661,111323,1,2,1,true
55663,890609,8,2,1,true
55673,111347,1,2,1,true
55681,556811,5,2,1,true
55697,334183,3,2,1,true
55711,891377,8,2,2,true
55721,111443,1,2,1,true
55733,111467,1,2,1,true
55763,780683,7,2,1,true
55793,334759,3,2,1,true
55799,111599,1,2,1,true
55807,223229,2,2,1,true
55813,223253,2,2,1,true
55819,223277,2,2,1,true
55823,781523,7,2,1,true
55843,558431,5,2,1,true
55849,558491,5,2,1,true
55871,446969,4,2,1,true
55889,111779,1,2,1,true
55903,894449,8,2,1,true
55921,335527,3,2,1,true
55931,111863,1,2,1,true
56009,448073,4,2,2,true
56039,784547,7,2,2,true
56041,336247,3,2,1,true
56081,112163,1,2,1,true
56087,448697,4,2,1,true
56093,785303,7,2,2,true
56099,112199,1,2,1,true
56123,112247,1,2,1,true
56167,898673,8,2,2,true
56179,224717,2,2,1,true
56267,450137,4,2,1,true
56269,225077,2,2,1,true
56311,337867,3,2,1,true
56333,337999,3,2,1,true
56377,225509,2,2,1,true
56383,563831,5,2,1,true
56393,112787,1,2,1,true
56401,338407,3,2,1,true
5641,327179,29,2,1,true
56417,451337,4,2,1,true
56437,225749,2,2,1,true
56467,338803,3,2,1,true
5647,271057,24,2,4,true
56473,903569,8,2,2,true
56489,112979,1,2,1,true
56501,452009,4,2,1,true
56503,226013,2,2,1,true
5651,113021,10,2,2,true
56519,113039,1,2,1,true
56531,339187,3,2,2,true
5653,293957,26,2,5,true
56533,226133,2,2,1,true
56569,678829,6,2,1,true
5657,147083,13,2,1,true
56597,792359,7,2,2,true
56611,679333,6,2,1,true
56633,339799,3,2,1,true
56663,679957,6,2,2,true
56701,907217,8,2,2,true
56737,907793,8,2,1,true
56747,453977,4,2,1,true
56773,227093,2,2,1,true
56783,113567,1,2,1,true
56807,795299,7,2,1,true
56809,568091,5,2,1,true
56821,340927,3,2,1,true
5683,136393,12,2,1,true
56891,341347,3,2,2,true
5689,159293,14,2,3,true
56897,455177,4,2,1,true
56909,113819,1,2,1,true
56911,569111,5,2,1,true
56921,113843,1,2,1,true
56941,341647,3,2,1,true
56993,341959,3,2,1,true
56999,797987,7,2,2,true
5701,159629,14,2,2,true
57041,684493,6,2,3,true
57047,456377,4,2,2,true
57143,685717,6,2,1,true
57149,114299,1,2,1,true
57163,914609,8,2,1,true
57179,457433,4,2,1,true
57191,686293,6,2,1,true
57193,686317,6,2,2,true
57203,343219,3,2,2,true
57241,686893,6,2,1,true
57259,229037,2,2,1,true
57271,343627,3,2,1,true
57283,229133,2,2,1,true
57329,687949,6,2,2,true
57347,344083,3,2,1,true
57367,229469,2,2,1,true
5737,160637,14,2,1,true
57373,688477,6,2,1,true
57389,459113,4,2,1,true
57397,229589,2,2,1,true
57413,688957,6,2,3,true
57487,229949,2,2,1,true
5749,229961,20,2,2,true
57493,344959,3,2,1,true
57503,690037,6,2,2,true
57527,460217,4,2,1,true
57529,230117,2,2,1,true
57557,805799,7,2,1,true
57571,575711,5,2,1,true
57601,345607,3,2,1,true
57637,345823,3,2,1,true
57649,230597,2,2,1,true
57679,576791,5,2,1,true
57689,692269,6,2,1,true
57773,346639,3,2,2,true
57781,693373,6,2,1,true
57791,693493,6,2,1,true
5779,404531,35,2,4,true
57803,809243,7,2,1,true
57839,115679,1,2,1,true
57901,579011,5,2,1,true
57923,347539,3,2,1,true
57943,927089,8,2,1,true
57947,811259,7,2,1,true
57973,231893,2,2,1,true
58027,232109,2,2,1,true
58031,696373,6,2,1,true
58043,348259,3,2,1,true
58057,928913,8,2,1,true
58061,348367,3,2,1,true
58067,812939,7,2,2,true
58073,813023,7,2,1,true
58111,929777,8,2,1,true
5813,209269,18,2,1,true
58151,465209,4,2,1,true
58153,348919,3,2,1,true
58171,930737,8,2,2,true
58189,581891,5,2,1,true
58207,931313,8,2,1,true
58211,116423,1,2,1,true
5821,162989,14,2,3,true
58217,349303,3,2,1,true
58231,349387,3,2,1,true
58321,349927,3,2,1,true
58363,350179,3,2,1,true
58369,700429,6,2,2,true
58393,700717,6,2,1,true
58403,700837,6,2,1,true
58411,700933,6,2,1,true
58417,233669,2,2,1,true
58427,350563,3,2,1,true
58451,701413,6,2,2,true
58453,350719,3,2,1,true
58511,117023,1,2,1,true
58537,234149,2,2,1,true
58543,702517,6,2,2,true
58549,234197,2,2,1,true
58567,585671,5,2,1,true
5857,163997,14,2,1,true
58573,234293,2,2,1,true
58579,234317,2,2,1,true
58657,586571,5,2,2,true
58679,821507,7,2,1,true
58693,939089,8,2,1,true
58711,352267,3,2,1,true
58757,352543,3,2,1,true
58763,352579,3,2,1,true
58771,587711,5,2,1,true
58787,470297,4,2,1,true
58789,587891,5,2,1,true
5881,235241,20,2,3,true
58831,705973,6,2,2,true
58907,353443,3,2,1,true
58921,353527,3,2,1,true
58943,825203,7,2,1,true
58963,943409,8,2,1,true
5897,212293,18,2,3,true
58979,117959,1,2,1,true
58997,825959,7,2,1,true
59009,708109,6,2,1,true
59021,118043,1,2,1,true
59023,354139,3,2,1,true
59051,354307,3,2,1,true
59063,118127,1,2,1,true
59069,826967,7,2,1,true
59077,590771,5,2,2,true
59083,708997,6,2,2,true
59093,709117,6,2,1,true
59107,236429,2,2,1,true
59113,591131,5,2,1,true
59141,354847,3,2,1,true
59149,709789,6,2,1,true
59207,828899,7,2,1,true
5923,177691,15,2,2,true
59233,947729,8,2,1,true
59263,237053,2,2,1,true
59357,474857,4,2,2,true
59369,118739,1,2,1,true
59377,356263,3,2,2,true
59393,118787,1,2,1,true
59399,831587,7,2,2,true
59407,356443,3,2,1,true
59441,356647,3,2,1,true
59453,118907,1,2,1,true
59467,356803,3,2,1,true
59471,713653,6,2,1,true
59513,119027,1,2,1,true
59539,238157,2,2,1,true
59581,953297,8,2,1,true
59611,357667,3,2,1,true
59617,357703,3,2,1,true
59621,119243,1,2,1,true
59627,477017,4,2,1,true
59651,477209,4,2,1,true
59659,715909,6,2,1,true
59693,358159,3,2,1,true
59699,477593,4,2,1,true
59707,358243,3,2,2,true
59743,358459,3,2,1,true
59747,477977,4,2,2,true
59771,478169,4,2,1,true
59791,358747,3,2,1,true
59797,358783,3,2,1,true
5981,215317,18,2,1,true
59833,358999,3,2,2,true
59863,718357,6,2,1,true
59887,359323,3,2,1,true
59929,719149,6,2,1,true
59981,119963,1,2,1,true
59999,719989,6,2,1,true
60017,840239,7,2,1,true
60037,600371,5,2,2,true
60077,841079,7,2,1,true
60083,120167,1,2,1,true
60101,721213,6,2,1,true
60103,601031,5,2,1,true
60127,962033,8,2,2,true
60167,842339,7,2,2,true
60169,240677,2,2,1,true
60251,120503,1,2,1,true
60259,723109,6,2,2,true
60293,120587,1,2,1,true
60317,361903,3,2,1,true
60331,603311,5,2,1,true
60343,362059,3,2,1,true
6037,144889,12,2,1,true
60373,603731,5,2,1,true
60383,724597,6,2,2,true
60397,241589,2,2,1,true
6043,132947,11,2,1,true
60443,725317,6,2,1,true
60449,120899,1,2,1,true
60457,362743,3,2,1,true
6047,326539,27,2,3,true
60493,604931,5,2,2,true
60497,362983,3,2,1,true
60509,121019,1,2,1,true
60539,726469,6,2,1,true
60589,242357,2,2,1,true
60661,363967,3,2,1,true
60689,121379,1,2,1,true
60703,242813,2,2,1,true
60719,121439,1,2,1,true
6073,206483,17,2,3,true
60733,607331,5,2,1,true
60757,972113,8,2,2,true
60761,121523,1,2,1,true
60773,121547,1,2,1,true
60811,972977,8,2,1,true
60821,486569,4,2,1,true
60869,852167,7,2,1,true
6089,438409,36,2,3,true
60901,974417,8,2,1,true
60913,365479,3,2,1,true
61001,488009,4,2,1,true
61007,488057,4,2,1,true
61027,610271,5,2,2,true
61031,732373,6,2,2,true
61051,976817,8,2,2,true
61091,366547,3,2,1,true
61099,733189,6,2,1,true
61151,366907,3,2,1,true
61153,611531,5,2,1,true
61211,489689,4,2,1,true
61253,367519,3,2,1,true
61283,367699,3,2,1,true
61297,612971,5,2,1,true
6133,220789,18,2,5,true
61333,735997,6,2,1,true
61343,368059,3,2,1,true
61363,736357,6,2,1,true
61381,368287,3,2,1,true
61409,491273,4,2,2,true
6143,122861,10,2,1,true
61441,737293,6,2,2,true
61469,737629,6,2,2,true
61483,368899,3,2,1,true
61487,860819,7,2,1,true
6151,430571,35,2,3,true
61543,615431,5,2,2,true
61547,369283,3,2,1,true
61553,369319,3,2,1,true
61613,862583,7,2,1,true
61627,246509,2,2,1,true
6163,209543,17,2,3,true
61643,863003,7,2,1,true
61651,739813,6,2,1,true
61687,616871,5,2,1,true
61703,123407,1,2,1,true
61717,987473,8,2,1,true
61723,617231,5,2,1,true
61729,740749,6,2,1,true
61781,370687,3,2,1,true
61843,742117,6,2,1,true
61861,742333,6,2,1,true
61871,371227,3,2,1,true
61879,742549,6,2,1,true
61961,123923,1,2,1,true
6197,123941,10,2,1,true
61981,619811,5,2,1,true
62011,620111,5,2,2,true
6203,272933,22,2,4,true
62039,496313,4,2,1,true
62047,248189,2,2,1,true
62053,620531,5,2,1,true
62057,868799,7,2,1,true
62099,745189,6,2,2,true
6211,173909,14,2,3,true
62119,248477,2,2,1,true
62143,372859,3,2,1,true
62201,746413,6,2,2,true
62213,124427,1,2,1,true
62233,746797,6,2,2,true
62273,747277,6,2,1,true
62297,373783,3,2,1,true
62303,872243,7,2,1,true
62327,373963,3,2,1,true
62347,374083,3,2,1,true
62383,748597,6,2,3,true
62459,124919,1,2,1,true
62473,374839,3,2,1,true
62483,874763,7,2,1,true
62497,999953,8,2,2,true
62501,125003,1,2,1,true
6257,125141,10,2,1,true
62581,625811,5,2,1,true
62591,500729,4,2,2,true
62597,500777,4,2,1,true
62603,751237,6,2,2,true
62617,375703,3,2,1,true
62633,375799,3,2,1,true
62639,876947,7,2,2,true
62659,751909,6,2,1,true
62683,376099,3,2,1,true
62687,877619,7,2,1,true
6271,263383,21,2,3,true
62753,125507,1,2,1,true
6277,150649,12,2,2,true
62773,376639,3,2,1,true
62801,376807,3,2,1,true
62819,125639,1,2,1,true
62827,376963,3,2,1,true
62869,251477,2,2,1,true
62873,880223,7,2,1,true
62897,880559,7,2,1,true
62921,377527,3,2,1,true
62927,377563,3,2,1,true
62939,881147,7,2,1,true
62971,377827,3,2,1,true
62981,377887,3,2,2,true
62989,629891,5,2,1,true
6299,277157,22,2,3,true
6301,264643,21,2,1,true
63031,756373,6,2,1,true
63059,756709,6,2,2,true
63073,252293,2,2,1,true
63097,378583,3,2,1,true
63103,378619,3,2,1,true
6311,201953,16,2,1,true
63113,126227,1,2,1,true
63127,252509,2,2,1,true
63149,884087,7,2,1,true
6317,126341,10,2,1,true
63199,631991,5,2,1,true
63277,379663,3,2,2,true
63313,759757,6,2,1,true
63317,379903,3,2,1,true
63331,759973,6,2,1,true
63337,253349,2,2,1,true
63347,886859,7,2,1,true
63367,253469,2,2,1,true
63391,760693,6,2,1,true
63397,380383,3,2,1,true
63409,253637,2,2,1,true
63443,888203,7,2,1,true
63463,253853,2,2,1,true
63473,380839,3,2,1,true
63487,634871,5,2,2,true
63521,762253,6,2,1,true
63587,381523,3,2,1,true
63589,635891,5,2,1,true
63601,381607,3,2,1,true
63607,636071,5,2,1,true
63667,382003,3,2,1,true
63671,764053,6,2,2,true
63689,891647,7,2,2,true
63727,382363,3,2,1,true
6373,140207,11,2,2,true
63761,382567,3,2,1,true
6379,178613,14,2,2,true
63793,255173,2,2,1,true
63799,255197,2,2,1,true
63803,127607,1,2,1,true
63839,127679,1,2,1,true
63853,255413,2,2,1,true
63857,383143,3,2,1,true
6389,281117,22,2,4,true
63901,639011,5,2,1,true
63913,255653,2,2,1,true
63929,895007,7,2,2,true
63949,639491,5,2,1,true
6397,153529,12,2,2,true
63997,255989,2,2,1,true
64067,384403,3,2,1,true
64081,384487,3,2,1,true
64109,897527,7,2,2,true
64123,256493,2,2,1,true
64157,513257,4,2,1,true
64171,385027,3,2,1,true
64189,256757,2,2,1,true
6421,141263,11,2,1,true
6427,347059,27,2,4,true
64279,642791,5,2,1,true
64303,771637,6,2,2,true
64373,772477,6,2,2,true
64381,772573,6,2,1,true
64399,643991,5,2,1,true
64439,128879,1,2,1,true
64451,128903,1,2,1,true
64453,386719,3,2,1,true
64489,773869,6,2,1,true
64499,515993,4,2,1,true
64513,645131,5,2,1,true
64567,387403,3,2,1,true
64579,258317,2,2,1,true
64609,258437,2,2,1,true
64613,387679,3,2,1,true
64621,387727,3,2,1,true
64661,517289,4,2,2,true
64663,646631,5,2,1,true
64667,517337,4,2,1,true
64693,388159,3,2,1,true
6469,452831,35,2,6,true
64709,129419,1,2,1,true
64747,388483,3,2,1,true
64763,129527,1,2,1,true
64781,777373,6,2,2,true
6481,194431,15,2,3,true
64849,259397,2,2,1,true
64853,129707,1,2,1,true
64871,389227,3,2,1,true
64879,259517,2,2,1,true
64891,778693,6,2,2,true
6491,311569,24,2,4,true
64927,389563,3,2,1,true
64951,779413,6,2,2,true
65011,390067,3,2,1,true
65029,650291,5,2,1,true
65033,780397,6,2,2,true
65053,260213,2,2,1,true
65063,910883,7,2,2,true
65071,780853,6,2,1,true
65089,781069,6,2,1,true
65099,130199,1,2,1,true
65111,130223,1,2,1,true
65123,911723,7,2,2,true
65147,390883,3,2,1,true
65171,130343,1,2,1,true
65183,130367,1,2,1,true
65203,391219,3,2,1,true
65269,261077,2,2,1,true
65287,652871,5,2,1,true
6529,182813,14,2,1,true
65293,652931,5,2,1,true
65309,914327,7,2,2,true
65323,783877,6,2,2,true
65357,392143,3,2,1,true
65371,653711,5,2,1,true
65381,523049,4,2,1,true
65393,130787,1,2,1,true
65407,392443,3,2,1,true
65413,784957,6,2,1,true
65419,654191,5,2,1,true
65437,654371,5,2,1,true
65449,654491,5,2,1,true
65479,261917,2,2,1,true
65497,392983,3,2,1,true
6551,471673,36,2,3,true
65521,655211,5,2,1,true
65551,655511,5,2,1,true
65563,262253,2,2,1,true
65579,786949,6,2,2,true
65581,393487,3,2,1,true
65587,262349,2,2,1,true
65609,524873,4,2,1,true
65617,656171,5,2,2,true
65629,656291,5,2,1,true
65633,131267,1,2,1,true
65647,656471,5,2,1,true
65651,131303,1,2,1,true
65657,525257,4,2,1,true
65677,394063,3,2,2,true
6569,210209,16,2,4,true
65701,788413,6,2,1,true
65713,262853,2,2,1,true
65717,920039,7,2,1,true
65719,262877,2,2,1,true
65731,657311,5,2,1,true
65761,789133,6,2,1,true
65809,789709,6,2,1,true
65831,526649,4,2,2,true
65837,395023,3,2,1,true
65839,658391,5,2,1,true
65843,131687,1,2,1,true
65867,526937,4,2,1,true
65957,923399,7,2,1,true
65981,395887,3,2,1,true
65983,263933,2,2,1,true
65993,395959,3,2,1,true
66029,132059,1,2,1,true
66041,396247,3,2,1,true
66047,924659,7,2,1,true
66067,264269,2,2,1,true
66071,396427,3,2,1,true
66083,925163,7,2,1,true
66089,793069,6,2,1,true
66103,396619,3,2,1,true
66107,925499,7,2,1,true
66109,264437,2,2,1,true
66137,529097,4,2,1,true
66173,132347,1,2,1,true
66179,794149,6,2,1,true
66191,132383,1,2,1,true
66221,794653,6,2,1,true
66271,795253,6,2,1,true
66301,397807,3,2,1,true
66337,398023,3,2,1,true
66373,265493,2,2,1,true
6637,424769,32,2,1,true
66377,531017,4,2,1,true
66431,132863,1,2,1,true
66449,797389,6,2,1,true
66457,664571,5,2,1,true
66463,797557,6,2,1,true
66509,931127,7,2,1,true
66523,266093,2,2,1,true
66529,266117,2,2,1,true
6653,159673,12,2,1,true
66569,931967,7,2,1,true
66587,932219,7,2,2,true
6659,279679,21,2,1,true
66593,932303,7,2,2,true
6661,306407,23,2,3,true
66643,666431,5,2,1,true
66701,400207,3,2,2,true
66713,800557,6,2,1,true
66721,667211,5,2,1,true
66749,133499,1,2,1,true
66809,534473,4,2,1,true
66821,400927,3,2,1,true
66853,267413,2,2,1,true
66863,401179,3,2,1,true
66889,267557,2,2,1,true
6689,133781,10,2,1,true
6691,281023,21,2,4,true
66919,267677,2,2,1,true
66923,401539,3,2,1,true
66931,401587,3,2,1,true
66949,803389,6,2,2,true
66959,133919,1,2,1,true
66973,267893,2,2,1,true
66977,937679,7,2,1,true
67003,268013,2,2,1,true
67049,804589,6,2,1,true
67057,402343,3,2,1,true
6709,402541,30,2,3,true
67103,134207,1,2,1,true
67121,134243,1,2,1,true
67129,268517,2,2,1,true
67141,402847,3,2,1,true
67189,268757,2,2,1,true
67213,672131,5,2,1,true
67231,403387,3,2,1,true
67261,403567,3,2,1,true
6733,403981,30,2,2,true
67339,673391,5,2,1,true
67391,539129,4,2,1,true
67399,269597,2,2,1,true
67421,404527,3,2,1,true
67489,809869,6,2,1,true
67493,404959,3,2,1,true
67499,134999,1,2,1,true
67547,540377,4,2,1,true
67559,135119,1,2,1,true
67577,946079,7,2,1,true
67579,810949,6,2,1,true
67601,405607,3,2,1,true
67619,811429,6,2,1,true
67631,541049,4,2,1,true
6763,311099,23,2,4,true
67699,270797,2,2,1,true
67723,406339,3,2,1,true
67733,135467,1,2,1,true
67751,813013,6,2,2,true
67763,406579,3,2,1,true
67777,271109,2,2,1,true
67819,271277,2,2,1,true
67843,407059,3,2,1,true
67867,407203,3,2,1,true
67883,407299,3,2,1,true
6791,543281,40,2,3,true
67931,407587,3,2,1,true
67933,407599,3,2,1,true
67943,135887,1,2,1,true
67957,271829,2,2,1,true
67961,543689,4,2,1,true
67987,407923,3,2,1,true
68023,272093,2,2,1,true
68041,680411,5,2,1,true
68053,680531,5,2,1,true
68071,408427,3,2,1,true
68099,544793,4,2,1,true
68111,136223,1,2,1,true
68171,136343,1,2,1,true
68261,136523,1,2,1,true
68279,136559,1,2,1,true
68281,682811,5,2,1,true
6829,150239,11,2,1,true
6833,163993,12,2,1,true
68351,820213,6,2,1,true
68437,410623,3,2,1,true
68443,410659,3,2,2,true
68447,547577,4,2,1,true
68449,273797,2,2,1,true
68473,684731,5,2,1,true
68483,410899,3,2,1,true
68489,136979,1,2,1,true
68501,411007,3,2,1,true
68521,822253,6,2,2,true
68543,822517,6,2,3,true
68581,822973,6,2,1,true
68597,411583,3,2,1,true
68611,411667,3,2,1,true
6863,247069,18,2,3,true
68669,137339,1,2,1,true
68687,412123,3,2,1,true
68699,137399,1,2,1,true
68713,274853,2,2,1,true
68729,824749,6,2,2,true
68743,687431,5,2,2,true
68767,412603,3,2,1,true
68771,412627,3,2,1,true
68777,412663,3,2,1,true
68819,137639,1,2,1,true
6883,275321,20,2,3,true
68863,275453,2,2,1,true
68891,551129,4,2,1,true
68963,137927,1,2,1,true
69001,828013,6,2,1,true
69011,552089,4,2,1,true
69029,828349,6,2,2,true
69061,414367,3,2,1,true
69073,276293,2,2,1,true
6911,248797,18,2,4,true
69119,967667,7,2,2,true
69143,968003,7,2,1,true
69149,553193,4,2,1,true
69151,829813,6,2,1,true
69163,691631,5,2,1,true
69191,415147,3,2,1,true
69193,415159,3,2,1,true
69203,138407,1,2,1,true
69239,969347,7,2,1,true
69257,415543,3,2,1,true
69337,416023,3,2,1,true
69341,138683,1,2,1,true
69371,554969,4,2,1,true
69383,832597,6,2,1,true
69403,832837,6,2,2,true
69427,694271,5,2,1,true
69431,138863,1,2,1,true
69439,694391,5,2,2,true
69457,277829,2,2,1,true
69473,972623,7,2,2,true
69481,416887,3,2,1,true
69491,416947,3,2,1,true
69539,556313,4,2,2,true
69593,139187,1,2,1,true
6961,292363,21,2,2,true
69661,696611,5,2,1,true
6967,250813,18,2,4,true
69763,837157,6,2,1,true
69767,418603,3,2,1,true
69809,139619,1,2,1,true
6983,167593,12,2,3,true
69847,698471,5,2,1,true
69941,139883,1,2,1,true
69959,559673,4,2,1,true
70009,840109,6,2,2,true
70061,140123,1,2,1,true
70079,140159,1,2,1,true
70121,560969,4,2,1,true
7013,308573,22,2,3,true
70139,981947,7,2,1,true
70181,140363,1,2,1,true
7019,505369,36,2,7,true
70201,702011,5,2,2,true
70223,983123,7,2,2,true
70237,421423,3,2,2,true
70249,280997,2,2,1,true
70271,562169,4,2,1,true
70289,562313,4,2,1,true
70297,281189,2,2,1,true
70313,140627,1,2,1,true
70321,703211,5,2,1,true
70373,422239,3,2,1,true
70379,140759,1,2,1,true
70381,422287,3,2,1,true
70439,986147,7,2,1,true
70451,422707,3,2,1,true
70457,563657,4,2,1,true
70487,563897,4,2,2,true
70507,423043,3,2,1,true
70549,705491,5,2,1,true
70583,846997,6,2,1,true
70589,141179,1,2,1,true
70621,847453,6,2,2,true
70627,423763,3,2,1,true
70663,706631,5,2,1,true
70667,565337,4,2,2,true
70729,282917,2,2,1,true
70793,141587,1,2,1,true
70823,424939,3,2,1,true
70841,850093,6,2,1,true
70843,425059,3,2,1,true
70849,283397,2,2,1,true
70853,991943,7,2,2,true
70901,141803,1,2,1,true
70919,992867,7,2,1,true
70921,709211,5,2,1,true
70949,993287,7,2,1,true
70969,709691,5,2,1,true
70979,141959,1,2,1,true
70999,709991,5,2,1,true
71069,852829,6,2,1,true
71089,284357,2,2,1,true
71119,284477,2,2,1,true
71143,284573,2,2,1,true
71171,854053,6,2,2,true
71233,712331,5,2,1,true
71237,427423,3,2,1,true
71257,712571,5,2,1,true
71263,427579,3,2,1,true
7127,185303,13,2,3,true
71287,427723,3,2,1,true
71317,713171,5,2,1,true
71333,855997,6,2,1,true
71341,428047,3,2,1,true
71347,428083,3,2,1,true
71353,856237,6,2,1,true
71359,856309,6,2,1,true
71389,285557,2,2,1,true
71399,856789,6,2,2,true
71437,285749,2,2,1,true
71453,142907,1,2,1,true
71471,857653,6,2,1,true
71483,428899,3,2,1,true
7151,214531,15,2,2,true
71549,858589,6,2,1,true
7159,372269,26,2,3,true
71597,572777,4,2,1,true
71647,286589,2,2,1,true
71693,143387,1,2,1,true
71711,860533,6,2,2,true
71713,430279,3,2,1,true
71719,717191,5,2,1,true
71741,573929,4,2,2,true
71777,430663,3,2,1,true
71821,861853,6,2,1,true
71843,143687,1,2,1,true
71849,143699,1,2,1,true
71867,431203,3,2,1,true
7187,172489,12,2,1,true
71879,575033,4,2,1,true
71881,431287,3,2,1,true
71887,287549,2,2,1,true
71899,287597,2,2,1,true
71909,862909,6,2,1,true
71917,287669,2,2,1,true
71933,863197,6,2,1,true
71947,287789,2,2,1,true
71983,287933,2,2,1,true
71999,143999,1,2,1,true
7207,201797,14,2,2,true
72073,288293,2,2,1,true
72077,576617,4,2,1,true
72101,144203,1,2,1,true
7213,432781,30,2,1,true
72167,433003,3,2,1,true
72211,433267,3,2,1,true
72221,866653,6,2,1,true
72229,722291,5,2,1,true
72251,433507,3,2,1,true
72253,867037,6,2,1,true
72269,144539,1,2,1,true
72271,867253,6,2,2,true
72277,289109,2,2,1,true
72313,289253,2,2,1,true
72337,289349,2,2,1,true
72341,578729,4,2,1,true
72421,869053,6,2,2,true
7243,159347,11,2,2,true
72431,869173,6,2,1,true
72467,434803,3,2,1,true
72481,869773,6,2,1,true
72503,145007,1,2,1,true
72547,290189,2,2,1,true
72551,435307,3,2,1,true
72613,435679,3,2,1,true
72623,871477,6,2,2,true
72643,726431,5,2,2,true
72647,581177,4,2,1,true
72649,290597,2,2,1,true
72671,436027,3,2,1,true
72673,872077,6,2,1,true
72679,872149,6,2,1,true
72689,872269,6,2,1,true
72719,581753,4,2,1,true
72727,727271,5,2,1,true
72763,873157,6,2,1,true
7283,538943,37,2,4,true
72883,874597,6,2,2,true
72889,728891,5,2,1,true
72911,145823,1,2,1,true
72931,437587,3,2,1,true
72949,875389,6,2,1,true
72959,583673,4,2,1,true
73009,292037,2,2,1,true
73019,584153,4,2,1,true
7307,146141,10,2,2,true
73243,292973,2,2,1,true
73259,146519,1,2,1,true
73291,732911,5,2,1,true
73303,293213,2,2,1,true
73331,879973,6,2,1,true
73351,733511,5,2,1,true
73363,440179,3,2,2,true
73387,733871,5,2,1,true
73421,440527,3,2,2,true
73459,881509,6,2,1,true
73477,440863,3,2,1,true
7351,264637,18,2,2,true
73553,147107,1,2,1,true
73561,882733,6,2,1,true
73583,441499,3,2,1,true
73651,441907,3,2,1,true
73673,147347,1,2,1,true
7369,162119,11,2,1,true
73693,294773,2,2,1,true
73709,147419,1,2,1,true
73721,442327,3,2,1,true
73727,442363,3,2,1,true
73751,147503,1,2,1,true
73783,885397,6,2,2,true
73819,295277,2,2,1,true
73823,147647,1,2,1,true
73849,886189,6,2,1,true
73867,443203,3,2,1,true
73877,443263,3,2,1,true
73943,443659,3,2,1,true
73951,739511,5,2,1,true
73961,887533,6,2,1,true
73999,887989,6,2,1,true
74021,444127,3,2,1,true
74027,592217,4,2,1,true
74051,444307,3,2,1,true
74071,740711,5,2,1,true
74099,592793,4,2,2,true
7411,607703,41,2,6,true
74143,444859,3,2,1,true
74149,741491,5,2,1,true
74159,889909,6,2,2,true
74167,296669,2,2,1,true
74189,593513,4,2,1,true
74203,742031,5,2,1,true
74219,148439,1,2,1,true
74311,743111,5,2,1,true
7433,222991,15,2,3,true
74353,892237,6,2,1,true
74357,594857,4,2,1,true
74363,446179,3,2,2,true
74377,297509,2,2,1,true
74383,297533,2,2,1,true
74411,892933,6,2,1,true
74419,893029,6,2,1,true
74441,446647,3,2,1,true
74449,297797,2,2,1,true
74471,446827,3,2,1,true
74509,894109,6,2,1,true
74551,894613,6,2,1,true
74561,596489,4,2,1,true
74567,596537,4,2,1,true
7459,253607,17,2,3,true
74609,895309,6,2,1,true
74611,895333,6,2,1,true
74653,746531,5,2,1,true
74699,149399,1,2,1,true
74717,448303,3,2,1,true
74729,597833,4,2,2,true
74731,448387,3,2,1,true
74759,149519,1,2,1,true
74761,897133,6,2,2,true
74771,448627,3,2,2,true
7481,194507,13,2,2,true
74821,448927,3,2,1,true
74827,748271,5,2,1,true
74869,299477,2,2,1,true
7487,359377,24,2,4,true
74873,898477,6,2,1,true
74933,149867,1,2,1,true
75013,750131,5,2,1,true
75017,450103,3,2,1,true
75029,600233,4,2,1,true
75041,150083,1,2,1,true
75079,300317,2,2,1,true
75109,901309,6,2,1,true
75133,450799,3,2,1,true
75149,601193,4,2,2,true
75161,150323,1,2,1,true
75169,751691,5,2,1,true
7517,195443,13,2,2,true
75193,451159,3,2,1,true
75211,752111,5,2,1,true
75217,300869,2,2,1,true
75223,300893,2,2,1,true
75253,451519,3,2,2,true
75269,602153,4,2,1,true
75277,451663,3,2,1,true
75337,301349,2,2,1,true
75347,452083,3,2,1,true
7537,527591,35,2,2,true
75389,150779,1,2,1,true
75391,904693,6,2,1,true
75401,603209,4,2,1,true
75407,452443,3,2,1,true
75431,452587,3,2,1,true
7547,271693,18,2,1,true
75479,150959,1,2,1,true
7549,211373,14,2,2,true
75503,151007,1,2,1,true
75511,906133,6,2,1,true
75539,604313,4,2,1,true
75541,453247,3,2,1,true
75577,755771,5,2,1,true
7559,514013,34,2,2,true
75617,453703,3,2,1,true
75641,453847,3,2,1,true
75689,151379,1,2,1,true
75703,454219,3,2,1,true
75731,454387,3,2,1,true
75767,454603,3,2,1,true
7577,424313,28,2,3,true
75787,454723,3,2,1,true
75793,454759,3,2,1,true
75821,606569,4,2,2,true
7589,288383,19,2,3,true
7591,318823,21,2,1,true
75913,455479,3,2,1,true
75937,303749,2,2,1,true
75979,911749,6,2,2,true
75991,911893,6,2,2,true
76001,152003,1,2,1,true
76031,152063,1,2,1,true
7607,289067,19,2,2,true
76079,608633,4,2,1,true
76091,152183,1,2,1,true
76129,304517,2,2,1,true
76147,761471,5,2,1,true
76159,761591,5,2,1,true
7621,274357,18,2,4,true
76259,152519,1,2,1,true
76303,763031,5,2,1,true
76379,611033,4,2,1,true
76387,458323,3,2,1,true
76403,916837,6,2,1,true
7643,198719,13,2,2,true
76463,917557,6,2,1,true
76481,917773,6,2,1,true
76493,458959,3,2,1,true
76537,306149,2,2,1,true
76561,918733,6,2,1,true
76579,918949,6,2,1,true
76597,306389,2,2,1,true
76603,459619,3,2,1,true
76651,766511,5,2,1,true
76667,613337,4,2,1,true
76673,460039,3,2,1,true
7669,214733,14,2,4,true
76697,613577,4,2,1,true
7673,184153,12,2,2,true
76819,307277,2,2,1,true
76837,768371,5,2,1,true
76871,153743,1,2,1,true
76883,461299,3,2,1,true
76907,461443,3,2,1,true
76943,153887,1,2,1,true
77017,462103,3,2,1,true
77023,308093,2,2,1,true
77029,770291,5,2,2,true
77041,924493,6,2,1,true
77069,924829,6,2,1,true
77093,925117,6,2,1,true
77101,462607,3,2,1,true
77171,617369,4,2,1,true
77191,926293,6,2,1,true
77201,463207,3,2,1,true
77213,926557,6,2,1,true
77243,463459,3,2,2,true
77261,154523,1,2,1,true
77269,772691,5,2,1,true
77291,463747,3,2,1,true
77317,309269,2,2,1,true
77323,309293,2,2,1,true
77369,928429,6,2,1,true
77377,464263,3,2,1,true
77419,309677,2,2,1,true
77431,464587,3,2,1,true
77471,154943,1,2,1,true
77509,775091,5,2,1,true
77513,465079,3,2,2,true
77527,465163,3,2,1,true
77543,155087,1,2,1,true
77549,620393,4,2,1,true
77557,310229,2,2,1,true
7757,201683,13,2,3,true
77587,465523,3,2,1,true
77647,776471,5,2,1,true
77711,466267,3,2,2,true
77719,777191,5,2,1,true
77723,466339,3,2,1,true
77743,932917,6,2,2,true
77761,466567,3,2,1,true
77783,933397,6,2,1,true
77801,933613,6,2,1,true
77839,778391,5,2,1,true
77849,155699,1,2,1,true
7789,311561,20,2,2,true
77951,935413,6,2,1,true
77977,779771,5,2,1,true
78031,468187,3,2,1,true
78049,312197,2,2,1,true
78059,156119,1,2,1,true
78121,781211,5,2,1,true
7817,234511,15,2,1,true
78173,156347,1,2,1,true
78191,625529,4,2,1,true
78233,156467,1,2,1,true
7823,344213,22,2,2,true
78259,313037,2,2,1,true
78283,313133,2,2,1,true
7829,187897,12,2,3,true
78301,783011,5,2,1,true
78311,156623,1,2,1,true
7841,470461,30,2,3,true
78487,313949,2,2,1,true
78509,157019,1,2,1,true
78553,314213,2,2,1,true
78571,942853,6,2,1,true
78623,157247,1,2,1,true
78643,786431,5,2,1,true
78649,786491,5,2,2,true
78653,943837,6,2,2,true
7873,173207,11,2,2,true
7877,204803,13,2,1,true
78779,945349,6,2,2,true
78781,787811,5,2,2,true
7879,220613,14,2,3,true
78823,788231,5,2,2,true
78839,157679,1,2,1,true
78889,788891,5,2,1,true
78941,473647,3,2,1,true
78977,631817,4,2,1,true
78989,631913,4,2,1,true
79039,948469,6,2,1,true
79087,790871,5,2,1,true
79103,474619,3,2,1,true
79151,158303,1,2,1,true
79181,158363,1,2,1,true
79187,633497,4,2,1,true
79193,475159,3,2,1,true
79201,475207,3,2,1,true
79229,633833,4,2,1,true
79259,158519,1,2,1,true
7927,269519,17,2,4,true
79283,158567,1,2,1,true
79319,951829,6,2,1,true
79333,951997,6,2,2,true
79337,476023,3,2,1,true
79349,634793,4,2,2,true
79357,476143,3,2,1,true
79379,158759,1,2,1,true
79393,793931,5,2,1,true
79399,952789,6,2,1,true
79411,476467,3,2,1,true
79423,794231,5,2,2,true
79433,476599,3,2,2,true
79481,476887,3,2,1,true
7949,238471,15,2,2,true
79493,953917,6,2,1,true
79559,159119,1,2,1,true
79579,795791,5,2,1,true
79589,159179,1,2,1,true
79609,796091,5,2,1,true
79613,159227,1,2,1,true
79621,477727,3,2,1,true
79657,318629,2,2,1,true
79669,318677,2,2,1,true
79687,318749,2,2,1,true
79693,796931,5,2,1,true
79811,159623,1,2,1,true
79813,478879,3,2,1,true
79829,957949,6,2,2,true
79867,319469,2,2,1,true
79889,159779,1,2,1,true
79903,799031,5,2,2,true
79939,319757,2,2,1,true
79973,479839,3,2,1,true
79999,799991,5,2,1,true
80071,480427,3,2,1,true
80149,961789,6,2,1,true
80153,480919,3,2,1,true
80167,320669,2,2,1,true
80191,481147,3,2,1,true
80209,962509,6,2,1,true
80231,481387,3,2,1,true
80233,802331,5,2,1,true
80273,481639,3,2,1,true
80279,642233,4,2,1,true
80309,160619,1,2,1,true
80317,803171,5,2,1,true
80363,482179,3,2,1,true
80369,160739,1,2,1,true
80447,482683,3,2,1,true
80491,482947,3,2,1,true
80513,966157,6,2,1,true
80527,483163,3,2,2,true
80537,644297,4,2,1,true
80599,322397,2,2,1,true
80603,483619,3,2,1,true
80611,806111,5,2,1,true
80621,483727,3,2,1,true
80629,806291,5,2,1,true
80651,161303,1,2,1,true
80669,645353,4,2,2,true
80671,484027,3,2,1,true
80677,322709,2,2,1,true
80681,161363,1,2,1,true
80683,968197,6,2,1,true
80687,645497,4,2,2,true
80701,484207,3,2,1,true
80713,968557,6,2,1,true
80749,807491,5,2,2,true
80803,969637,6,2,1,true
80833,484999,3,2,2,true
80909,970909,6,2,1,true
80923,809231,5,2,1,true
80929,323717,2,2,1,true
80933,971197,6,2,1,true
81017,486103,3,2,1,true
81019,972229,6,2,2,true
81023,486139,3,2,1,true
81077,648617,4,2,1,true
81097,486583,3,2,1,true
81101,973213,6,2,1,true
81131,162263,1,2,1,true
81163,973957,6,2,1,true
81197,487183,3,2,1,true
81223,324893,2,2,1,true
81281,162563,1,2,1,true
81283,325133,2,2,1,true
81307,325229,2,2,1,true
81331,813311,5,2,1,true
81353,488119,3,2,1,true
81359,650873,4,2,1,true
81371,976453,6,2,2,true
81373,488239,3,2,1,true
81401,488407,3,2,1,true
81409,976909,6,2,1,true
81457,488743,3,2,1,true
81463,488779,3,2,1,true
81527,652217,4,2,1,true
81547,326189,2,2,1,true
81611,979333,6,2,2,true
81629,163259,1,2,1,true
81637,326549,2,2,1,true
81649,326597,2,2,1,true
81701,163403,1,2,1,true
8171,212447,13,2,1,true
81749,653993,4,2,1,true
81761,654089,4,2,1,true
81817,818171,5,2,1,true
81899,982789,6,2,1,true
8191,573371,35,2,3,true
81929,163859,1,2,1,true
81943,983317,6,2,2,true
81953,491719,3,2,1,true
82037,656297,4,2,1,true
82067,492403,3,2,1,true
8209,246271,15,2,1,true
82139,164279,1,2,1,true
82141,821411,5,2,1,true
82163,492979,3,2,1,true
82171,493027,3,2,1,true
82183,986197,6,2,1,true
82193,493159,3,2,2,true
82207,328829,2,2,1,true
8221,230189,14,2,1,true
82223,164447,1,2,1,true
82241,493447,3,2,1,true
82267,822671,5,2,1,true
82279,822791,5,2,1,true
82301,493807,3,2,1,true
8231,164621,10,2,2,true
8233,526913,32,2,3,true
82339,988069,6,2,1,true
82351,988213,6,2,2,true
82361,494167,3,2,1,true
82393,494359,3,2,1,true
82457,494743,3,2,1,true
82469,989629,6,2,1,true
82483,989797,6,2,2,true
82493,494959,3,2,2,true
82499,164999,1,2,1,true
82549,825491,5,2,1,true
82561,825611,5,2,1,true
82601,165203,1,2,1,true
8263,181787,11,2,2,true
82657,826571,5,2,1,true
8269,181919,11,2,1,true
82723,496339,3,2,1,true
82781,496687,3,2,1,true
82799,993589,6,2,1,true
82837,331349,2,2,1,true
8287,480647,29,2,2,true
82889,165779,1,2,1,true
82903,331613,2,2,1,true
82913,497479,3,2,1,true
82981,829811,5,2,1,true
83059,830591,5,2,1,true
83077,332309,2,2,1,true
83089,997069,6,2,2,true
83137,831371,5,2,1,true
83177,499063,3,2,1,true
83219,998629,6,2,1,true
83221,499327,3,2,1,true
83227,499363,3,2,1,true
83243,998917,6,2,3,true
83257,333029,2,2,1,true
83299,333197,2,2,1,true
83399,166799,1,2,1,true
83423,166847,1,2,1,true
83431,500587,3,2,1,true
83459,166919,1,2,1,true
83471,667769,4,2,1,true
83477,667817,4,2,1,true
83537,501223,3,2,1,true
83557,501343,3,2,1,true
83561,501367,3,2,1,true
8363,167261,10,2,2,true
83639,669113,4,2,1,true
8369,167381,10,2,2,true
83761,837611,5,2,1,true
83773,837731,5,2,1,true
83777,670217,4,2,1,true
83857,335429,2,2,1,true
83873,167747,1,2,1,true
8389,184559,11,2,3,true
83921,671369,4,2,1,true
83933,503599,3,2,1,true
83969,671753,4,2,1,true
83983,839831,5,2,1,true
84017,504103,3,2,1,true
84059,672473,4,2,1,true
84061,840611,5,2,1,true
84121,504727,3,2,1,true
84131,168263,1,2,1,true
84163,336653,2,2,1,true
84221,505327,3,2,1,true
8423,252691,15,2,2,true
84247,336989,2,2,1,true
84263,168527,1,2,1,true
84299,674393,4,2,2,true
84313,843131,5,2,1,true
84349,337397,2,2,1,true
84377,506263,3,2,1,true
84389,675113,4,2,1,true
84391,506347,3,2,1,true
84431,675449,4,2,2,true
84449,168899,1,2,1,true
84457,506743,3,2,1,true
8447,202729,12,2,4,true
84481,506887,3,2,1,true
84503,169007,1,2,1,true
84523,507139,3,2,1,true
84533,169067,1,2,1,true
84559,338237,2,2,1,true
84629,169259,1,2,1,true
84653,169307,1,2,1,true
84713,169427,1,2,1,true
84761,169523,1,2,1,true
84787,847871,5,2,1,true
84793,339173,2,2,1,true
84859,848591,5,2,1,true
84913,339653,2,2,1,true
84961,509767,3,2,1,true
84991,509947,3,2,1,true
85009,340037,2,2,1,true
85021,510127,3,2,1,true
85027,850271,5,2,1,true
85037,680297,4,2,1,true
85049,170099,1,2,1,true
85061,170123,1,2,1,true
85103,170207,1,2,1,true
85109,680873,4,2,1,true
85133,170267,1,2,1,true
85201,852011,5,2,1,true
85213,511279,3,2,1,true
85247,681977,4,2,1,true
85369,341477,2,2,1,true
8537,170741,10,2,1,true
85381,512287,3,2,1,true
8539,290327,17,2,2,true
85411,512467,3,2,1,true
8543,205033,12,2,1,true
85439,683513,4,2,1,true
85447,512683,3,2,1,true
85453,341813,2,2,1,true
85513,855131,5,2,1,true
85517,513103,3,2,1,true
85523,171047,1,2,1,true
85549,342197,2,2,1,true
85571,513427,3,2,1,true
85601,171203,1,2,1,true
85607,684857,4,2,1,true
85639,856391,5,2,1,true
85667,685337,4,2,1,true
85691,514147,3,2,2,true
85733,171467,1,2,1,true
85817,514903,3,2,1,true
8581,858101,50,2,7,true
85831,858311,5,2,1,true
85843,343373,2,2,1,true
85903,859031,5,2,1,true
85931,171863,1,2,1,true
86027,516163,3,2,1,true
86029,860291,5,2,2,true
86083,516499,3,2,1,true
8609,275489,16,2,2,true
86113,344453,2,2,1,true
86171,689369,4,2,2,true
8623,258691,15,2,2,true
86239,344957,2,2,1,true
86291,172583,1,2,1,true
86297,690377,4,2,1,true
86323,863231,5,2,1,true
86341,518047,3,2,1,true
86371,863711,5,2,1,true
86399,691193,4,2,1,true
86413,864131,5,2,1,true
86461,518767,3,2,1,true
86467,518803,3,2,2,true
86477,518863,3,2,1,true
86491,864911,5,2,1,true
86509,865091,5,2,1,true
86531,692249,4,2,1,true
86533,346133,2,2,1,true
86587,346349,2,2,1,true
86599,346397,2,2,1,true
8669,208057,12,2,2,true
86711,693689,4,2,1,true
86743,867431,5,2,1,true
86767,347069,2,2,1,true
86771,173543,1,2,1,true
86783,520699,3,2,1,true
86851,521107,3,2,1,true
86869,868691,5,2,1,true
87013,348053,2,2,1,true
87037,348149,2,2,1,true
87049,870491,5,2,1,true
87071,174143,1,2,1,true
8713,296243,17,2,2,true
87149,174299,1,2,1,true
87221,174443,1,2,1,true
87253,523519,3,2,1,true
87277,349109,2,2,1,true
87293,523759,3,2,1,true
87299,698393,4,2,2,true
87317,523903,3,2,1,true
87383,174767,1,2,1,true
8741,174821,10,2,3,true
87427,349709,2,2,1,true
87433,874331,5,2,2,true
8747,209929,12,2,1,true
87491,524947,3,2,1,true
87523,350093,2,2,1,true
87539,175079,1,2,1,true
87541,525247,3,2,1,true
87559,875591,5,2,2,true
87613,350453,2,2,1,true
87643,876431,5,2,1,true
87671,526027,3,2,1,true
87679,876791,5,2,1,true
87697,350789,2,2,1,true
87701,175403,1,2,1,true
87743,526459,3,2,1,true
87767,702137,4,2,1,true
8779,193139,11,2,2,true
87793,526759,3,2,1,true
87943,351773,2,2,1,true
87959,175919,1,2,1,true
88003,880031,5,2,1,true
88019,704153,4,2,1,true
88037,528223,3,2,1,true
8803,880301,50,2,5,true
8807,211369,12,2,3,true
88093,528559,3,2,1,true
88117,881171,5,2,1,true
88237,352949,2,2,1,true
88289,706313,4,2,1,true
88301,529807,3,2,1,true
8831,335579,19,2,3,true
88321,529927,3,2,1,true
88339,883391,5,2,1,true
8839,512663,29,2,2,true
88423,530539,3,2,1,true
88469,707753,4,2,1,true
88591,531547,3,2,1,true
88607,708857,4,2,1,true
88651,886511,5,2,1,true
88661,177323,1,2,1,true
8867,762563,43,2,4,true
88721,709769,4,2,2,true
88741,532447,3,2,1,true
88801,888011,5,2,1,true
88811,177623,1,2,1,true
88843,888431,5,2,1,true
88861,533167,3,2,1,true
88919,177839,1,2,1,true
88937,711497,4,2,1,true
89051,178103,1,2,1,true
89071,890711,5,2,1,true
89087,712697,4,2,1,true
89101,534607,3,2,1,true
89123,534739,3,2,2,true
89137,356549,2,2,1,true
89153,178307,1,2,1,true
89203,535219,3,2,1,true
89227,892271,5,2,1,true
8929,196439,11,2,2,true
89381,715049,4,2,2,true
89399,178799,1,2,1,true
89413,536479,3,2,2,true
8941,375523,21,2,1,true
89443,894431,5,2,1,true
89491,536947,3,2,1,true
89501,537007,3,2,1,true
89513,537079,3,2,1,true
89521,537127,3,2,1,true
89527,358109,2,2,1,true
89567,537403,3,2,1,true
8963,179261,10,2,1,true
89653,358613,2,2,1,true
89659,358637,2,2,1,true
89681,717449,4,2,1,true
89753,538519,3,2,1,true
89759,179519,1,2,1,true
89767,359069,2,2,1,true
89809,898091,5,2,1,true
89821,538927,3,2,1,true
89839,359357,2,2,1,true
89891,539347,3,2,1,true
89897,719177,4,2,1,true
89917,539503,3,2,1,true
89983,539899,3,2,1,true
90011,180023,1,2,1,true
90031,540187,3,2,1,true
90067,900671,5,2,1,true
90071,720569,4,2,1,true
90073,360293,2,2,1,true
90089,180179,1,2,1,true
9011,180221,10,2,2,true
90121,901211,5,2,1,true
9013,324469,18,2,1,true
90163,360653,2,2,1,true
90187,360749,2,2,1,true
90191,721529,4,2,1,true
90197,721577,4,2,1,true
90217,360869,2,2,1,true
90227,541363,3,2,1,true
90247,360989,2,2,1,true
90263,541579,3,2,1,true
90281,180563,1,2,1,true
9029,559799,31,2,5,true
90353,542119,3,2,1,true
90401,723209,4,2,1,true
9043,596839,33,2,4,true
9049,380059,21,2,3,true
90511,905111,5,2,1,true
90523,543139,3,2,2,true
90527,543163,3,2,1,true
90529,905291,5,2,1,true
90583,362333,2,2,1,true
90631,543787,3,2,1,true
90647,543883,3,2,1,true
90697,544183,3,2,1,true
90703,907031,5,2,1,true
90787,363149,2,2,1,true
90793,363173,2,2,1,true
90803,181607,1,2,1,true
90821,544927,3,2,1,true
90833,181667,1,2,1,true
90847,908471,5,2,1,true
90907,545443,3,2,1,true
90947,727577,4,2,1,true
90971,545827,3,2,2,true
90977,545863,3,2,1,true
90997,363989,2,2,1,true
9103,819271,45,2,4,true
9109,255053,14,2,1,true
91121,182243,1,2,1,true
91129,911291,5,2,1,true
91139,182279,1,2,1,true
91153,546919,3,2,1,true
91249,364997,2,2,1,true
91291,547747,3,2,1,true
91297,912971,5,2,1,true
9137,402029,22,2,2,true
91381,913811,5,2,1,true
91387,548323,3,2,1,true
91459,914591,5,2,2,true
91463,182927,1,2,1,true
91529,732233,4,2,2,true
91573,366293,2,2,1,true
91577,732617,4,2,1,true
91583,183167,1,2,1,true
9161,274831,15,2,1,true
91631,183263,1,2,1,true
91691,183383,1,2,1,true
91711,550267,3,2,1,true
9173,330229,18,2,3,true
91753,550519,3,2,1,true
91801,918011,5,2,1,true
91807,550843,3,2,2,true
91823,550939,3,2,1,true
91837,918371,5,2,1,true
91841,183683,1,2,1,true
91867,367469,2,2,1,true
91909,367637,2,2,1,true
91951,919511,5,2,1,true
91957,551743,3,2,1,true
91961,551767,3,2,1,true
9199,533543,29,2,2,true
92003,184007,1,2,1,true
9203,220873,12,2,3,true
92041,920411,5,2,1,true
92051,736409,4,2,1,true
92119,921191,5,2,1,true
9221,295073,16,2,2,true
92233,922331,5,2,1,true
92251,922511,5,2,2,true
92269,369077,2,2,1,true
9227,405989,22,2,1,true
92311,553867,3,2,1,true
92317,369269,2,2,1,true
92363,184727,1,2,1,true
92377,554263,3,2,1,true
9241,757763,41,2,4,true
92419,924191,5,2,1,true
92479,369917,2,2,1,true
92507,555043,3,2,1,true
9257,462851,25,2,3,true
92581,555487,3,2,1,true
92671,556027,3,2,1,true
92681,185363,1,2,1,true
92699,741593,4,2,1,true
92707,556243,3,2,1,true
92737,370949,2,2,1,true
92753,556519,3,2,1,true
92767,371069,2,2,1,true
92779,927791,5,2,1,true
92849,185699,1,2,1,true
92861,185723,1,2,1,true
92863,371453,2,2,1,true
92893,371573,2,2,1,true
92951,743609,4,2,2,true
92959,371837,2,2,1,true
92993,185987,1,2,1,true
93001,930011,5,2,2,true
93053,186107,1,2,1,true
93059,186119,1,2,1,true
93083,558499,3,2,1,true
93097,558583,3,2,1,true
93131,558787,3,2,1,true
93169,372677,2,2,1,true
93229,372917,2,2,1,true
93239,186479,1,2,1,true
93281,559687,3,2,1,true
93307,373229,2,2,1,true
93323,186647,1,2,1,true
93337,373349,2,2,1,true
93371,560227,3,2,2,true
9343,317663,17,2,3,true
93479,186959,1,2,1,true
93481,934811,5,2,2,true
93503,561019,3,2,1,true
93523,374093,2,2,1,true
93529,374117,2,2,1,true
93557,561343,3,2,1,true
93559,935591,5,2,1,true
93563,187127,1,2,1,true
93581,187163,1,2,1,true
93683,187367,1,2,1,true
93763,562579,3,2,1,true
93809,750473,4,2,1,true
93827,562963,3,2,1,true
93851,750809,4,2,1,true
93893,563359,3,2,2,true
93901,939011,5,2,1,true
93911,187823,1,2,1,true
93941,187883,1,2,1,true
93979,939791,5,2,1,true
93997,939971,5,2,1,true
94033,376133,2,2,1,true
9403,658211,35,2,3,true
94079,188159,1,2,1,true
94111,564667,3,2,1,true
94117,564703,3,2,2,true
94151,188303,1,2,1,true
94153,564919,3,2,1,true
9421,376841,20,2,2,true
94261,565567,3,2,1,true
94351,943511,5,2,2,true
9437,358607,19,2,2,true
94379,755033,4,2,1,true
9439,377561,20,2,2,true
94427,566563,3,2,1,true
94447,377789,2,2,1,true
94463,188927,1,2,1,true
94531,567187,3,2,1,true
94543,945431,5,2,1,true
94561,567367,3,2,1,true
94573,567439,3,2,1,true
94583,567499,3,2,1,true
94603,946031,5,2,1,true
94651,946511,5,2,1,true
94693,946931,5,2,1,true
94727,568363,3,2,1,true
94771,947711,5,2,2,true
94789,379157,2,2,1,true
94841,569047,3,2,1,true
94847,569083,3,2,1,true
94849,379397,2,2,1,true
94889,759113,4,2,1,true
94903,569419,3,2,1,true
9491,569461,30,2,4,true
94933,569599,3,2,1,true
9497,246923,13,2,2,true
94999,379997,2,2,1,true
95021,760169,4,2,1,true
95083,570499,3,2,2,true
95107,570643,3,2,1,true
9511,456529,24,2,3,true
9521,247547,13,2,1,true
95233,571399,3,2,1,true
95317,571903,3,2,1,true
9533,228793,12,2,1,true
95383,953831,5,2,2,true
95393,190787,1,2,1,true
95401,954011,5,2,1,true
95413,572479,3,2,1,true
95471,572827,3,2,1,true
95479,381917,2,2,1,true
95527,573163,3,2,1,true
95531,764249,4,2,1,true
95549,191099,1,2,1,true
95561,191123,1,2,1,true
95581,573487,3,2,1,true
95621,764969,4,2,1,true
95723,191447,1,2,1,true
95737,574423,3,2,1,true
95773,957731,5,2,1,true
95783,574699,3,2,1,true
95789,191579,1,2,1,true
95819,766553,4,2,1,true
95873,191747,1,2,1,true
95891,191783,1,2,1,true
95923,383693,2,2,1,true
96013,960131,5,2,1,true
9601,441647,23,2,3,true
96043,384173,2,2,1,true
96053,576319,3,2,1,true
96199,961991,5,2,1,true
96221,577327,3,2,1,true
9623,192461,10,2,1,true
96233,577399,3,2,1,true
96323,577939,3,2,1,true
96401,578407,3,2,1,true
96443,192887,1,2,1,true
96487,578923,3,2,1,true
96493,578959,3,2,1,true
9649,617537,32,2,4,true
96517,965171,5,2,1,true
96581,193163,1,2,1,true
96601,966011,5,2,1,true
9661,405763,21,2,3,true
96643,966431,5,2,1,true
96697,580183,3,2,1,true
96703,580219,3,2,1,true
96737,773897,4,2,1,true
96739,967391,5,2,1,true
9679,271013,14,2,1,true
96821,580927,3,2,1,true
96823,580939,3,2,1,true
96851,193703,1,2,1,true
96857,581143,3,2,1,true
96907,581443,3,2,1,true
96979,387917,2,2,1,true
97003,970031,5,2,1,true
97007,776057,4,2,1,true
97117,971171,5,2,1,true
97127,582763,3,2,1,true
97159,971591,5,2,1,true
97241,194483,1,2,1,true
97301,778409,4,2,1,true
97367,584203,3,2,1,true
9739,389561,20,2,5,true
97453,974531,5,2,2,true
97459,974591,5,2,1,true
9749,194981,10,2,2,true
97499,779993,4,2,1,true
97511,195023,1,2,1,true
97523,195047,1,2,1,true
97561,585367,3,2,1,true
97609,390437,2,2,1,true
97687,586123,3,2,1,true
9769,234457,12,2,2,true
97771,586627,3,2,1,true
97787,782297,4,2,2,true
97843,391373,2,2,1,true
97847,782777,4,2,1,true
97849,391397,2,2,1,true
97861,978611,5,2,1,true
97871,195743,1,2,1,true
97927,587563,3,2,1,true
97931,195863,1,2,1,true
97943,195887,1,2,1,true
98017,392069,2,2,1,true
9803,235273,12,2,1,true
98047,980471,5,2,1,true
98081,784649,4,2,1,true
9811,215843,11,2,2,true
98123,196247,1,2,1,true
98129,785033,4,2,1,true
9817,333779,17,2,1,true
98207,589243,3,2,1,true
98221,589327,3,2,1,true
98251,589507,3,2,1,true
98257,982571,5,2,1,true
98269,393077,2,2,1,true
98317,589903,3,2,1,true
98321,196643,1,2,1,true
9833,196661,10,2,1,true
98369,196739,1,2,1,true
98377,590263,3,2,1,true
98387,590323,3,2,1,true
98389,393557,2,2,1,true
98407,393629,2,2,1,true
98411,787289,4,2,1,true
98453,590719,3,2,2,true
98519,788153,4,2,1,true
98543,591259,3,2,1,true
98561,197123,1,2,1,true
98563,985631,5,2,1,true
98573,197147,1,2,1,true
9859,769003,39,2,3,true
98621,197243,1,2,1,true
98711,197423,1,2,1,true
98717,592303,3,2,1,true
98773,592639,3,2,2,true
98807,592843,3,2,1,true
98837,790697,4,2,1,true
9887,355933,18,2,3,true
98963,197927,1,2,1,true
98981,197963,1,2,1,true
98999,791993,4,2,1,true
9901,396041,20,2,3,true
99017,594103,3,2,1,true
99023,198047,1,2,1,true
99041,198083,1,2,1,true
99083,594499,3,2,1,true
99089,792713,4,2,2,true
99103,396413,2,2,1,true
99133,396533,2,2,1,true
99173,198347,1,2,1,true
99181,991811,5,2,2,true
99223,595339,3,2,1,true
99251,198503,1,2,1,true
99259,992591,5,2,2,true
99289,992891,5,2,1,true
99317,794537,4,2,1,true
99367,397469,2,2,1,true
99431,596587,3,2,1,true
99439,397757,2,2,1,true
99527,796217,4,2,1,true
99551,199103,1,2,1,true
99559,995591,5,2,1,true
99607,597643,3,2,1,true
99623,199247,1,2,1,true
99643,597859,3,2,1,true
99733,398933,2,2,1,true
99787,399149,2,2,1,true
99817,598903,3,2,1,true
99833,598999,3,2,1,true
99839,199679,1,2,1,true
99901,599407,3,2,1,true
99961,999611,5,2,1,true
10007,380267,19,2,2,true
10037,541999,27,2,3,true
10039,220859,11,2,2,true
10099,242377,12,2,2,true
10139,324449,16,2,2,true
10151,263927,13,2,1,true
10181,488689,24,2,4,true
10193,244633,12,2,1,true
10243,225347,11,2,2,true
10247,491857,24,2,3,true
10259,759167,37,2,6,true
10273,226007,11,2,1,true
10289,246937,12,2,1,true
10301,206021,10,2,1,true
10343,310291,15,2,1,true
10369,870997,42,2,2,true
10429,354587,17,2,2,true
10463,460373,22,2,2,true
10559,253417,12,2,3,true
10601,381637,18,2,3,true
10607,275783,13,2,3,true
10631,403979,19,2,2,true
10651,234323,11,2,2,true
10663,383869,18,2,3,true
10667,917363,43,2,8,true
10709,257017,12,2,3,true
10723,450367,21,2,4,true
10739,451039,21,2,3,true
10789,517873,24,2,3,true
10831,433241,20,2,3,true
10837,260089,12,2,1,true
10847,260329,12,2,1,true
10853,455827,21,2,3,true
10861,238943,11,2,3,true
10889,217781,10,2,2,true
10937,262489,12,2,1,true
10957,372539,17,2,1,true
10987,527377,24,2,3,true
11027,286703,13,2,1,true
11047,640727,29,2,5,true
11069,354209,16,2,1,true
11083,376823,17,2,2,true
11119,244619,11,2,2,true
11131,467503,21,2,1,true
11149,602047,27,2,3,true
11177,424727,19,2,2,true
11213,224261,10,2,1,true
11239,247259,11,2,1,true
11243,292319,13,2,2,true
11287,316037,14,2,2,true
11299,316373,14,2,6,true
11321,339631,15,2,4,true
11329,271897,12,2,2,true
11399,843527,37,2,2,true
11411,296687,13,2,2,true
11437,320237,14,2,3,true
11497,275929,12,2,2,true
11551,531347,23,2,2,true
11633,302459,13,2,2,true
11681,443879,19,2,3,true
11731,680399,29,2,4,true
11779,282697,12,2,1,true
11807,519509,22,2,4,true
11827,780583,33,2,2,true
11833,709981,30,2,4,true
11839,497239,21,2,3,true
11867,427213,18,2,1,true
11887,285289,12,2,1,true
11923,548459,23,2,3,true
11933,286393,12,2,2,true
11969,287257,12,2,3,true
11981,862633,36,2,5,true
12071,241421,10,2,1,true
12073,265607,11,2,1,true
12149,364471,15,2,1,true
12157,340397,14,2,2,true
12161,753983,31,2,3,true
12239,244781,10,2,1,true
12241,440677,18,2,3,true
12253,661663,27,2,4,true
12263,245261,10,2,2,true
12343,444349,18,2,1,true
12409,421907,17,2,3,true
12473,399137,16,2,2,true
12479,524119,21,2,3,true
12487,424559,17,2,3,true
12503,325079,13,2,2,true
12527,300649,12,2,1,true
12541,376231,15,2,2,true
12553,451909,18,2,1,true
12569,477623,19,2,3,true
12577,427619,17,2,2,true
12589,352493,14,2,1,true
12611,403553,16,2,1,true
12659,481043,19,2,5,true
12671,380131,15,2,2,true
12721,279863,11,2,1,true
12823,435983,17,2,3,true
12841,359549,14,2,3,true
12907,309769,12,2,1,true
12917,335843,13,2,1,true
12923,335999,13,2,2,true
12953,647651,25,2,2,true
12979,285539,11,2,1,true
13007,338183,13,2,2,true
13009,286199,11,2,2,true
13063,391891,15,2,4,true
13093,314233,12,2,1,true
13103,419297,16,2,1,true
13109,812759,31,2,5,true
13121,787261,30,2,3,true
13127,262541,10,2,2,true
13147,394411,15,2,3,true
13159,368453,14,2,2,true
13171,368789,14,2,3,true
13187,342863,13,2,1,true
13217,502247,19,2,2,true
13219,317257,12,2,1,true
13259,954649,36,2,4,true
13291,398731,15,2,3,true
13309,399271,15,2,2,true
13327,373157,14,2,4,true
13337,346763,13,2,1,true
13339,453527,17,2,3,true
13381,294383,11,2,4,true
13397,267941,10,2,2,true
13421,402631,15,2,3,true
13469,673451,25,2,1,true
13477,646897,24,2,3,true
13499,269981,10,2,1,true
13613,353939,13,2,2,true
13669,300719,11,2,2,true
13681,547241,20,2,4,true
13687,656977,24,2,2,true
13691,273821,10,2,2,true
13693,328633,12,2,3,true
13757,357683,13,2,1,true
13759,330217,12,2,1,true
13781,578803,21,2,1,true
13831,387269,14,2,2,true
13873,471683,17,2,2,true
13877,333049,12,2,1,true
13879,333097,12,2,2,true
13903,500509,18,2,3,true
13913,278261,10,2,2,true
13921,417631,15,2,2,true
13963,754003,27,2,5,true
13967,838021,30,2,2,true
14009,420271,15,2,4,true
14029,561161,20,2,2,true
14071,562841,20,2,2,true
14081,591403,21,2,4,true
14107,761779,27,2,2,true
14143,339433,12,2,2,true
14197,425911,15,2,4,true
14221,312863,11,2,3,true
14251,570041,20,2,1,true
14341,745733,26,2,3,true
14369,689713,24,2,3,true
14411,374687,13,2,3,true
14419,490247,17,2,1,true
14423,894227,31,2,6,true
14447,375623,13,2,2,true
14449,433471,15,2,1,true
14489,463649,16,2,2,true
14519,348457,12,2,1,true
14533,319727,11,2,1,true
14543,436291,15,2,2,true
14549,727451,25,2,2,true
14563,524269,18,2,2,true
14633,731651,25,2,3,true
14683,323027,11,2,2,true
14731,589241,20,2,2,true
14741,294821,10,2,3,true
14753,354073,12,2,2,true
14771,620383,21,2,2,true
14783,620887,21,2,3,true
14797,710257,24,2,2,true
14813,385139,13,2,2,true
14827,444811,15,2,2,true
14831,385607,13,2,2,true
14851,623743,21,2,3,true
14897,446911,15,2,1,true
14929,358297,12,2,2,true
14947,538093,18,2,1,true
14951,448531,15,2,2,true
14957,568367,19,2,2,true
14983,599321,20,2,4,true
15017,540613,18,2,2,true
15031,330683,11,2,2,true
15053,481697,16,2,2,true
15061,421709,14,2,2,true
15083,663653,22,2,5,true
15091,422549,14,2,3,true
15107,362569,12,2,3,true
15227,304541,10,2,1,true
15259,366217,12,2,1,true
15271,733009,24,2,1,true
15277,611081,20,2,1,true
15289,611561,20,2,2,true
15313,336887,11,2,2,true
15331,337283,11,2,2,true
15383,553789,18,2,2,true
15401,646843,21,2,3,true
15443,401519,13,2,1,true
15467,464011,15,2,2,true
15511,465331,15,2,2,true
15527,403703,13,2,1,true
15551,311021,10,2,3,true
15559,342299,11,2,2,true
15583,467491,15,2,2,true
15629,312581,10,2,2,true
15643,531863,17,2,1,true
15647,312941,10,2,3,true
15671,470131,15,2,1,true
15679,376297,12,2,1,true
15731,471931,15,2,3,true
15749,503969,16,2,1,true
15761,504353,16,2,2,true
15767,409943,13,2,3,true
15787,473611,15,2,3,true
15877,444557,14,2,2,true
15889,444893,14,2,2,true
15913,350087,11,2,2,true
15971,479131,15,2,1,true
16007,320141,10,2,2,true
16057,642281,20,2,2,true
16063,674647,21,2,2,true
16067,321341,10,2,1,true
16087,933047,29,2,2,true
16091,482731,15,2,4,true
16097,386329,12,2,1,true
16127,419303,13,2,3,true
16139,322781,10,2,2,true
16187,874099,27,2,6,true
16189,453293,14,2,2,true
16193,582949,18,2,3,true
16231,357083,11,2,3,true
16349,784753,24,2,3,true
16417,459677,14,2,1,true
16433,394393,12,2,2,true
16451,493531,15,2,2,true
16519,495571,15,2,1,true
16547,628787,19,2,1,true
16567,497011,15,2,1,true
16619,398857,12,2,3,true
16631,498931,15,2,3,true
16649,832451,25,2,3,true
16691,333821,10,2,3,true
16693,600949,18,2,3,true
16759,469253,14,2,1,true
16763,335261,10,2,2,true
16829,538529,16,2,3,true
16843,370547,11,2,1,true
16889,912007,27,2,2,true
16927,778643,23,2,6,true
16963,373187,11,2,3,true
16987,577559,17,2,2,true
17029,374639,11,2,1,true
17041,374903,11,2,2,true
17053,511591,15,2,2,true
17117,513511,15,2,3,true
17123,445199,13,2,3,true
17191,687641,20,2,1,true
17209,585107,17,2,1,true
17231,516931,15,2,4,true
17239,413737,12,2,1,true
17321,346421,10,2,2,true
17341,624277,18,2,2,true
17359,486053,14,2,2,true
17377,590819,17,2,1,true
17383,382427,11,2,1,true
17393,974009,28,2,3,true
17471,454247,13,2,2,true
17477,419449,12,2,1,true
17483,874151,25,2,1,true
17489,559649,16,2,1,true
17497,419929,12,2,1,true
17539,841873,24,2,6,true
17551,491429,14,2,2,true
17573,562337,16,2,2,true
17597,668687,19,2,1,true
17623,528691,15,2,2,true
17627,528811,15,2,1,true
17669,883451,25,2,5,true
17683,707321,20,2,2,true
17747,638893,18,2,1,true
17789,533671,15,2,1,true
17807,356141,10,2,1,true
17837,463763,13,2,2,true
17921,465947,13,2,1,true
17923,967843,27,2,4,true
17929,717161,20,2,2,true
17981,359621,10,2,2,true
17989,755539,21,2,2,true
18061,505709,14,2,1,true
18169,399719,11,2,1,true
18223,546691,15,2,4,true
18257,438169,12,2,2,true
18289,402359,11,2,1,true
18311,366221,10,2,1,true
18329,696503,19,2,1,true
18353,587297,16,2,2,true
18367,514277,14,2,3,true
18397,551911,15,2,5,true
18433,405527,11,2,2,true
18443,442633,12,2,3,true
18493,554791,15,2,2,true
18503,370061,10,2,1,true
18553,630803,17,2,2,true
18587,557611,15,2,1,true
18593,594977,16,2,1,true
18661,783763,21,2,2,true
18731,487007,13,2,2,true
18749,374981,10,2,2,true
18839,565171,15,2,2,true
18919,908113,24,2,2,true
18947,378941,10,2,2,true
18973,645083,17,2,2,true
18979,797119,21,2,2,true
19009,418199,11,2,1,true
19013,684469,18,2,3,true
19031,380621,10,2,2,true
19037,571111,15,2,2,true
19051,800143,21,2,2,true
19121,611873,16,2,1,true
19139,956951,25,2,3,true
19207,460969,12,2,3,true
19211,614753,16,2,2,true
19249,577471,15,2,2,true
19267,462409,12,2,3,true
19289,462937,12,2,2,true
19333,463993,12,2,1,true
19403,814927,21,2,2,true
19423,427307,11,2,2,true
19427,388541,10,2,1,true
19429,544013,14,2,2,true
19447,466729,12,2,3,true
19501,780041,20,2,2,true
19541,390821,10,2,2,true
19571,508847,13,2,2,true
19577,978851,25,2,2,true
19603,470473,12,2,3,true
19697,945457,24,2,2,true
19717,670379,17,2,1,true
19753,474073,12,2,1,true
19759,434699,11,2,1,true
19777,711973,18,2,2,true
19813,673643,17,2,1,true
19819,832399,21,2,2,true
19913,477913,12,2,3,true
19963,598891,15,2,2,true
20021,600631,15,2,3,true
20089,562493,14,2,3,true
20113,603391,15,2,2,true
20143,443147,11,2,1,true
20147,604411,15,2,2,true
20161,443543,11,2,2,true
20233,930719,23,2,5,true
20261,405221,10,2,2,true
20323,812921,20,2,3,true
20333,528659,13,2,2,true
20341,935687,23,2,3,true
20347,488329,12,2,1,true
20357,773567,19,2,1,true
20359,488617,12,2,3,true
20389,489337,12,2,2,true
20411,653153,16,2,3,true
20441,735877,18,2,3,true
20477,532403,13,2,1,true
20479,491497,12,2,2,true
20507,410141,10,2,3,true
20533,944519,23,2,2,true
20549,493177,12,2,1,true
20627,907589,22,2,1,true
20639,660449,16,2,3,true
20753,498073,12,2,4,true
20809,457799,11,2,1,true
20887,626611,15,2,2,true
20959,503017,12,2,2,true
20981,755317,18,2,2,true
21017,420341,10,2,1,true
21101,759637,18,2,1,true
21211,636331,15,2,1,true
21247,594917,14,2,1,true
21317,639511,15,2,2,true
21319,596933,14,2,1,true
21347,640411,15,2,4,true
21377,427541,10,2,1,true
21397,513529,12,2,1,true
21503,688097,16,2,3,true
21517,602477,14,2,4,true
21529,904219,21,2,2,true
21557,431141,10,2,1,true
21559,646771,15,2,2,true
21563,560639,13,2,3,true
21577,863081,20,2,3,true
21599,820763,19,2,1,true
21601,604829,14,2,3,true
21617,518809,12,2,1,true
21649,476279,11,2,1,true
21683,433661,10,2,2,true
21739,478259,11,2,1,true
21767,522409,12,2,3,true
21799,523177,12,2,2,true
21817,610877,14,2,2,true
21841,480503,11,2,1,true
21851,655531,15,2,1,true
21859,918079,21,2,2,true
21871,787357,18,2,2,true
21881,568907,13,2,2,true
21911,920263,21,2,1,true
21943,526633,12,2,1,true
21991,615749,14,2,3,true
21997,879881,20,2,3,true
22027,616757,14,2,1,true
22031,704993,16,2,2,true
22153,797509,18,2,2,true
22157,664711,15,2,2,true
22193,532633,12,2,1,true
22229,978077,22,2,4,true
22247,845387,19,2,1,true
22259,712289,16,2,2,true
22277,445541,10,2,1,true
22279,757487,17,2,3,true
22283,802189,18,2,2,true
22367,805213,18,2,1,true
22391,582167,13,2,2,true
22397,671911,15,2,1,true
22433,942187,21,2,3,true
22501,630029,14,2,2,true
22531,675931,15,2,2,true
22621,497663,11,2,3,true
22639,679171,15,2,2,true
22691,862259,19,2,1,true
22697,590123,13,2,1,true
22741,636749,14,2,2,true
22769,455381,10,2,1,true
22783,911321,20,2,1,true
22877,823573,18,2,1,true
22963,551113,12,2,3,true
23003,736097,16,2,3,true
23011,828397,18,2,2,true
23017,690511,15,2,2,true
23021,828757,18,2,1,true
23027,875027,19,2,4,true
23029,690871,15,2,2,true
23041,506903,11,2,2,true
23059,553417,12,2,2,true
23063,553513,12,2,1,true
23117,601043,13,2,2,true
23159,880043,19,2,2,true
23201,464021,10,2,2,true
23251,511523,11,2,1,true
23279,465581,10,2,2,true
23311,512843,11,2,2,true
23321,699631,15,2,3,true
23327,559849,12,2,1,true
23333,606659,13,2,3,true
23399,982759,21,2,2,true
23447,844093,18,2,3,true
23539,564937,12,2,1,true
23563,848269,18,2,3,true
23593,802163,17,2,3,true
23609,566617,12,2,1,true
23629,661613,14,2,2,true
23633,708991,15,2,1,true
23671,520763,11,2,1,true
23719,521819,11,2,1,true
23767,950681,20,2,1,true
23773,523007,11,2,2,true
23887,573289,12,2,2,true
23893,812363,17,2,1,true
24043,528947,11,2,2,true
24077,722311,15,2,3,true
24103,819503,17,2,2,true
24229,678413,14,2,1,true
24329,924503,19,2,4,true
24371,779873,16,2,1,true
24407,732211,15,2,1,true
24413,781217,16,2,3,true
24623,886429,18,2,2,true
24793,743791,15,2,2,true
24809,793889,16,2,1,true
24821,943199,19,2,4,true
24859,696053,14,2,2,true
24977,649403,13,2,1,true
24989,499781,10,2,1,true
25031,800993,16,2,1,true
25057,751711,15,2,2,true
25121,502421,10,2,1,true
25153,855203,17,2,3,true
25189,705293,14,2,1,true
25253,808097,16,2,2,true
25309,860507,17,2,3,true
25321,759631,15,2,2,true
25343,506861,10,2,1,true
25373,608953,12,2,4,true
25391,507821,10,2,1,true
25469,611257,12,2,2,true
25471,713189,14,2,1,true
25577,511541,10,2,3,true
25583,613993,12,2,2,true
25621,563663,11,2,2,true
25667,513341,10,2,1,true
25733,926389,18,2,2,true
25793,619033,12,2,2,true
25819,568019,11,2,1,true
25939,570659,11,2,1,true
25943,933949,18,2,2,true
26017,884579,17,2,3,true
26021,780631,15,2,3,true
26083,938989,18,2,1,true
26099,626377,12,2,2,true
26153,627673,12,2,1,true
26237,944533,18,2,2,true
26261,840353,16,2,2,true
26267,998147,19,2,3,true
26321,684347,13,2,1,true
26347,632329,12,2,2,true
26479,900287,17,2,3,true
26513,530261,10,2,2,true
26539,796171,15,2,2,true
26627,639049,12,2,3,true
26711,694487,13,2,2,true
26731,588083,11,2,2,true
26861,537221,10,2,3,true
26893,645433,12,2,2,true
26927,700103,13,2,3,true
26953,592967,11,2,1,true
26981,539621,10,2,1,true
27059,541181,10,2,1,true
27361,601943,11,2,2,true
27409,602999,11,2,1,true
27509,550181,10,2,2,true
27539,826171,15,2,3,true
27617,552341,10,2,2,true
27689,664537,12,2,2,true
27701,886433,16,2,3,true
27739,776693,14,2,1,true
27779,666697,12,2,2,true
27793,944963,17,2,2,true
27803,667273,12,2,1,true
27817,834511,15,2,2,true
27851,557021,10,2,2,true
27883,836491,15,2,4,true
27919,614219,11,2,3,true
28057,785597,14,2,2,true
28109,562181,10,2,1,true
28111,843331,15,2,1,true
28123,618707,11,2,1,true
28181,845431,15,2,1,true
28283,565661,10,2,1,true
28289,905249,16,2,4,true
28297,792317,14,2,3,true
28513,969443,17,2,3,true
28537,856111,15,2,2,true
28541,570821,10,2,2,true
28591,800549,14,2,3,true
28631,744407,13,2,1,true
28643,687433,12,2,2,true
28661,917153,16,2,3,true
28669,974747,17,2,4,true
28697,573941,10,2,1,true
28789,863671,15,2,2,true
28867,866011,15,2,2,true
28879,635339,11,2,1,true
28901,578021,10,2,2,true
28921,636263,11,2,1,true
28927,983519,17,2,1,true
29017,812477,14,2,1,true
29023,870691,15,2,1,true
29033,696793,12,2,2,true
29131,815669,14,2,1,true
29147,699529,12,2,1,true
29173,991883,17,2,2,true
29179,992087,17,2,3,true
29251,819029,14,2,2,true
29287,820037,14,2,3,true
29333,762659,13,2,1,true
29389,822893,14,2,2,true
29567,591341,10,2,1,true
29573,887191,15,2,2,true
29633,592661,10,2,1,true
29759,595181,10,2,3,true
29873,716953,12,2,2,true
29879,597581,10,2,1,true
29989,659759,11,2,3,true
30029,720697,12,2,1,true
30047,721129,12,2,1,true
30139,723337,12,2,2,true
30181,845069,14,2,5,true
30211,845909,14,2,3,true
30269,726457,12,2,2,true
30367,728809,12,2,2,true
30469,731257,12,2,1,true
30491,914731,15,2,2,true
30509,732217,12,2,2,true
30553,733273,12,2,3,true
30637,919111,15,2,2,true
30707,798383,13,2,2,true
30803,739273,12,2,2,true
30839,986849,16,2,2,true
30853,740473,12,2,2,true
30859,864053,14,2,1,true
30971,991073,16,2,2,true
31013,620261,10,2,1,true
31091,994913,16,2,3,true
31153,685367,11,2,2,true
31181,623621,10,2,3,true
31183,686027,11,2,1,true
31189,873293,14,2,1,true
31337,626741,10,2,1,true
31393,941791,15,2,3,true
31469,629381,10,2,4,true
31481,944431,15,2,2,true
31513,945391,15,2,2,true
31541,820067,13,2,2,true
31547,630941,10,2,1,true
31583,757993,12,2,2,true
31687,760489,12,2,2,true
31699,697379,11,2,2,true
31751,635021,10,2,2,true
31907,957211,15,2,1,true
32027,832703,13,2,2,true
32099,641981,10,2,1,true
32183,772393,12,2,3,true
32213,644261,10,2,1,true
32237,967111,15,2,2,true
32261,967831,15,2,1,true
32297,645941,10,2,2,true
32299,968971,15,2,2,true
32303,775273,12,2,1,true
32309,775417,12,2,2,true
32533,975991,15,2,3,true
32603,978091,15,2,2,true
32713,981391,15,2,2,true
32779,721139,11,2,1,true
32783,983491,15,2,3,true
32831,984931,15,2,3,true
32843,985291,15,2,4,true
32969,989071,15,2,2,true
32987,659741,10,2,3,true
33113,662261,10,2,2,true
33181,995431,15,2,3,true
33317,799609,12,2,1,true
33331,933269,14,2,4,true
33353,800473,12,2,2,true
33409,801817,12,2,1,true
33457,802969,12,2,2,true
33529,804697,12,2,2,true
33599,671981,10,2,1,true
33619,806857,12,2,1,true
33767,675341,10,2,1,true
33857,880283,13,2,2,true
33931,746483,11,2,1,true
33967,815209,12,2,2,true
34129,955613,14,2,1,true
34171,751763,11,2,1,true
34217,821209,12,2,2,true
34261,753743,11,2,1,true
34381,962669,14,2,2,true
34499,689981,10,2,1,true
34501,966029,14,2,3,true
34583,691661,10,2,1,true
34687,971237,14,2,1,true
34703,694061,10,2,1,true
34739,694781,10,2,1,true
34807,835369,12,2,2,true
34847,906023,13,2,1,true
35089,982493,14,2,2,true
35221,774863,11,2,1,true
35291,705821,10,2,3,true
35363,707261,10,2,1,true
35423,920999,13,2,2,true
35509,781199,11,2,1,true
35531,710621,10,2,1,true
35537,852889,12,2,2,true
35597,925523,13,2,2,true
35801,930827,13,2,2,true
35803,787667,11,2,2,true
35879,717581,10,2,1,true
35999,719981,10,2,2,true
36067,865609,12,2,1,true
36151,795323,11,2,3,true
36251,942527,13,2,2,true
36269,725381,10,2,1,true
36293,725861,10,2,2,true
36353,945179,13,2,4,true
36467,875209,12,2,2,true
36497,729941,10,2,1,true
36587,731741,10,2,2,true
36677,880249,12,2,3,true
36713,954539,13,2,2,true
36809,736181,10,2,1,true
36887,885289,12,2,2,true
37013,888313,12,2,2,true
37019,888457,12,2,1,true
37339,821459,11,2,2,true
37397,747941,10,2,1,true
37441,823703,11,2,1,true
37493,974819,13,2,1,true
37507,900169,12,2,1,true
37589,902137,12,2,2,true
37633,827927,11,2,2,true
38239,841259,11,2,2,true
38321,766421,10,2,2,true
38327,766541,10,2,2,true
38393,998219,13,2,1,true
38609,926617,12,2,2,true
38767,930409,12,2,2,true
38959,857099,11,2,2,true
39227,784541,10,2,1,true
39233,941593,12,2,3,true
39293,785861,10,2,1,true
39343,944233,12,2,1,true
39827,796541,10,2,1,true
39953,799061,10,2,3,true
40009,880199,11,2,1,true
40037,800741,10,2,1,true
40093,882047,11,2,3,true
40213,965113,12,2,2,true
40289,966937,12,2,1,true
40693,895247,11,2,3,true
40771,896963,11,2,2,true
40813,897887,11,2,2,true
41141,822821,10,2,2,true
41411,828221,10,2,1,true
41479,912539,11,2,1,true
41543,830861,10,2,1,true
41579,997897,12,2,1,true
41809,919799,11,2,1,true
41843,836861,10,2,2,true
41969,839381,10,2,2,true
42017,840341,10,2,2,true
42461,849221,10,2,1,true
42649,938279,11,2,1,true
42899,857981,10,2,2,true
42961,945143,11,2,2,true
43103,862061,10,2,2,true
43283,865661,10,2,1,true
43451,869021,10,2,2,true
43517,870341,10,2,1,true
43933,966527,11,2,1,true
44263,973787,11,2,2,true
44269,973919,11,2,3,true
44389,976559,11,2,3,true
44773,985007,11,2,1,true
44879,897581,10,2,2,true
44959,989099,11,2,3,true
45061,991343,11,2,2,true
45181,993983,11,2,1,true
45259,995699,11,2,1,true
45281,905621,10,2,1,true
45533,910661,10,2,2,true
47087,941741,10,2,1,true
47297,945941,10,2,1,true
47381,947621,10,2,1,true
47681,953621,10,2,2,true
47711,954221,10,2,1,true
47843,956861,10,2,2,true
48017,960341,10,2,2,true
48029,960581,10,2,2,true
48473,969461,10,2,2,true
48491,969821,10,2,1,true
48611,972221,10,2,1,true
49031,980621,10,2,1,true
49223,984461,10,2,1,true
49433,988661,10,2,3,true
49823,996461,10,2,2,true
49877,997541,10,2,1,true
49943,998861,10,2,1,true
55897,1006147,9,2,3,true
56101,1009819,9,2,1,true
56237,1012267,9,2,1,true
56671,1020079,9,2,2,true
56767,1021807,9,2,1,true
56989,1025803,9,2,1,true
57037,1026667,9,2,1,true
57899,1042183,9,2,3,true
57977,1043587,9,2,1,true
57991,1043839,9,2,1,true
58109,1045963,9,2,1,true
58169,1047043,9,2,2,true
58229,1048123,9,2,2,true
58439,1051903,9,2,1,true
58631,1055359,9,2,1,true
58727,1057087,9,2,1,true
58937,1060867,9,2,1,true
59209,1065763,9,2,1,true
59419,1069543,9,2,1,true
59671,1074079,9,2,1,true
59809,1076563,9,2,2,true
60427,1087687,9,2,1,true
60631,1091359,9,2,2,true
60659,1091863,9,2,1,true
60727,1093087,9,2,1,true
61357,1104427,9,2,2,true
61379,1104823,9,2,1,true
61987,1115767,9,2,1,true
62299,1121383,9,2,1,true
62311,1121599,9,2,1,true
62401,1123219,9,2,1,true
62507,1125127,9,2,3,true
62731,1129159,9,2,1,true
62743,1003889,8,2,1,true
62761,1129699,9,2,3,true
62791,1004657,8,2,2,true
62851,1005617,8,2,1,true
62983,1007729,8,2,1,true
63197,1137547,9,2,1,true
63599,1144783,9,2,1,true
63617,1145107,9,2,1,true
63841,1021457,8,2,1,true
64019,1152343,9,2,1,true
64063,1025009,8,2,2,true
64091,1153639,9,2,2,true
64153,1026449,8,2,3,true
64217,1155907,9,2,1,true
64483,1031729,8,2,1,true
64591,1033457,8,2,1,true
64717,1035473,8,2,1,true
65729,1183123,9,2,1,true
65827,1053233,8,2,2,true
65851,1185319,9,2,3,true
66037,1188667,9,2,1,true
66161,1190899,9,2,1,true
66541,1197739,9,2,1,true
66571,1065137,8,2,1,true
66601,1198819,9,2,1,true
66791,1202239,9,2,3,true
66797,1202347,9,2,1,true
66877,1070033,8,2,1,true
67187,1209367,9,2,3,true
67271,1210879,9,2,1,true
67349,1212283,9,2,2,true
67447,1079153,8,2,1,true
67477,1079633,8,2,2,true
67651,1217719,9,2,1,true
67789,1220203,9,2,2,true
67891,1086257,8,2,2,true
67901,1222219,9,2,1,true
68161,1090577,8,2,2,true
68219,1227943,9,2,1,true
68239,1228303,9,2,1,true
68389,1231003,9,2,1,true
68639,1235503,9,2,2,true
69691,1115057,8,2,1,true
69779,1256023,9,2,1,true
69827,1256887,9,2,1,true
69829,1256923,9,2,2,true
69859,1257463,9,2,2,true
69877,1257787,9,2,1,true
69899,1258183,9,2,1,true
69929,1258723,9,2,1,true
69991,1119857,8,2,1,true
70001,1260019,9,2,1,true
70177,1263187,9,2,1,true
70199,1263583,9,2,1,true
70429,1267723,9,2,2,true
70571,1270279,9,2,2,true
70639,1271503,9,2,1,true
70657,1271827,9,2,1,true
70769,1273843,9,2,3,true
70783,1132529,8,2,3,true
70951,1135217,8,2,2,true
71081,1279459,9,2,2,true
71443,1143089,8,2,2,true
71699,1003787,7,2,1,true
71761,1148177,8,2,1,true
71941,1151057,8,2,1,true
71963,1007483,7,2,1,true
71971,1151537,8,2,1,true
71987,1007819,7,2,1,true
72019,1296343,9,2,2,true
72089,1009247,7,2,2,true
72173,1010423,7,2,1,true
72223,1155569,8,2,1,true
72367,1302607,9,2,3,true
72461,1304299,9,2,1,true
72533,1015463,7,2,1,true
72577,1161233,8,2,1,true
72617,1307107,9,2,1,true
72767,1309807,9,2,2,true
72869,1311643,9,2,1,true
72871,1165937,8,2,1,true
72937,1312867,9,2,2,true
73181,1317259,9,2,2,true
73237,1318267,9,2,1,true
73277,1318987,9,2,1,true
73417,1174673,8,2,2,true
73433,1028063,7,2,2,true
73453,1175249,8,2,2,true
73483,1175729,8,2,1,true
73517,1323307,9,2,1,true
73523,1029323,7,2,2,true
73529,1029407,7,2,1,true
73589,1030247,7,2,2,true
73643,1031003,7,2,1,true
73681,1178897,8,2,1,true
74101,1185617,8,2,3,true
74279,1337023,9,2,2,true
74293,1188689,8,2,1,true
74531,1341559,9,2,1,true
74587,1342567,9,2,2,true
74707,1344727,9,2,1,true
74719,1344943,9,2,1,true
74747,1046459,7,2,1,true
74897,1048559,7,2,1,true
74941,1348939,9,2,1,true
75181,1353259,9,2,1,true
75227,1053179,7,2,1,true
75239,1053347,7,2,1,true
75329,1054607,7,2,3,true
75403,1206449,8,2,1,true
75527,1359487,9,2,1,true
75553,1208849,8,2,2,true
75557,1360027,9,2,1,true
75721,1211537,8,2,2,true
75743,1060403,7,2,1,true
75781,1364059,9,2,2,true
76099,1369783,9,2,1,true
76207,1219313,8,2,1,true
76423,1222769,8,2,1,true
76507,1377127,9,2,2,true
76631,1379359,9,2,2,true
76679,1073507,7,2,3,true
76961,1385299,9,2,1,true
77167,1389007,9,2,2,true
77279,1081907,7,2,1,true
77339,1392103,9,2,1,true
77417,1083839,7,2,1,true
77447,1394047,9,2,1,true
77611,1396999,9,2,1,true
77687,1398367,9,2,1,true
77699,1087787,7,2,2,true
77797,1244753,8,2,2,true
77867,1401607,9,2,1,true
77933,1091063,7,2,2,true
78157,1406827,9,2,1,true
78163,1250609,8,2,2,true
78167,1094339,7,2,1,true
78229,1408123,9,2,1,true
78277,1408987,9,2,2,true
78341,1410139,9,2,2,true
78347,1096859,7,2,2,true
78479,1098707,7,2,1,true
78577,1257233,8,2,1,true
78593,1100303,7,2,1,true
78607,1257713,8,2,1,true
78691,1259057,8,2,1,true
78721,1259537,8,2,1,true
78887,1419967,9,2,1,true
79111,1265777,8,2,3,true
79273,1268369,8,2,4,true
79309,1427563,9,2,1,true
79451,1430119,9,2,1,true
79633,1274129,8,2,1,true
79697,1115759,7,2,1,true
79817,1117439,7,2,1,true
79979,1119707,7,2,2,true
80021,1440379,9,2,1,true
80039,1120547,7,2,2,true
80221,1283537,8,2,2,true
80263,1284209,8,2,2,true
80347,1285553,8,2,1,true
80473,1287569,8,2,2,true
80489,1126847,7,2,1,true
80761,1292177,8,2,1,true
80783,1130963,7,2,1,true
80819,1454743,9,2,3,true
80989,1457803,9,2,3,true
81043,1296689,8,2,1,true
81119,1460143,9,2,2,true
81199,1461583,9,2,2,true
81203,1136843,7,2,3,true
81349,1464283,9,2,1,true
81517,1304273,8,2,1,true
81551,1467919,9,2,1,true
81569,1141967,7,2,1,true
81677,1470187,9,2,1,true
81707,1470727,9,2,1,true
81773,1144823,7,2,1,true
81839,1473103,9,2,3,true
81847,1473247,9,2,2,true
81937,1310993,8,2,1,true
81967,1311473,8,2,2,true
82007,1148099,7,2,1,true
82039,1476703,9,2,1,true
82231,1315697,8,2,1,true
82307,1481527,9,2,1,true
82349,1152887,7,2,1,true
82373,1153223,7,2,1,true
82387,1318193,8,2,1,true
82471,1484479,9,2,1,true
82487,1154819,7,2,1,true
82507,1320113,8,2,2,true
82531,1485559,9,2,1,true
82609,1486963,9,2,1,true
82633,1322129,8,2,2,true
82763,1158683,7,2,3,true
82847,1491247,9,2,1,true
82883,1160363,7,2,1,true
82963,1327409,8,2,1,true
83003,1162043,7,2,1,true
83071,1495279,9,2,1,true
83203,1331249,8,2,1,true
83269,1498843,9,2,1,true
83273,1165823,7,2,1,true
83341,1333457,8,2,1,true
83383,1334129,8,2,3,true
83389,1000669,6,2,1,true
83417,1167839,7,2,1,true
83449,1001389,6,2,1,true
83497,1335953,8,2,2,true
8353,1002361,60,2,8,true
83597,1504747,9,2,1,true
83617,1337873,8,2,2,true
83641,1003693,6,2,1,true
83663,1003957,6,2,1,true
83869,1509643,9,2,2,true
84089,1177247,7,2,1,true
84143,1178003,7,2,1,true
84181,1515259,9,2,1,true
84199,1515583,9,2,1,true
84211,1347377,8,2,2,true
84223,1347569,8,2,2,true
84229,1010749,6,2,2,true
84307,1348913,8,2,1,true
84317,1517707,9,2,2,true
84407,1181699,7,2,1,true
84499,1520983,9,2,1,true
84697,1355153,8,2,1,true
84719,1186067,7,2,1,true
84731,1016773,6,2,1,true
84737,1525267,9,2,1,true
84857,1187999,7,2,1,true
84869,1018429,6,2,1,true
84871,1527679,9,2,2,true
84919,1528543,9,2,1,true
85091,1021093,6,2,1,true
85147,1362353,8,2,2,true
85199,1533583,9,2,2,true
85237,1363793,8,2,1,true
85331,1023973,6,2,1,true
85427,1195979,7,2,1,true
85451,1025413,6,2,1,true
85619,1541143,9,2,1,true
85643,1027717,6,2,1,true
85669,1028029,6,2,1,true
85751,1029013,6,2,2,true
85793,1201103,7,2,2,true
85837,1545067,9,2,1,true
85889,1202447,7,2,1,true
85933,1374929,8,2,1,true
85991,1547839,9,2,1,true
86069,1204967,7,2,1,true
86137,1550467,9,2,1,true
86183,1034197,6,2,1,true
86209,1551763,9,2,1,true
86243,1207403,7,2,2,true
86311,1035733,6,2,1,true
86351,1036213,6,2,1,true
86353,1381649,8,2,2,true
86453,1037437,6,2,1,true
86573,1212023,7,2,1,true
86579,1558423,9,2,1,true
86677,1560187,9,2,2,true
86729,1040749,6,2,1,true
86813,1041757,6,2,1,true
86857,1563427,9,2,1,true
86861,1042333,6,2,2,true
86939,1217147,7,2,1,true
86981,1043773,6,2,2,true
86993,1217903,7,2,1,true
87011,1566199,9,2,2,true
87083,1044997,6,2,1,true
87103,1045237,6,2,1,true
87119,1568143,9,2,1,true
87121,1568179,9,2,2,true
87181,1569259,9,2,1,true
87251,1570519,9,2,1,true
87281,1047373,6,2,2,true
87323,1222523,7,2,1,true
87359,1048309,6,2,1,true
87421,1398737,8,2,1,true
87443,1224203,7,2,1,true
87473,1049677,6,2,1,true
87481,1049773,6,2,1,true
87509,1225127,7,2,1,true
87517,1575307,9,2,1,true
87547,1400753,8,2,1,true
87629,1051549,6,2,2,true
87649,1051789,6,2,1,true
87683,1052197,6,2,1,true
87691,1403057,8,2,1,true
87833,1229663,7,2,1,true
87869,1054429,6,2,1,true
87877,1406033,8,2,1,true
87973,1407569,8,2,1,true
87991,1055893,6,2,1,true
88069,1056829,6,2,1,true
88079,1056949,6,2,2,true
88211,1587799,9,2,2,true
88259,1588663,9,2,1,true
88327,1413233,8,2,1,true
88493,1061917,6,2,1,true
88513,1416209,8,2,2,true
88523,1239323,7,2,1,true
88547,1593847,9,2,1,true
88643,1241003,7,2,1,true
88657,1595827,9,2,2,true
88853,1066237,6,2,1,true
88873,1421969,8,2,1,true
88883,1244363,7,2,1,true
88969,1601443,9,2,1,true
89057,1603027,9,2,1,true
89237,1249319,7,2,1,true
89269,1071229,6,2,1,true
89293,1428689,8,2,1,true
89303,1250243,7,2,1,true
89363,1251083,7,2,1,true
89417,1609507,9,2,1,true
89449,1610083,9,2,1,true
89591,1075093,6,2,2,true
89597,1612747,9,2,2,true
89669,1076029,6,2,1,true
89671,1434737,8,2,1,true
89783,1077397,6,2,1,true
89797,1616347,9,2,2,true
89833,1437329,8,2,2,true
89867,1258139,7,2,2,true
89939,1079269,6,2,1,true
89959,1079509,6,2,2,true
90001,1620019,9,2,2,true
90019,1080229,6,2,1,true
90023,1260323,7,2,2,true
90059,1260827,7,2,1,true
90127,1622287,9,2,2,true
90149,1081789,6,2,1,true
90271,1083253,6,2,1,true
90313,1083757,6,2,1,true
90397,1446353,8,2,1,true
90403,1446449,8,2,1,true
90439,1085269,6,2,1,true
90473,1085677,6,2,1,true
90533,1267463,7,2,1,true
90619,1631143,9,2,1,true
90823,1089877,6,2,1,true
90931,1091173,6,2,1,true
91033,1456529,8,2,2,true
91079,1275107,7,2,2,true
91081,1639459,9,2,1,true
91097,1275359,7,2,2,true
91127,1275779,7,2,1,true
91141,1640539,9,2,2,true
91163,1093957,6,2,1,true
91229,1277207,7,2,1,true
91237,1459793,8,2,1,true
91253,1277543,7,2,1,true
91373,1096477,6,2,3,true
91499,1280987,7,2,2,true
91639,1099669,6,2,1,true
91733,1100797,6,2,1,true
91873,1469969,8,2,1,true
91939,1654903,9,2,1,true
91969,1103629,6,2,2,true
92009,1656163,9,2,1,true
92107,1657927,9,2,1,true
92177,1659187,9,2,1,true
92179,1659223,9,2,2,true
92357,1292999,7,2,1,true
92383,1478129,8,2,2,true
92459,1109509,6,2,1,true
92461,1109533,6,2,2,true
92551,1665919,9,2,2,true
92627,1667287,9,2,1,true
92647,1667647,9,2,1,true
92669,1297367,7,2,1,true
92683,1112197,6,2,1,true
92717,1298039,7,2,1,true
92723,1112677,6,2,1,true
92761,1484177,8,2,1,true
92801,1670419,9,2,2,true
92809,1670563,9,2,2,true
92927,1300979,7,2,1,true
92941,1672939,9,2,1,true
93047,1674847,9,2,2,true
93199,1677583,9,2,2,true
93241,1118893,6,2,1,true
93257,1305599,7,2,1,true
93283,1492529,8,2,2,true
93463,1121557,6,2,1,true
93629,1310807,7,2,1,true
93787,1500593,8,2,2,true
93871,1501937,8,2,1,true
93887,1689967,9,2,1,true
93889,1126669,6,2,1,true
93937,1502993,8,2,2,true
93967,1503473,8,2,1,true
93971,1691479,9,2,1,true
94007,1316099,7,2,1,true
94009,1128109,6,2,1,true
94219,1130629,6,2,1,true
94229,1319207,7,2,2,true
94327,1697887,9,2,1,true
94331,1131973,6,2,1,true
94439,1322147,7,2,1,true
94513,1512209,8,2,1,true
94559,1134709,6,2,1,true
94597,1702747,9,2,2,true
94649,1703683,9,2,1,true
9467,1136041,60,2,5,true
94709,1704763,9,2,1,true
94747,1705447,9,2,1,true
94811,1137733,6,2,1,true
94819,1706743,9,2,2,true
94837,1517393,8,2,1,true
94949,1329287,7,2,1,true
95101,1521617,8,2,1,true
95131,1522097,8,2,2,true
95143,1141717,6,2,2,true
95177,1332479,7,2,2,true
95189,1142269,6,2,1,true
95231,1714159,9,2,2,true
95257,1524113,8,2,1,true
95287,1715167,9,2,1,true
95327,1715887,9,2,1,true
95339,1716103,9,2,2,true
95369,1335167,7,2,1,true
95461,1145533,6,2,1,true
95467,1718407,9,2,2,true
95483,1145797,6,2,1,true
95629,1721323,9,2,1,true
95633,1338863,7,2,1,true
95651,1721719,9,2,2,true
95701,1722619,9,2,2,true
95731,1148773,6,2,1,true
95747,1340459,7,2,1,true
95803,1149637,6,2,1,true
95857,1533713,8,2,2,true
95881,1725859,9,2,1,true
95947,1535153,8,2,2,true
95959,1727263,9,2,2,true
95971,1151653,6,2,1,true
96001,1728019,9,2,1,true
96223,1539569,8,2,1,true
96269,1347767,7,2,2,true
96281,1155373,6,2,1,true
96331,1541297,8,2,2,true
96337,1734067,9,2,1,true
96451,1157413,6,2,1,true
96557,1351799,7,2,1,true
96587,1738567,9,2,2,true
96589,1738603,9,2,1,true
96749,1354487,7,2,2,true
96787,1548593,8,2,1,true
96799,1742383,9,2,2,true
96827,1355579,7,2,1,true
96847,1549553,8,2,1,true
96931,1550897,8,2,1,true
96959,1357427,7,2,1,true
96989,1745803,9,2,2,true
97021,1164253,6,2,1,true
97073,1359023,7,2,1,true
97171,1554737,8,2,1,true
97231,1166773,6,2,1,true
97369,1752643,9,2,2,true
97373,1168477,6,2,1,true
97379,1752823,9,2,1,true
97441,1169293,6,2,2,true
97463,1364483,7,2,1,true
97547,1365659,7,2,2,true
97549,1755883,9,2,1,true
97571,1170853,6,2,1,true
97583,1366163,7,2,1,true
97607,1756927,9,2,2,true
97649,1367087,7,2,2,true
97651,1171813,6,2,1,true
97673,1367423,7,2,1,true
97711,1172533,6,2,1,true
97729,1172749,6,2,1,true
97777,1759987,9,2,1,true
97789,1760203,9,2,1,true
97859,1370027,7,2,1,true
97879,1174549,6,2,1,true
97967,1763407,9,2,2,true
98011,1764199,9,2,1,true
98041,1568657,8,2,1,true
98057,1372799,7,2,2,true
98143,1177717,6,2,1,true
98213,1178557,6,2,1,true
98299,1179589,6,2,1,true
98347,1573553,8,2,1,true
98429,1181149,6,2,2,true
98467,1575473,8,2,1,true
98491,1181893,6,2,2,true
98507,1379099,7,2,1,true
98533,1182397,6,2,2,true
98627,1380779,7,2,2,true
98639,1380947,7,2,2,true
98641,1578257,8,2,3,true
98689,1184269,6,2,1,true
98729,1184749,6,2,1,true
98737,1777267,9,2,1,true
98867,1384139,7,2,1,true
98899,1186789,6,2,2,true
98911,1582577,8,2,1,true
98927,1384979,7,2,1,true
99119,1387667,7,2,1,true
99149,1189789,6,2,1,true
99191,1785439,9,2,1,true
99409,1192909,6,2,1,true
99469,1790443,9,2,2,true
99529,1791523,9,2,2,true
99563,1194757,6,2,1,true
99571,1792279,9,2,1,true
99577,1792387,9,2,1,true
99667,1794007,9,2,2,true
99679,1794223,9,2,1,true
99689,1196269,6,2,2,true
99709,1196509,6,2,2,true
99721,1196653,6,2,1,true
99761,1795699,9,2,3,true
99809,1197709,6,2,1,true
99929,1798723,9,2,1,true
10909,1178173,54,2,5,true
12713,1525561,60,2,9,true
12919,1085197,42,2,3,true
13003,1170271,45,2,4,true
13163,1105693,42,2,6,true
13627,1308193,48,2,5,true
14867,1010957,34,2,5,true
14887,1131413,38,2,4,true
15077,1266469,42,2,2,true
15263,1282093,42,2,6,true
15373,1076111,35,2,7,true
15901,1908121,60,2,6,true
16103,1449271,45,2,2,true
16223,1297841,40,2,4,true
16253,1690313,52,2,4,true
16411,1673923,51,2,5,true
16979,1426237,42,2,2,true
16993,1121539,33,2,3,true
17021,1021261,30,2,2,true
17027,1021621,30,2,5,true
17491,1364299,39,2,5,true
17737,1028747,29,2,3,true
17881,1251671,35,2,3,true
17957,1077421,30,2,6,true
18637,1640057,44,2,2,true
18691,1084079,29,2,4,true
18773,1126381,30,2,3,true
19073,1029943,27,2,4,true
19079,1373689,36,2,2,true
19433,2953817,76,2,5,true
19727,1341437,34,2,4,true
19739,2052857,52,2,5,true
19793,1306339,33,2,3,true
19867,1907233,48,2,3,true
19891,1551499,39,2,1,true
20011,1560859,39,2,6,true
20177,2219471,55,2,5,true
20287,1176647,29,2,3,true
20707,1242421,30,2,1,true
20897,1044851,25,2,6,true
20929,1506889,36,2,4,true
21011,1260661,30,2,5,true
21031,1261861,30,2,4,true
21139,1141507,27,2,4,true
21323,1407319,33,2,4,true
21419,1028113,24,2,4,true
21467,1073351,25,2,2,true
21977,1890023,43,2,3,true
22063,1809167,41,2,4,true
22441,1032287,23,2,1,true
22453,1571711,35,2,6,true
22573,1489819,33,2,2,true
23057,1291193,28,2,2,true
23087,1708439,37,2,4,true
23369,1448879,31,2,2,true
23431,1077827,23,2,3,true
23557,1272079,27,2,5,true
23561,1130929,24,2,3,true
23623,1228397,26,2,2,true
23687,1421221,30,2,3,true
23813,1285903,27,2,6,true
23993,1583539,33,2,4,true
24049,1154353,24,2,3,true
24091,1156369,24,2,2,true
24107,1301779,27,2,2,true
24133,1447981,30,2,2,true
24379,1267709,26,2,3,true
24469,2055397,42,2,3,true
24499,1175953,24,2,5,true
24593,1082093,22,2,1,true
24671,1036183,21,2,5,true
24781,1040803,21,2,2,true
24847,1938067,39,2,4,true
24907,1494421,30,2,5,true
25013,1350703,27,2,2,true
25111,1004441,20,2,2,true
25117,1356319,27,2,4,true
25303,1669999,33,2,3,true
25453,2850737,56,2,4,true
25463,1425929,28,2,2,true
25589,1893587,37,2,3,true
25603,1177739,23,2,2,true
25633,1076587,21,2,2,true
25747,1029881,20,2,2,true
25873,1190159,23,2,1,true
25933,2593301,50,2,8,true
25997,1455833,28,2,4,true
26053,1042121,20,2,4,true
26119,1044761,20,2,5,true
26161,1517339,29,2,5,true
26171,2512417,48,2,7,true
26183,1570981,30,2,3,true
26209,1048361,20,2,2,true
26293,1682753,32,2,5,true
26297,1157069,22,2,2,true
26417,1268017,24,2,2,true
26423,1902457,36,2,4,true
26437,1427599,27,2,3,true
26449,1428247,27,2,2,true
26497,1695809,32,2,1,true
26561,1009319,19,2,2,true
26641,1278769,24,2,2,true
26683,1120687,21,2,2,true
26701,1121443,21,2,2,true
26723,1122367,21,2,2,true
26839,1127239,21,2,2,true
26849,3758861,70,2,8,true
26863,1719233,32,2,7,true
26903,1183733,22,2,1,true
26987,1295377,24,2,3,true
27011,1350551,25,2,1,true
27109,1301233,24,2,4,true
27179,2174321,40,2,3,true
27197,1468639,27,2,3,true
27253,1635181,30,2,2,true
27299,1856333,34,2,3,true
27479,2528069,46,2,5,true
27529,2147263,39,2,5,true
27541,1101641,20,2,2,true
27653,1382651,25,2,1,true
27749,2719403,49,2,5,true
27751,2275583,41,2,7,true
27799,1167559,21,2,2,true
27809,1334833,24,2,4,true
27827,1558313,28,2,5,true
27847,1002493,18,2,1,true
27941,1732343,31,2,3,true
27953,1006309,18,2,2,true
27961,1118441,20,2,1,true
28027,1345297,24,2,1,true
28051,1122041,20,2,3,true
28097,1067687,19,2,1,true
28151,1407551,25,2,4,true
28201,1861267,33,2,3,true
28211,2200459,39,2,4,true
28319,2605349,46,2,8,true
28387,1532899,27,2,2,true
28393,2839301,50,2,2,true
28409,2102267,37,2,3,true
28433,2274641,40,2,3,true
28439,1194439,21,2,3,true
28517,2110259,37,2,5,true
28547,1027693,18,2,2,true
28603,1201327,21,2,3,true
28607,1373137,24,2,2,true
28621,1030357,18,2,2,true
28657,1146281,20,2,1,true
28663,1031869,18,2,3,true
28723,1148921,20,2,3,true
28813,1325399,23,2,3,true
28979,1796699,31,2,4,true
29101,1396849,24,2,4,true
29129,1281677,22,2,3,true
29153,1049509,18,2,2,true
29167,1050013,18,2,4,true
29201,3387317,58,2,5,true
29243,2163983,37,2,6,true
29327,1642313,28,2,5,true
29347,1056493,18,2,3,true
29437,1177481,20,2,5,true
29641,1244923,21,2,2,true
29671,1186841,20,2,3,true
29717,2852833,48,2,5,true
30013,1260547,21,2,2,true
30059,1142243,19,2,2,true
30091,1203641,20,2,4,true
30097,1444657,24,2,2,true
30109,2167849,36,2,1,true
30161,1508051,25,2,2,true
30223,3082747,51,2,4,true
30259,1452433,24,2,2,true
30307,1030439,17,2,4,true
30347,1092493,18,2,1,true
30391,2127371,35,2,1,true
30497,1158887,19,2,2,true
30539,1282639,21,2,3,true
30643,1041863,17,2,2,true
30661,2514203,41,2,4,true
30677,1656559,27,2,5,true
30697,1227881,20,2,2,true
30713,1105669,18,2,2,true
30763,1230521,20,2,3,true
30781,1846861,30,2,2,true
30809,1293979,21,2,4,true
30881,1297003,21,2,1,true
30893,1544651,25,2,5,true
31063,1428899,23,2,2,true
31247,1187387,19,2,1,true
31267,1063079,17,2,2,true
31327,1127773,18,2,4,true
31391,1569551,25,2,2,true
31489,1637429,26,2,2,true
31511,1008353,16,2,3,true
31517,1512817,24,2,2,true
31543,1261721,20,2,3,true
31573,1641797,26,2,3,true
31601,1011233,16,2,1,true
31667,2723363,43,2,3,true
31729,2221031,35,2,5,true
31957,1533937,24,2,2,true
31973,1598651,25,2,1,true
31991,1791497,28,2,1,true
32069,1539313,24,2,3,true
32117,2762063,43,2,4,true
32159,3151583,49,2,5,true
32189,1030049,16,2,3,true
32191,1545169,24,2,3,true
32233,2062913,32,2,2,true
32251,2257571,35,2,5,true
32369,1424237,22,2,4,true
32381,2007623,31,2,6,true
32411,1620551,25,2,2,true
32467,1948021,30,2,3,true
32491,1169677,18,2,1,true
32497,1104899,17,2,2,true
32503,1365127,21,2,2,true
32537,1756999,27,2,2,true
32579,1433477,22,2,5,true
32609,3195683,49,2,7,true
32687,1242107,19,2,2,true
32719,1897703,29,2,3,true
32797,1180693,18,2,3,true
32801,1377643,21,2,2,true
32887,1183933,18,2,2,true
32999,1253963,19,2,3,true
33049,1123667,17,2,3,true
33083,1058657,16,2,2,true
33151,1326041,20,2,2,true
33199,1394359,21,2,3,true
33329,2066399,31,2,3,true
33343,1000291,15,2,1,true
33427,1537643,23,2,3,true
33533,1676651,25,2,1,true
33581,1880537,28,2,1,true
33587,1679351,25,2,4,true
33613,1546199,23,2,1,true
33637,1210933,18,2,2,true
33811,1420063,21,2,3,true
33851,1624849,24,2,3,true
33863,1015891,15,2,1,true
33889,1152227,17,2,1,true
33911,1220797,18,2,4,true
33941,1629169,24,2,2,true
33997,1835839,27,2,2,true
34039,1157327,17,2,3,true
34057,1021711,15,2,1,true
34123,1228429,18,2,3,true
34127,2934923,43,2,2,true
34141,1229077,18,2,3,true
34231,4107721,60,2,6,true
34259,2672203,39,2,4,true
34273,1028191,15,2,2,true
34369,1374761,20,2,3,true
34469,3377963,49,2,5,true
34511,1311419,19,2,2,true
34519,2209217,32,2,4,true
34537,1174259,17,2,2,true
34543,1036291,15,2,3,true
34631,1731551,25,2,3,true
34649,2494729,36,2,2,true
34667,1664017,24,2,3,true
34693,1387721,20,2,2,true
34721,1319399,19,2,1,true
34763,2294359,33,2,3,true
34781,1669489,24,2,4,true
34841,1742051,25,2,2,true
34871,1255357,18,2,2,true
34919,1466599,21,2,2,true
34939,1467439,21,2,1,true
34963,1048891,15,2,2,true
35027,1050811,15,2,1,true
35111,1123553,16,2,2,true
35141,1967897,28,2,1,true
35149,1195067,17,2,2,true
35153,1968569,28,2,1,true
35227,1268173,18,2,3,true
35267,2116021,30,2,3,true
35279,1481719,21,2,1,true
35323,2472611,35,2,3,true
35327,1978313,28,2,3,true
35393,2123581,30,2,3,true
35449,1843349,26,2,3,true
35527,3126377,44,2,6,true
35543,1492807,21,2,4,true
35569,1209347,17,2,2,true
35591,4128557,58,2,3,true
35593,1210163,17,2,2,true
35729,1500619,21,2,3,true
35731,1500703,21,2,1,true
35771,1073131,15,2,2,true
35797,1073911,15,2,2,true
35809,2578249,36,2,4,true
35839,1075171,15,2,2,true
35851,1075531,15,2,1,true
35951,3451297,48,2,4,true
35969,1798451,25,2,2,true
36007,1224239,17,2,3,true
36013,2376859,33,2,2,true
36017,1296613,18,2,3,true
36037,1009037,14,2,1,true
36073,1442921,20,2,4,true
36097,1010717,14,2,2,true
36107,1083211,15,2,1,true
36187,1013237,14,2,3,true
36241,1014749,14,2,2,true
36341,2035097,28,2,3,true
36343,2544011,35,2,3,true
36457,1020797,14,2,3,true
36469,1750513,24,2,3,true
36493,1094791,15,2,1,true
36527,1095811,15,2,1,true
36551,1169633,16,2,1,true
36583,3438803,47,2,4,true
36607,1024997,14,2,1,true
36643,1905437,26,2,2,true
36653,1319509,18,2,3,true
36671,1100131,15,2,1,true
36683,2274347,31,2,4,true
36697,1247699,17,2,3,true
36761,1102831,15,2,2,true
36787,1103611,15,2,1,true
36857,1105711,15,2,1,true
36901,1549843,21,2,2,true
36919,1993627,27,2,4,true
36997,1035917,14,2,2,true
37087,1112611,15,2,2,true
37159,2229541,30,2,2,true
37189,2603231,35,2,1,true
37243,1340749,18,2,2,true
37277,2758499,37,2,4,true
37357,1045997,14,2,1,true
37361,1120831,15,2,3,true
37369,2615831,35,2,3,true
37409,2543813,34,2,3,true
37489,3299033,44,2,3,true
37501,1500041,20,2,1,true
37547,3003761,40,2,2,true
37567,1127011,15,2,1,true
37573,1277483,17,2,2,true
37649,1807153,24,2,2,true
37693,1583107,21,2,4,true
37781,1889051,25,2,2,true
37799,1133971,15,2,1,true
37811,1588063,21,2,2,true
37831,3329129,44,2,4,true
37847,2043739,27,2,2,true
37987,1063637,14,2,2,true
37997,1139911,15,2,1,true
38083,3579803,47,2,4,true
38113,3430171,45,2,5,true
38177,1145311,15,2,2,true
38197,1069517,14,2,1,true
38219,1605199,21,2,4,true
38261,1453919,19,2,1,true
38333,1149991,15,2,2,true
38431,1383517,18,2,3,true
38449,1614859,21,2,3,true
38543,1156291,15,2,2,true
38569,1079933,14,2,2,true
38651,1159531,15,2,3,true
38671,2010893,26,2,2,true
38677,3403577,44,2,5,true
38693,1238177,16,2,1,true
38699,1625359,21,2,1,true
38711,1161331,15,2,1,true
38749,2324941,30,2,4,true
38783,1939151,25,2,4,true
38833,1397989,18,2,4,true
38867,1399213,18,2,2,true
38921,1011947,13,2,1,true
38923,2101843,27,2,4,true
38993,1013819,13,2,1,true
39047,1718069,22,2,4,true
39097,1876657,24,2,1,true
39113,2346781,30,2,5,true
39139,1174171,15,2,2,true
39157,1331339,17,2,2,true
39181,1097069,14,2,2,true
39191,1018967,13,2,1,true
39217,2117719,27,2,4,true
39241,2825353,36,2,3,true
39251,1962551,25,2,1,true
39301,1414837,18,2,2,true
39323,1258337,16,2,1,true
39371,1259873,16,2,1,true
39397,1181911,15,2,2,true
39419,1892113,24,2,2,true
39439,1104293,14,2,1,true
39499,2132947,27,2,1,true
39521,1659883,21,2,4,true
39541,1186231,15,2,1,true
39551,1502939,19,2,3,true
39619,2297903,29,2,3,true
39623,1426429,18,2,3,true
39667,1190011,15,2,2,true
39671,1428157,18,2,2,true
39709,1111853,14,2,1,true
39791,1034567,13,2,2,true
39829,4540507,57,2,3,true
39857,3347989,42,2,3,true
39869,1754237,22,2,2,true
39883,1675087,21,2,3,true
39971,1199131,15,2,2,true
40013,1040339,13,2,2,true
40063,1842899,23,2,3,true
40087,1122437,14,2,2,true
40111,1604441,20,2,2,true
40151,1686343,21,2,2,true
40153,2168263,27,2,2,true
40241,2253497,28,2,2,true
40357,1452853,18,2,4,true
40361,1210831,15,2,3,true
40423,2587073,32,2,2,true
40427,3961847,49,2,4,true
40433,1293857,16,2,1,true
40459,1942033,24,2,3,true
40471,1133189,14,2,1,true
40483,1862219,23,2,4,true
40493,1457749,18,2,3,true
40519,2106989,26,2,1,true
40531,1621241,20,2,2,true
40609,1380707,17,2,1,true
40637,1056563,13,2,1,true
40699,1139573,14,2,2,true
40739,1222171,15,2,1,true
40751,1548539,19,2,4,true
40801,1224031,15,2,3,true
40829,2041451,25,2,5,true
40847,1470493,18,2,4,true
40867,1144277,14,2,2,true
40961,1720363,21,2,3,true
40973,1720867,21,2,2,true
41011,1230331,15,2,1,true
41047,1231411,15,2,4,true
41113,4604657,56,2,3,true
41117,1069043,13,2,1,true
41143,1398863,17,2,3,true
41179,1976593,24,2,3,true
41227,2391167,29,2,4,true
41231,1566779,19,2,2,true
41233,3463573,42,2,2,true
41257,1650281,20,2,3,true
41269,1238071,15,2,1,true
41341,1240231,15,2,2,true
41351,1984849,24,2,2,true
41389,2152229,26,2,2,true
41443,1906379,23,2,3,true
41467,1161077,14,2,1,true
41491,1161749,14,2,3,true
41611,2746327,33,2,2,true
41617,1414979,17,2,2,true
41647,1249411,15,2,3,true
41759,2004433,24,2,3,true
41777,1086203,13,2,3,true
41849,1590263,19,2,2,true
41897,1256911,15,2,1,true
41903,1340897,16,2,1,true
41947,1929563,23,2,2,true
41957,1006969,12,2,1,true
41959,1258771,15,2,2,true
41981,2015089,24,2,3,true
42019,1176533,14,2,3,true
42023,1260691,15,2,3,true
42043,1681721,20,2,1,true
42061,2776027,33,2,4,true
42179,6917357,82,2,4,true
42181,1265431,15,2,2,true
42187,1181237,14,2,2,true
42221,1773283,21,2,5,true
42239,1605083,19,2,1,true
42281,1352993,16,2,1,true
42283,1691321,20,2,1,true
42293,1099619,13,2,1,true
42299,1861157,22,2,3,true
42307,2030737,24,2,2,true
42323,1015753,12,2,1,true
42331,1523917,18,2,2,true
42337,1016089,12,2,1,true
42349,1270471,15,2,1,true
42397,2459027,29,2,3,true
42403,1272091,15,2,2,true
42433,1442723,17,2,4,true
42457,2717249,32,2,1,true
42473,1019353,12,2,3,true
42491,1104767,13,2,2,true
42499,1444967,17,2,3,true
42533,2296783,27,2,1,true
42557,2808763,33,2,3,true
42571,2554261,30,2,3,true
42589,1788739,21,2,2,true
42677,1024249,12,2,1,true
42683,1878053,22,2,2,true
42689,2561341,30,2,2,true
42701,1622639,19,2,2,true
42719,1025257,12,2,2,true
42727,1965443,23,2,3,true
42773,1368737,16,2,4,true
42793,2567581,30,2,3,true
42797,1027129,12,2,1,true
42839,1627883,19,2,1,true
42841,1285231,15,2,3,true
42859,1028617,12,2,3,true
42953,2405369,28,2,3,true
42967,1203077,14,2,4,true
43051,1549837,18,2,3,true
43067,1550413,18,2,2,true
43151,1553437,18,2,2,true
43159,2244269,26,2,1,true
43237,1210637,14,2,1,true
43321,1212989,14,2,2,true
43331,3726467,43,2,5,true
43397,1041529,12,2,2,true
43399,2083153,24,2,5,true
43427,3213599,37,2,2,true
43457,1303711,15,2,1,true
43541,1393313,16,2,3,true
43627,1221557,14,2,2,true
43661,1135187,13,2,2,true
43669,1746761,20,2,1,true
43717,1486379,17,2,3,true
43721,2098609,24,2,3,true
43759,1750361,20,2,1,true
43789,2802497,32,2,2,true
43913,2459129,28,2,3,true
43961,1318831,15,2,2,true
43987,1055689,12,2,2,true
43997,2463833,28,2,3,true
44017,1232477,14,2,3,true
44021,1672799,19,2,3,true
44029,1320871,15,2,1,true
44041,1585477,18,2,2,true
44087,1146263,13,2,1,true
44089,3615299,41,2,3,true
44129,1323871,15,2,2,true
44131,3089171,35,2,5,true
44159,1413089,16,2,2,true
44179,1237013,14,2,2,true
44189,1944317,22,2,3,true
44221,1238189,14,2,3,true
44273,2390743,27,2,3,true
44279,1062697,12,2,1,true
44293,2834753,32,2,4,true
44357,1951709,22,2,3,true
44381,1331431,15,2,2,true
44453,3289523,37,2,2,true
44507,1157183,13,2,2,true
44537,1068889,12,2,1,true
44633,1428257,16,2,3,true
44647,1071529,12,2,1,true
44657,1339711,15,2,2,true
44683,1340491,15,2,1,true
44741,1431713,16,2,2,true
44771,1701299,19,2,2,true
44777,1164203,13,2,2,true
44797,1343911,15,2,3,true
44809,3943193,44,2,8,true
44819,1703123,19,2,2,true
44839,1076137,12,2,2,true
44851,1614637,18,2,2,true
44893,3232297,36,2,4,true
44927,1617373,18,2,2,true
44939,1078537,12,2,2,true
45007,2070323,23,2,2,true
45083,2524649,28,2,3,true
45137,1083289,12,2,2,true
45191,1446113,16,2,2,true
45197,1175123,13,2,2,true
45307,1631053,18,2,2,true
45317,1993949,22,2,2,true
45337,1088089,12,2,3,true
45341,1450913,16,2,1,true
45343,1088233,12,2,3,true
45389,1452449,16,2,1,true
45413,1634869,18,2,1,true
45427,2089643,23,2,4,true
45491,1182767,13,2,2,true
45503,1183079,13,2,1,true
45553,1093273,12,2,2,true
45557,1640053,18,2,2,true
45587,1094089,12,2,1,true
45589,1550027,17,2,1,true
45659,1735043,19,2,2,true
45673,3745187,41,2,4,true
45677,1370311,15,2,1,true
45737,1189163,13,2,2,true
45757,1647253,18,2,2,true
45767,1739147,19,2,1,true
45779,1373371,15,2,2,true
45817,1374511,15,2,2,true
45833,1466657,16,2,1,true
45853,1925827,21,2,2,true
45863,3302137,36,2,2,true
45893,1927507,21,2,3,true
45943,3491669,38,2,5,true
46061,1934563,21,2,2,true
46073,1935067,21,2,4,true
46093,1106233,12,2,1,true
46103,1475297,16,2,3,true
46133,3875173,42,2,4,true
46147,1661293,18,2,2,true
46153,1015367,11,2,3,true
46171,1939183,21,2,2,true
46229,4530443,49,2,5,true
46261,1295309,14,2,2,true
46301,1203827,13,2,1,true
46307,1389211,15,2,1,true
46327,1297157,14,2,4,true
46441,2136287,23,2,1,true
46451,1207727,13,2,1,true
46477,2137943,23,2,3,true
46489,1301693,14,2,2,true
46499,5021893,54,2,4,true
46511,1209287,13,2,1,true
46549,5027293,54,2,5,true
46567,1117609,12,2,2,true
46573,1676629,18,2,1,true
46639,1305893,14,2,1,true
46643,1212719,13,2,2,true
46687,2240977,24,2,1,true
46727,3925069,42,2,2,true
46757,1776767,19,2,2,true
46829,1123897,12,2,2,true
46853,1218179,13,2,2,true
46919,1970599,21,2,1,true
46957,1878281,20,2,1,true
47057,6587981,70,2,3,true
47111,1224887,13,2,3,true
47129,2356451,25,2,2,true
47143,1414291,15,2,2,true
47149,1320173,14,2,1,true
47221,1416631,15,2,2,true
47237,1133689,12,2,1,true
47251,2740559,29,2,3,true
47269,2741603,29,2,4,true
47293,1040447,11,2,2,true
47303,3784241,40,2,1,true
47309,6244789,66,2,3,true
47317,1703413,18,2,2,true
47351,1231127,13,2,2,true
47353,1894121,20,2,3,true
47407,2180723,23,2,1,true
47417,1232843,13,2,1,true
47441,4554337,48,2,3,true
47459,2278033,24,2,3,true
47501,1235027,13,2,4,true
47507,1710253,18,2,2,true
47513,1520417,16,2,3,true
47563,2473277,26,2,4,true
47623,3333611,35,2,3,true
47629,1333613,14,2,1,true
47653,1429591,15,2,3,true
47699,1430971,15,2,1,true
47713,1908521,20,2,5,true
47737,1145689,12,2,2,true
47741,1241267,13,2,2,true
47779,1146697,12,2,3,true
47837,1148089,12,2,1,true
47857,2584279,27,2,3,true
47869,1340333,14,2,3,true
47903,1245479,13,2,1,true
47917,1341677,14,2,3,true
47939,1150537,12,2,1,true
47969,1439071,15,2,2,true
48073,2211359,23,2,6,true
48109,1347053,14,2,1,true
48163,1733869,18,2,3,true
48247,2315857,24,2,3,true
48259,1158217,12,2,3,true
48271,1351589,14,2,2,true
48299,1835363,19,2,2,true
48311,1739197,18,2,4,true
48337,2610199,27,2,4,true
48341,1450231,15,2,4,true
48383,1257959,13,2,1,true
48409,1645907,17,2,3,true
48449,6201473,64,2,3,true
48479,1454371,15,2,3,true
48481,3393671,35,2,4,true
48527,1746973,18,2,1,true
48539,1164937,12,2,3,true
48589,1943561,20,2,2,true
48619,1166857,12,2,1,true
48623,2431151,25,2,3,true
48647,1459411,15,2,3,true
48661,1070543,11,2,1,true
48673,1752229,18,2,2,true
48677,2628559,27,2,4,true
48679,2044519,21,2,3,true
48731,1461931,15,2,3,true
48751,1365029,14,2,1,true
48767,2730953,28,2,4,true
48787,1463611,15,2,2,true
48799,1463971,15,2,2,true
48809,1464271,15,2,1,true
48857,3615419,37,2,3,true
48859,1954361,20,2,4,true
48869,3811783,39,2,5,true
48883,2053087,21,2,2,true
48889,2835563,29,2,3,true
48907,2836607,29,2,3,true
48947,2447351,25,2,1,true
48953,1468591,15,2,3,true
48989,1861583,19,2,1,true
49009,1078199,11,2,1,true
49081,2355889,24,2,2,true
49117,1178809,12,2,3,true
49123,1178953,12,2,1,true
49139,1474171,15,2,2,true
49169,1180057,12,2,1,true
49171,1081763,11,2,1,true
49177,1376957,14,2,4,true
49211,1870019,19,2,1,true
49253,1182073,12,2,2,true
49279,1379813,14,2,3,true
49297,2267663,23,2,2,true
49333,1085327,11,2,1,true
49367,2468351,25,2,4,true
49369,1481071,15,2,3,true
49411,2075263,21,2,2,true
49459,3165377,32,2,3,true
49481,2474051,25,2,4,true
49523,2179013,22,2,4,true
49597,1983881,20,2,3,true
49613,2778329,28,2,2,true
49627,9230623,93,2,6,true
49633,2580917,26,2,2,true
49639,1389893,14,2,2,true
49669,6456971,65,2,6,true
49727,2983621,30,2,4,true
49739,2486951,25,2,3,true
49741,2089123,21,2,2,true
49783,3584377,36,2,4,true
49787,1194889,12,2,4,true
49789,2091139,21,2,2,true
49801,1992041,20,2,2,true
49807,2390737,24,2,1,true
49831,2591213,26,2,3,true
49853,1196473,12,2,2,true
49927,1797373,18,2,2,true
49991,1899659,19,2,1,true
49993,1199833,12,2,1,true
49999,2899943,29,2,1,true
50021,7903319,79,2,4,true
50033,1500991,15,2,1,true
50069,1001381,10,2,1,true
50087,2504351,25,2,3,true
50093,1803349,18,2,1,true
50119,2706427,27,2,4,true
50129,2105419,21,2,2,true
50131,1102883,11,2,2,true
50147,1303823,13,2,1,true
50153,1303979,13,2,1,true
50159,1203817,12,2,1,true
50263,1708943,17,2,4,true
50341,1409549,14,2,2,true
50363,4230493,42,2,2,true
50417,2420017,24,2,2,true
50423,1310999,13,2,2,true
50441,4943219,49,2,5,true
50459,3431213,34,2,4,true
50539,1415093,14,2,1,true
50543,1010861,10,2,1,true
50549,1617569,16,2,3,true
50581,2124403,21,2,3,true
50593,1720163,17,2,1,true
50599,2428753,24,2,1,true
50627,1316303,13,2,1,true
50753,1015061,10,2,1,true
50767,1827613,18,2,2,true
50777,1015541,10,2,2,true
50789,1523671,15,2,2,true
50821,1524631,15,2,2,true
50839,1525171,15,2,1,true
50867,1322543,13,2,1,true
50891,1933859,19,2,1,true
50923,3870149,38,2,3,true
50929,2953883,29,2,1,true
50951,1834237,18,2,1,true
50971,2650493,26,2,1,true
51001,2142043,21,2,4,true
51047,1225129,12,2,1,true
51061,2655173,26,2,4,true
51157,1227769,12,2,2,true
51169,1535071,15,2,2,true
51193,1842949,18,2,3,true
51197,1023941,10,2,1,true
51217,1229209,12,2,2,true
51283,1128227,11,2,2,true
51287,1025741,10,2,1,true
51329,4003663,39,2,4,true
51347,1026941,10,2,1,true
51413,8020429,78,2,4,true
51419,1645409,16,2,2,true
51427,1542811,15,2,2,true
51437,1543111,15,2,2,true
51449,1028981,10,2,1,true
51461,1852597,18,2,1,true
51487,1441637,14,2,4,true
51517,3400123,33,2,5,true
51551,2165143,21,2,2,true
51563,1237513,12,2,2,true
51581,1547431,15,2,1,true
51613,1754843,17,2,1,true
51673,1240153,12,2,1,true
51679,1550371,15,2,2,true
51691,1137203,11,2,2,true
51713,1654817,16,2,1,true
51767,1035341,10,2,1,true
51769,1138919,11,2,1,true
51787,2071481,20,2,2,true
51839,2280917,22,2,3,true
51853,2177827,21,2,1,true
51871,2386067,23,2,2,true
51899,2594951,25,2,2,true
51949,5818289,56,2,4,true
51977,2286989,22,2,3,true
52009,1248217,12,2,2,true
52027,3433783,33,2,2,true
52051,1457429,14,2,2,true
52177,1460957,14,2,1,true
52189,1461293,14,2,1,true
52223,2820043,27,2,1,true
52237,1253689,12,2,2,true
52253,1045061,10,2,1,true
52267,1777079,17,2,2,true
52301,2510449,24,2,2,true
52313,1569391,15,2,2,true
52321,1151063,11,2,1,true
52361,1361387,13,2,3,true
52363,1151987,11,2,3,true
52391,4086499,39,2,4,true
52433,1363259,13,2,3,true
52453,1153967,11,2,3,true
52457,2832679,27,2,5,true
52489,1259737,12,2,2,true
52501,1890037,18,2,2,true
52579,2208319,21,2,2,true
52627,1473557,14,2,2,true
52721,1897957,18,2,1,true
52747,1793399,17,2,1,true
52769,2216299,21,2,1,true
52807,1795439,17,2,4,true
52859,1057181,10,2,1,true
52889,1057781,10,2,1,true
52919,1058381,10,2,1,true
52937,3176221,30,2,5,true
52963,1165187,11,2,1,true
52967,2648351,25,2,2,true
53003,1060061,10,2,1,true
53047,2121881,20,2,2,true
53077,3503083,33,2,4,true
53089,1274137,12,2,1,true
53101,2230243,21,2,4,true
53117,1381043,13,2,2,true
53129,1700129,16,2,1,true
53147,1913293,18,2,2,true
53149,1488173,14,2,1,true
53173,2233267,21,2,2,true
53201,2021639,19,2,2,true
53231,2555089,24,2,3,true
53267,1598011,15,2,2,true
53269,2556913,24,2,3,true
53279,1704929,16,2,3,true
53323,1279753,12,2,1,true
53359,2561233,24,2,1,true
53377,1921573,18,2,4,true
53381,1067621,10,2,1,true
53401,3524467,33,2,3,true
53407,1815839,17,2,1,true
53419,1816247,17,2,2,true
53441,5878511,55,2,5,true
53503,2247127,21,2,3,true
53507,1391183,13,2,2,true
53549,1070981,10,2,2,true
53569,1499933,14,2,1,true
53623,1286953,12,2,1,true
53693,2684651,25,2,3,true
53731,2256703,21,2,3,true
53777,3226621,30,2,3,true
53783,1936189,18,2,2,true
53813,3228781,30,2,3,true
53819,1076381,10,2,2,true
53857,1507997,14,2,1,true
53861,1077221,10,2,1,true
53891,1077821,10,2,1,true
53897,2694851,25,2,5,true
53899,2802749,26,2,3,true
53927,3559183,33,2,5,true
54001,1512029,14,2,1,true
54013,1188287,11,2,1,true
54049,1621471,15,2,1,true
54139,1624171,15,2,2,true
54167,3683357,34,2,6,true
54181,3792671,35,2,4,true
54193,1300633,12,2,2,true
54251,2278543,21,2,4,true
54269,1628071,15,2,1,true
54319,1846847,17,2,1,true
54347,3586903,33,2,5,true
54377,1957573,18,2,1,true
54421,4135997,38,2,6,true
54437,2068607,19,2,2,true
54469,1525133,14,2,1,true
54493,1307833,12,2,1,true
54499,1198979,11,2,1,true
54503,2289127,21,2,4,true
54521,1090421,10,2,2,true
54547,1309129,12,2,1,true
54559,3491777,32,2,5,true
54577,1528157,14,2,3,true
54581,2292403,21,2,3,true
54583,1855823,17,2,2,true
54617,1310809,12,2,1,true
54623,1092461,10,2,3,true
54631,2185241,20,2,1,true
54647,2950939,27,2,2,true
54767,1423943,13,2,4,true
54829,1644871,15,2,2,true
54833,1644991,15,2,1,true
54851,1426127,13,2,1,true
54877,1646311,15,2,2,true
54881,1426907,13,2,2,true
54907,1537397,14,2,4,true
54919,1208219,11,2,2,true
54973,4507787,41,2,1,true
55001,2310043,21,2,5,true
55051,1541429,14,2,1,true
55073,1321753,12,2,2,true
55079,1321897,12,2,2,true
55127,3087113,28,2,1,true
55163,3420107,31,2,1,true
55207,2208281,20,2,2,true
55213,1214687,11,2,2,true
55229,3313741,30,2,4,true
55291,2653969,24,2,2,true
55313,4093163,37,2,2,true
55337,3098873,28,2,5,true
55351,1992637,18,2,1,true
55373,1439699,13,2,2,true
55399,1218779,11,2,3,true
55439,3437219,31,2,4,true
55529,2110103,19,2,1,true
55541,1110821,10,2,2,true
55603,3336181,30,2,2,true
55609,1557053,14,2,3,true
55619,1112381,10,2,3,true
55639,1224059,11,2,2,true
55667,1336009,12,2,1,true
55691,1782113,16,2,1,true
55717,1337209,12,2,1,true
55787,2008333,18,2,2,true
55817,1451243,13,2,1,true
55829,2121503,19,2,3,true
55837,1675111,15,2,1,true
55901,1118021,10,2,2,true
55927,3355621,30,2,3,true
55933,6264497,56,2,3,true
55949,4364023,39,2,3,true
55967,1455143,13,2,1,true
55987,3583169,32,2,5,true
55997,2687857,24,2,2,true
56003,1344073,12,2,1,true
56053,2354227,21,2,5,true
56113,2917877,26,2,1,true
56131,4378219,39,2,3,true
56149,2245961,20,2,2,true
56171,1460447,13,2,2,true
56197,1685911,15,2,2,true
56207,1124141,10,2,1,true
56209,1686271,15,2,4,true
56239,1349737,12,2,1,true
56249,1349977,12,2,1,true
56263,1350313,12,2,2,true
56299,4391323,39,2,3,true
56359,1239899,11,2,1,true
56369,4396783,39,2,4,true
56431,2708689,24,2,3,true
56443,1919063,17,2,2,true
56453,1467779,13,2,1,true
56477,1468403,13,2,2,true
56479,1581413,14,2,1,true
56509,1921307,17,2,1,true
56527,1921919,17,2,1,true
56543,1696291,15,2,1,true
56591,3735007,33,2,3,true
56599,3282743,29,2,3,true
56629,1359097,12,2,1,true
56659,4759357,42,2,5,true
56681,1133621,10,2,3,true
56687,3401221,30,2,2,true
56711,1814753,16,2,2,true
56713,4650467,41,2,3,true
56731,1248083,11,2,3,true
56779,2271161,20,2,3,true
56813,1363513,12,2,1,true
56827,2614043,23,2,2,true
56843,1818977,16,2,3,true
56857,1364569,12,2,1,true
56873,1364953,12,2,1,true
56893,1706791,15,2,1,true
56923,1935383,17,2,2,true
56929,1366297,12,2,3,true
56951,4897787,43,2,5,true
56957,1139141,10,2,3,true
56963,2392447,21,2,1,true
56983,1253627,11,2,2,true
57059,4108249,36,2,2,true
57073,3081943,27,2,3,true
57077,2511389,22,2,3,true
57089,1826849,16,2,1,true
57097,1370329,12,2,1,true
57107,2055853,18,2,1,true
57119,1370857,12,2,2,true
57131,1713931,15,2,2,true
57139,1714171,15,2,2,true
57173,1829537,16,2,1,true
57221,2746609,24,2,3,true
57223,3776719,33,2,2,true
57251,2404543,21,2,4,true
57269,1145381,10,2,1,true
57287,2520629,22,2,4,true
57301,2406643,21,2,2,true
57331,1719931,15,2,2,true
57349,1376377,12,2,1,true
57383,3787279,33,2,1,true
57427,1378249,12,2,2,true
57457,1378969,12,2,2,true
57467,1149341,10,2,1,true
57559,2762833,24,2,2,true
57587,1497263,13,2,3,true
57593,1151861,10,2,1,true
57641,3227897,28,2,5,true
57653,1729591,15,2,2,true
57667,3114019,27,2,2,true
57697,2307881,20,2,1,true
57709,1615853,14,2,2,true
57713,1385113,12,2,1,true
57719,2424199,21,2,2,true
57727,3809983,33,2,3,true
57731,1847393,16,2,2,true
57737,3117799,27,2,1,true
57751,1617029,14,2,1,true
57787,3467221,30,2,4,true
57793,1733791,15,2,2,true
57809,1387417,12,2,2,true
57829,4857637,42,2,3,true
57847,2660963,23,2,1,true
57853,1388473,12,2,2,true
57859,1735771,15,2,2,true
57881,1157621,10,2,3,true
57917,4633361,40,2,7,true
58013,2436547,21,2,3,true
58049,4527823,39,2,3,true
58099,1626773,14,2,1,true
58129,1278839,11,2,1,true
58147,3837703,33,2,6,true
58193,5353757,46,2,7,true
58199,1745971,15,2,1,true
58237,2096533,18,2,3,true
58243,7222133,62,2,6,true
58271,1165421,10,2,2,true
58309,3148687,27,2,4,true
58313,2449147,21,2,3,true
58337,2566829,22,2,3,true
58367,1400809,12,2,1,true
58379,2451919,21,2,2,true
58391,1167821,10,2,2,true
58441,2337641,20,2,3,true
58477,1988219,17,2,2,true
58481,4678481,40,2,4,true
58601,1172021,10,2,3,true
58603,5860301,50,2,2,true
58613,1523939,13,2,3,true
58661,2229119,19,2,1,true
58687,1995359,17,2,4,true
58699,1291379,11,2,1,true
58733,2466787,21,2,3,true
58741,3054533,26,2,1,true
58889,2237783,19,2,3,true
58897,2709263,23,2,2,true
58901,1884833,16,2,2,true
58909,2002907,17,2,1,true
58913,3299129,28,2,1,true
58967,2594549,22,2,3,true
58991,1887713,16,2,2,true
59011,1770331,15,2,1,true
59029,1770871,15,2,1,true
59053,2480227,21,2,1,true
59119,2482999,21,2,3,true
59123,2601413,22,2,4,true
59159,1183181,10,2,2,true
59167,1420009,12,2,1,true
59183,1775491,15,2,2,true
59197,1420729,12,2,1,true
59219,1895009,16,2,1,true
59221,4263913,36,2,4,true
59239,1421737,12,2,2,true
59243,2132749,18,2,2,true
59273,1896737,16,2,1,true
59281,1304183,11,2,1,true
59333,2610653,22,2,1,true
59341,1661549,14,2,2,true
59351,1543127,13,2,2,true
59359,1780771,15,2,1,true
59387,3563221,30,2,5,true
59417,1782511,15,2,2,true
59443,2377721,20,2,2,true
59447,2258987,19,2,1,true
59473,1784191,15,2,1,true
59497,1784911,15,2,2,true
59509,4165631,35,2,2,true
59557,1429369,12,2,3,true
59561,1191221,10,2,1,true
59567,1191341,10,2,1,true
59629,1431097,12,2,3,true
59663,1193261,10,2,1,true
59669,1790071,15,2,1,true
59723,3941719,33,2,3,true
59729,1194581,10,2,1,true
59753,1792591,15,2,1,true
59779,3586741,30,2,3,true
59879,1916129,16,2,4,true
59921,2157157,18,2,2,true
59951,1558727,13,2,2,true
59957,2877937,24,2,2,true
59971,1679189,14,2,1,true
60013,1320287,11,2,1,true
60029,1200581,10,2,2,true
60041,2521723,21,2,2,true
60089,2523739,21,2,2,true
60091,2764187,23,2,2,true
60107,2644709,22,2,2,true
60133,1322927,11,2,2,true
60139,2405561,20,2,1,true
60149,4090133,34,2,3,true
60161,2526763,21,2,2,true
60209,2649197,22,2,3,true
60217,2167813,18,2,2,true
60223,1324907,11,2,2,true
60257,1446169,12,2,2,true
60271,4218971,35,2,4,true
60289,4943699,41,2,5,true
60337,1689437,14,2,1,true
60353,1931297,16,2,1,true
60413,2537347,21,2,1,true
60521,1573547,13,2,1,true
60527,2663189,22,2,2,true
60601,3514859,29,2,2,true
60607,3272779,27,2,4,true
60611,1212221,10,2,1,true
60617,2909617,24,2,1,true
60623,1454953,12,2,1,true
60637,4608413,38,2,3,true
60647,3396233,28,2,2,true
60649,1819471,15,2,1,true
60679,3276667,27,2,2,true
60737,3401273,28,2,4,true
60763,3159677,26,2,2,true
60779,3768299,31,2,5,true
60793,2066963,17,2,4,true
60859,2434361,20,2,4,true
60887,1461289,12,2,1,true
60889,1704893,14,2,2,true
60899,2923153,24,2,2,true
60917,1462009,12,2,2,true
60919,1462057,12,2,1,true
60923,1583999,13,2,1,true
60937,2071859,17,2,1,true
60943,4997327,41,2,5,true
60953,1462873,12,2,2,true
60961,1341143,11,2,1,true
61043,4028839,33,2,2,true
61057,3663421,30,2,3,true
61121,1833631,15,2,3,true
61129,2934193,24,2,3,true
61141,3668461,30,2,4,true
61169,4526507,37,2,3,true
61223,1836691,15,2,1,true
61231,1836931,15,2,2,true
61261,1715309,14,2,2,true
61291,1716149,14,2,1,true
61331,2207917,18,2,3,true
61339,1840171,15,2,2,true
61403,7122749,58,2,4,true
61417,3685021,30,2,2,true
61463,1475113,12,2,1,true
61471,1844131,15,2,1,true
61493,1475833,12,2,1,true
61507,4305491,35,2,6,true
61511,2583463,21,2,5,true
61519,2952913,24,2,2,true
61559,1969889,16,2,1,true
61561,2216197,18,2,2,true
61583,3448649,28,2,2,true
61603,2833739,23,2,2,true
61609,2464361,20,2,3,true
61631,3821123,31,2,4,true
61637,2218933,18,2,2,true
61657,6165701,50,2,3,true
61667,2713349,22,2,3,true
61673,3453689,28,2,2,true
61681,2960689,24,2,2,true
61751,1235021,10,2,2,true
61757,2223253,18,2,2,true
61813,2225269,18,2,3,true
61819,5069159,41,2,2,true
61837,1731437,14,2,1,true
61909,1361999,11,2,2,true
61927,1486249,12,2,1,true
61933,2848919,23,2,3,true
61949,2354063,19,2,2,true
61967,3346219,27,2,4,true
61979,2727077,22,2,1,true
61991,3719461,30,2,4,true
62003,2604127,21,2,2,true
62017,5457497,44,2,4,true
62071,2855267,23,2,5,true
62081,2359079,19,2,1,true
62129,1491097,12,2,2,true
62131,3230813,26,2,4,true
62137,1864111,15,2,3,true
62141,3479897,28,2,3,true
62171,1243421,10,2,2,true
62189,1865671,15,2,2,true
62191,1368203,11,2,1,true
62207,1244141,10,2,1,true
62219,1244381,10,2,1,true
62323,2617567,21,2,3,true
62351,1621127,13,2,2,true
62417,1248341,10,2,1,true
62423,2247229,18,2,4,true
62467,3748021,30,2,4,true
62477,1874311,15,2,1,true
62533,1375727,11,2,1,true
62539,1751093,14,2,2,true
62549,1501177,12,2,3,true
62563,2127143,17,2,3,true
62627,1503049,12,2,1,true
62653,4761629,38,2,2,true
62701,1755629,14,2,3,true
62723,1505353,12,2,1,true
62861,2640163,21,2,2,true
62903,1635479,13,2,1,true
62929,3272309,26,2,3,true
62969,4533769,36,2,2,true
62987,1511689,12,2,1,true
63029,2395103,19,2,1,true
63067,1513609,12,2,1,true
63079,2144687,17,2,1,true
63131,1262621,10,2,2,true
63179,2021729,16,2,2,true
63211,1390643,11,2,2,true
63241,2909087,23,2,2,true
63247,2150399,17,2,1,true
63281,1898431,15,2,2,true
63299,1265981,10,2,3,true
63311,4178527,33,2,1,true
63353,1520473,12,2,2,true
63361,4561993,36,2,4,true
63377,1521049,12,2,2,true
63389,1521337,12,2,2,true
63419,1522057,12,2,3,true
63421,1395263,11,2,2,true
63439,4440731,35,2,3,true
63467,4315757,34,2,3,true
63493,1396847,11,2,1,true
63499,1396979,11,2,1,true
63527,1270541,10,2,2,true
63533,3430783,27,2,3,true
63541,4447871,35,2,3,true
63559,2161007,17,2,1,true
63577,3814621,30,2,2,true
63611,2671663,21,2,1,true
63629,1908871,15,2,3,true
63647,1527529,12,2,2,true
63649,1527577,12,2,2,true
63659,4328813,34,2,2,true
63691,1401203,11,2,2,true
63697,1783517,14,2,1,true
63703,2165903,17,2,1,true
63709,3822541,30,2,4,true
63719,1274381,10,2,2,true
63737,3059377,24,2,2,true
63743,2039777,16,2,2,true
63773,3571289,28,2,3,true
63781,2296117,18,2,2,true
63809,2424743,19,2,1,true
63823,1404107,11,2,2,true
63863,2043617,16,2,5,true
63907,2172839,17,2,2,true
63977,1919311,15,2,2,true
64007,1280141,10,2,1,true
64013,2688547,21,2,2,true
64033,1920991,15,2,3,true
64037,1536889,12,2,2,true
64151,1283021,10,2,2,true
64187,1925611,15,2,1,true
64223,1669799,13,2,2,true
64231,1798469,14,2,1,true
64237,1541689,12,2,1,true
64271,3856261,30,2,3,true
64283,1671359,13,2,1,true
64301,2443439,19,2,3,true
64319,4759607,37,2,2,true
64327,7333279,57,2,4,true
64333,2701987,21,2,2,true
64403,1288061,10,2,2,true
64433,1675259,13,2,2,true
64553,5164241,40,2,2,true
64577,5424469,42,2,4,true
64601,1679627,13,2,1,true
64627,2585081,20,2,5,true
64633,2197523,17,2,2,true
64679,1552297,12,2,2,true
64783,1425227,11,2,2,true
64793,1555033,12,2,2,true
64811,2722063,21,2,3,true
64817,1296341,10,2,2,true
64877,2465327,19,2,1,true
64901,2336437,18,2,2,true
64919,2466923,19,2,3,true
64921,2726683,21,2,3,true
64937,1688363,13,2,2,true
64969,1429319,11,2,1,true
64997,1299941,10,2,1,true
65003,1690079,13,2,2,true
65027,2340973,18,2,2,true
65101,2734243,21,2,2,true
65119,3516427,27,2,2,true
65129,1563097,12,2,2,true
65141,5862691,45,2,6,true
65167,3779687,29,2,2,true
65173,3519343,27,2,4,true
65179,2216087,17,2,4,true
65213,2086817,16,2,2,true
65239,2740039,21,2,3,true
65257,3915421,30,2,4,true
65267,2871749,22,2,3,true
65327,9145781,70,2,7,true
65353,2614121,20,2,1,true
65423,4317919,33,2,5,true
65447,1570729,12,2,3,true
65519,2882837,22,2,4,true
65537,1310741,10,2,2,true
65539,2752639,21,2,2,true
65543,2883893,22,2,2,true
65557,2228939,17,2,2,true
65599,3804743,29,2,1,true
65687,1707863,13,2,2,true
65699,4073339,31,2,3,true
65707,3811007,29,2,3,true
65777,2367973,18,2,1,true
65789,1315781,10,2,1,true
65881,1976431,15,2,3,true
65899,1449779,11,2,3,true
65921,1977631,15,2,2,true
65927,2373373,18,2,1,true
65929,1450439,11,2,1,true
65951,3693257,28,2,3,true
65963,1715039,13,2,3,true
66169,2249747,17,2,1,true
66239,3576907,27,2,2,true
66293,1325861,10,2,3,true
66343,2255663,17,2,2,true
66347,2919269,22,2,3,true
66359,2521643,19,2,3,true
66361,1990831,15,2,1,true
66383,1991491,15,2,1,true
66403,4249793,32,2,6,true
66413,3320651,25,2,1,true
66467,3190417,24,2,1,true
66491,3324551,25,2,3,true
66499,1861973,14,2,1,true
66533,1995991,15,2,2,true
66553,2795227,21,2,1,true
66617,4529957,34,2,2,true
66629,2132129,16,2,2,true
66653,8131667,61,2,6,true
66683,1600393,12,2,2,true
66697,3868427,29,2,2,true
66733,2669321,20,2,2,true
66739,1868693,14,2,2,true
66751,2803543,21,2,3,true
66763,6676301,50,2,8,true
66841,1871549,14,2,1,true
66851,2139233,16,2,2,true
66883,1471427,11,2,2,true
66943,5623213,42,2,2,true
66947,2945669,22,2,4,true
67021,5495723,41,2,3,true
67033,2681321,20,2,4,true
67043,2011291,15,2,3,true
67061,2145953,16,2,1,true
67073,4158527,31,2,2,true
67079,1341581,10,2,2,true
67139,2148449,16,2,1,true
67153,2014591,15,2,2,true
67157,4969619,37,2,3,true
67169,3224113,24,2,4,true
67181,1746707,13,2,2,true
67211,2016331,15,2,2,true
67217,1747643,13,2,1,true
67219,4302017,32,2,3,true
67247,3631339,27,2,2,true
67273,1614553,12,2,1,true
67289,3364451,25,2,3,true
67307,2019211,15,2,2,true
67343,1346861,10,2,1,true
67369,3907403,29,2,3,true
67409,2022271,15,2,2,true
67411,1483043,11,2,1,true
67427,1348541,10,2,1,true
67429,1483439,11,2,1,true
67433,2427589,18,2,3,true
67453,6745301,50,2,5,true
67481,2564279,19,2,3,true
67511,1755287,13,2,1,true
67523,2430829,18,2,2,true
67531,1890869,14,2,2,true
67537,9995477,74,2,5,true
67567,2702681,20,2,2,true
67589,1351781,10,2,3,true
67607,3785993,28,2,2,true
67679,1353581,10,2,1,true
67709,6093811,45,2,6,true
67741,5554763,41,2,4,true
67757,2032711,15,2,1,true
67759,3930023,29,2,3,true
67783,1491227,11,2,2,true
67801,2847643,21,2,4,true
67807,2441053,18,2,2,true
67829,2170529,16,2,2,true
67853,3392651,25,2,5,true
67927,3260497,24,2,2,true
67939,1494659,11,2,1,true
67967,1631209,12,2,1,true
67979,2991077,22,2,3,true
67993,2855707,21,2,2,true
68059,1905653,14,2,2,true
68087,5855483,43,2,4,true
68113,5721493,42,2,7,true
68141,2589359,19,2,2,true
68147,2453293,18,2,2,true
68207,1364141,10,2,1,true
68209,2046271,15,2,2,true
68213,2046391,15,2,1,true
68227,4502983,33,2,3,true
68311,2049331,15,2,4,true
68329,5739637,42,2,3,true
68371,6016649,44,2,3,true
68399,3283153,24,2,3,true
68477,1369541,10,2,3,true
68491,1506803,11,2,1,true
68507,2466253,18,2,2,true
68531,2878303,21,2,1,true
68539,2741561,20,2,1,true
68567,1782743,13,2,1,true
68633,1647193,12,2,4,true
68659,4119541,30,2,2,true
68683,3708883,27,2,4,true
68711,3298129,24,2,3,true
68737,1649689,12,2,2,true
68749,1512479,11,2,1,true
68791,1926149,14,2,1,true
68813,1651513,12,2,1,true
68821,1514063,11,2,1,true
68879,3719467,27,2,3,true
68881,2479717,18,2,1,true
68897,1791323,13,2,2,true
68899,2066971,15,2,1,true
68903,1378061,10,2,1,true
68909,2618543,19,2,2,true
68917,2067511,15,2,2,true
68927,2067811,15,2,3,true
68947,7446277,54,2,7,true
68993,1793819,13,2,1,true
69019,1932533,14,2,1,true
69031,2070931,15,2,2,true
69067,1657609,12,2,1,true
69109,1658617,12,2,1,true
69127,3318097,24,2,5,true
69197,1799123,13,2,1,true
69221,2630399,19,2,2,true
69233,3461651,25,2,3,true
69247,3185363,23,2,1,true
69259,1662217,12,2,3,true
69263,6649249,48,2,3,true
69313,1663513,12,2,3,true
69317,3743119,27,2,3,true
69379,1526339,11,2,1,true
69389,1387781,10,2,1,true
69401,2914843,21,2,4,true
69463,3195299,23,2,5,true
69467,1667209,12,2,2,true
69493,1667833,12,2,1,true
69497,5142779,37,2,3,true
69499,1528979,11,2,2,true
69557,4729877,34,2,2,true
69623,1670953,12,2,1,true
69653,1810979,13,2,1,true
69677,1811603,13,2,1,true
69697,3345457,24,2,1,true
69709,1673017,12,2,3,true
69737,2510533,18,2,2,true
69739,1952693,14,2,1,true
69761,2232353,16,2,1,true
69821,2513557,18,2,4,true
69833,2094991,15,2,1,true
69857,5169419,37,2,3,true
69911,1817687,13,2,2,true
69931,3216827,23,2,3,true
69997,2379899,17,2,1,true
70003,2940127,21,2,2,true
70019,1680457,12,2,1,true
70039,1540859,11,2,2,true
70051,2101531,15,2,2,true
70067,2662547,19,2,1,true
70099,1542179,11,2,2,true
70111,3645773,26,2,2,true
70117,1682809,12,2,1,true
70123,2524429,18,2,2,true
70141,4909871,35,2,2,true
70157,2665967,19,2,1,true
70163,3087173,22,2,3,true
70183,3789883,27,2,3,true
70207,2387039,17,2,1,true
70229,1404581,10,2,1,true
70241,4635907,33,2,2,true
70309,1546799,11,2,1,true
70327,1687849,12,2,1,true
70351,1547723,11,2,1,true
70393,5772227,41,2,5,true
70423,3239459,23,2,4,true
70459,1550099,11,2,2,true
70481,3946937,28,2,1,true
70489,2396627,17,2,3,true
70501,1974029,14,2,2,true
70529,2680103,19,2,3,true
70537,1975037,14,2,1,true
70573,4234381,30,2,6,true
70607,3953993,28,2,3,true
70619,3813427,27,2,3,true
70687,4523969,32,2,5,true
70709,1414181,10,2,1,true
70717,3818719,27,2,2,true
70753,1556567,11,2,2,true
70867,5385893,38,2,1,true
70877,1417541,10,2,1,true
70879,4961531,35,2,3,true
70891,5387717,38,2,4,true
70913,7374953,52,2,5,true
70937,1418741,10,2,2,true
70957,1702969,12,2,1,true
70981,2129431,15,2,1,true
70991,4401443,31,2,2,true
70997,2697887,19,2,2,true
71011,1562243,11,2,1,true
71023,4261381,30,2,4,true
71039,4404419,31,2,2,true
71059,2131771,15,2,2,true
71129,3129677,22,2,1,true
71147,1707529,12,2,1,true
71153,1423061,10,2,4,true
71161,1992509,14,2,2,true
71167,1708009,12,2,2,true
71191,4271461,30,2,3,true
71209,1709017,12,2,1,true
71249,3419953,24,2,1,true
71261,3990617,28,2,1,true
71293,3707237,26,2,2,true
71327,1426541,10,2,1,true
71329,1997213,14,2,2,true
71339,1426781,10,2,1,true
71363,4709959,33,2,2,true
71387,3854899,27,2,3,true
71411,2713619,19,2,1,true
71413,1713913,12,2,1,true
71419,1999733,14,2,3,true
71429,2714303,19,2,2,true
71473,5003111,35,2,4,true
71479,1572539,11,2,2,true
71503,4576193,32,2,2,true
71527,4148567,29,2,3,true
71537,1716889,12,2,2,true
71551,2146531,15,2,2,true
71563,3864403,27,2,2,true
71569,4580417,32,2,2,true
71593,4725139,33,2,1,true
71633,3581651,25,2,2,true
71663,3153173,22,2,1,true
71671,2150131,15,2,2,true
71707,2151211,15,2,1,true
71789,1722937,12,2,1,true
71807,5744561,40,2,2,true
71809,1723417,12,2,3,true
71837,3591851,25,2,1,true
71861,1868387,13,2,2,true
71993,2591749,18,2,2,true
72031,3745613,26,2,4,true
72043,1729033,12,2,1,true
72047,1729129,12,2,3,true
72053,1441061,10,2,2,true
72091,3748733,26,2,5,true
72103,1730473,12,2,2,true
72109,3461233,24,2,2,true
72139,2164171,15,2,1,true
72161,1876187,13,2,3,true
72169,1732057,12,2,2,true
72227,1733449,12,2,2,true
72287,1879463,13,2,3,true
72307,2024597,14,2,4,true
72353,4775299,33,2,1,true
72379,2026613,14,2,2,true
72383,3040087,21,2,2,true
72469,2174071,15,2,1,true
72493,3769637,26,2,5,true
72497,5654767,39,2,5,true
72559,1596299,11,2,1,true
72661,1598543,11,2,2,true
72701,1454021,10,2,1,true
72707,4944077,34,2,3,true
72733,7418767,51,2,6,true
72739,2036693,14,2,2,true
72797,1455941,10,2,1,true
72817,2475779,17,2,1,true
72823,3349859,23,2,4,true
72859,2040053,14,2,3,true
72893,5248297,36,2,7,true
72901,3353447,23,2,3,true
72907,2624653,18,2,1,true
72923,1458461,10,2,2,true
72953,1459061,10,2,2,true
72973,2918921,20,2,2,true
72977,1897403,13,2,1,true
72997,1751929,12,2,2,true
73013,3650651,25,2,2,true
73037,1460741,10,2,3,true
73039,1606859,11,2,2,true
73043,1899119,13,2,2,true
73061,2630197,18,2,1,true
73063,1753513,12,2,2,true
73079,1753897,12,2,2,true
73091,3069823,21,2,2,true
73121,1901147,13,2,2,true
73127,2632573,18,2,1,true
73133,2340257,16,2,1,true
73141,2925641,20,2,2,true
73189,2049293,14,2,1,true
73309,3518833,24,2,2,true
73327,6452777,44,2,3,true
73361,2200831,15,2,1,true
73369,3081499,21,2,1,true
73379,2201371,15,2,3,true
73471,3379667,23,2,1,true
73547,1470941,10,2,1,true
73571,4119977,28,2,4,true
73597,5151791,35,2,2,true
73607,4416421,30,2,2,true
73609,1766617,12,2,2,true
73613,1913939,13,2,4,true
73637,4418221,30,2,4,true
73679,2210371,15,2,2,true
73699,4421941,30,2,2,true
73757,6638131,45,2,3,true
73771,3098383,21,2,1,true
73847,6646231,45,2,5,true
73859,3692951,25,2,2,true
73883,1477661,10,2,1,true
73897,6650731,45,2,2,true
73907,2217211,15,2,1,true
73939,2218171,15,2,3,true
73973,1775353,12,2,1,true
74017,2960681,20,2,2,true
74047,3406163,23,2,4,true
74077,3555697,24,2,3,true
74093,3704651,25,2,3,true
74131,2075669,14,2,1,true
74161,1631543,11,2,2,true
74177,2670373,18,2,1,true
74197,6529337,44,2,5,true
74201,1929227,13,2,3,true
74209,1632599,11,2,1,true
74231,2672317,18,2,1,true
74257,1782169,12,2,1,true
74287,2674333,18,2,1,true
74297,1931723,13,2,3,true
74317,2080877,14,2,1,true
74323,2229691,15,2,1,true
74381,2231431,15,2,2,true
74413,1637087,11,2,1,true
74453,4467181,30,2,3,true
74489,1489781,10,2,2,true
74507,4470421,30,2,1,true
74521,2086589,14,2,2,true
74527,1788649,12,2,1,true
74597,1939523,13,2,1,true
74623,5223611,35,2,5,true
74687,1493741,10,2,2,true
74713,1643687,11,2,3,true
74779,2093813,14,2,3,true
74797,2094317,14,2,1,true
74831,1945607,13,2,2,true
74843,1945919,13,2,1,true
74857,2095997,14,2,1,true
74861,5090549,34,2,2,true
74887,7938023,53,2,8,true
74891,3744551,25,2,2,true
74903,1797673,12,2,2,true
74923,2247691,15,2,1,true
74929,5394889,36,2,2,true
74959,3148279,21,2,2,true
75011,1950287,13,2,2,true
75037,1800889,12,2,3,true
75083,3754151,25,2,2,true
75167,3758351,25,2,3,true
75209,2406689,16,2,2,true
75289,2559827,17,2,2,true
75307,4518421,30,2,3,true
75323,2410337,16,2,3,true
75353,2712709,18,2,3,true
75367,7084499,47,2,2,true
75377,3316589,22,2,1,true
75437,1961363,13,2,1,true
75521,2869799,19,2,2,true
75533,3776651,25,2,3,true
75571,6801391,45,2,3,true
75583,1813993,12,2,1,true
75611,1512221,10,2,2,true
75619,4083427,27,2,3,true
75629,3176419,21,2,3,true
75653,1815673,12,2,1,true
75659,1815817,12,2,2,true
75679,3027161,20,2,2,true
75683,1967759,13,2,3,true
75707,2725453,18,2,2,true
75709,5451049,36,2,5,true
75773,1515461,10,2,1,true
75797,2273911,15,2,1,true
75833,1516661,10,2,2,true
75853,2275591,15,2,1,true
75869,4096927,27,2,2,true
75883,1669427,11,2,1,true
75931,5770757,38,2,2,true
75941,2733877,18,2,4,true
75967,2127077,14,2,1,true
75983,4103083,27,2,4,true
75989,1823737,12,2,2,true
75997,2279911,15,2,1,true
76003,1824073,12,2,2,true
76039,3193639,21,2,2,true
76081,2130269,14,2,3,true
76103,2283091,15,2,1,true
76123,3197167,21,2,2,true
76157,1523141,10,2,1,true
76163,4569781,30,2,4,true
76213,1676687,11,2,2,true
76231,1677083,11,2,1,true
76243,4117123,27,2,4,true
76249,4422443,29,2,4,true
76253,1982579,13,2,1,true
76261,1677743,11,2,1,true
76283,2746189,18,2,3,true
76289,2898983,19,2,2,true
76333,5343311,35,2,3,true
76343,9161161,60,2,4,true
76367,3818351,25,2,1,true
76421,1528421,10,2,3,true
76441,1681703,11,2,1,true
76471,1682363,11,2,1,true
76487,1835689,12,2,2,true
76511,4590661,30,2,3,true
76519,9029243,59,2,4,true
76541,2449313,16,2,1,true
76543,2755549,18,2,2,true
76607,2298211,15,2,2,true
76649,3679153,24,2,1,true
76717,9973211,65,2,4,true
76733,3222787,21,2,2,true
76753,5526217,36,2,5,true
76757,3684337,24,2,3,true
76771,2763757,18,2,2,true
76777,4145959,27,2,1,true
76781,1535621,10,2,3,true
76801,3993653,26,2,3,true
76829,1536581,10,2,2,true
76831,2304931,15,2,5,true
76847,1998023,13,2,3,true
76873,2306191,15,2,2,true
76913,1845913,12,2,3,true
76919,1846057,12,2,2,true
76949,3385757,22,2,2,true
76963,1693187,11,2,1,true
76991,1539821,10,2,1,true
77003,2002079,13,2,3,true
77047,2311411,15,2,1,true
77081,6012319,39,2,2,true
77137,3702577,24,2,2,true
77141,2314231,15,2,3,true
77153,6943771,45,2,5,true
77239,3089561,20,2,3,true
77249,1853977,12,2,2,true
77263,2317891,15,2,5,true
77267,5099623,33,2,2,true
77347,5414291,35,2,2,true
77351,2011127,13,2,1,true
77359,1701899,11,2,3,true
77383,3095321,20,2,4,true
77477,3408989,22,2,1,true
77479,3718993,24,2,4,true
77489,4184407,27,2,2,true
77491,2169749,14,2,2,true
77521,1705463,11,2,1,true
77551,5118367,33,2,3,true
77563,9617813,62,2,5,true
77569,4188727,27,2,1,true
77573,2327191,15,2,1,true
77591,9310921,60,2,7,true
77617,6519829,42,2,4,true
77621,2328631,15,2,1,true
77641,1708103,11,2,1,true
77659,3106361,20,2,1,true
77681,2019707,13,2,3,true
77689,2175293,14,2,1,true
77713,2331391,15,2,2,true
77731,1710083,11,2,1,true
77747,5286797,34,2,4,true
77773,2799829,18,2,2,true
77813,3890651,25,2,4,true
77863,2647343,17,2,4,true
77893,1869433,12,2,1,true
77899,1869577,12,2,2,true
77929,1714439,11,2,2,true
77969,2962823,19,2,2,true
77983,1715627,11,2,2,true
77999,5303933,34,2,1,true
78007,2184197,14,2,3,true
78017,4212919,27,2,2,true
78041,7491937,48,2,6,true
78079,4060109,26,2,2,true
78101,2343031,15,2,3,true
78137,2969207,19,2,2,true
78139,1719059,11,2,1,true
78179,6097963,39,2,3,true
78193,7350143,47,2,3,true
78203,5630617,36,2,8,true
78241,3129641,20,2,3,true
78307,3132281,20,2,3,true
78317,2819413,18,2,1,true
78367,5485691,35,2,2,true
78401,2038427,13,2,3,true
78427,3137081,20,2,4,true
78437,3451229,22,2,2,true
78439,4078829,26,2,2,true
78467,3452549,22,2,1,true
78497,4709821,30,2,3,true
78511,2198309,14,2,1,true
78517,1884409,12,2,1,true
78539,1570781,10,2,2,true
78541,1727903,11,2,1,true
78569,3457037,22,2,2,true
78583,1885993,12,2,2,true
78697,5980973,38,2,4,true
78707,4250179,27,2,2,true
78713,3935651,25,2,2,true
78737,1889689,12,2,2,true
78787,3151481,20,2,2,true
78791,4885043,31,2,3,true
78797,2048723,13,2,1,true
78803,1891273,12,2,1,true
78809,3940451,25,2,3,true
78853,1734767,11,2,3,true
78857,2838853,18,2,2,true
78877,1893049,12,2,1,true
78893,2051219,13,2,2,true
78901,1735823,11,2,1,true
78919,4261627,27,2,3,true
78929,2525729,16,2,2,true
78979,2211413,14,2,1,true
79031,2528993,16,2,1,true
79043,1580861,10,2,2,true
79063,4269403,27,2,3,true
79133,1899193,12,2,1,true
79139,2532449,16,2,2,true
79147,2216117,14,2,1,true
79153,1899673,12,2,1,true
79159,3324679,21,2,2,true
79231,7130791,45,2,4,true
79241,2852677,18,2,1,true
79279,2219813,14,2,2,true
79301,5233867,33,2,3,true
79367,1904809,12,2,2,true
79397,2064323,13,2,2,true
79427,2065103,13,2,1,true
79531,2385931,15,2,1,true
79537,3817777,24,2,3,true
79549,2386471,15,2,1,true
79561,3818929,24,2,1,true
79601,3024839,19,2,3,true
79627,2707319,17,2,1,true
79631,9237197,58,2,6,true
79699,5578931,35,2,5,true
79757,2392711,15,2,2,true
79769,1914457,12,2,3,true
79777,2233757,14,2,2,true
79801,3351643,21,2,3,true
79823,4789381,30,2,4,true
79841,2075867,13,2,2,true
79843,2395291,15,2,1,true
79847,1596941,10,2,1,true
79861,1756943,11,2,2,true
79873,1916953,12,2,2,true
79901,5433269,34,2,2,true
79943,4476809,28,2,1,true
79967,3038747,19,2,2,true
79987,1919689,12,2,1,true
79997,2079923,13,2,3,true
80051,3041939,19,2,2,true
80077,1921849,12,2,2,true
80107,4325779,27,2,3,true
80111,2082887,13,2,1,true
80141,3846769,24,2,2,true
80147,1602941,10,2,1,true
80173,2886229,18,2,3,true
80177,1603541,10,2,1,true
80207,1924969,12,2,3,true
80239,4332907,27,2,3,true
80251,2247029,14,2,2,true
80287,4817221,30,2,2,true
80329,1767239,11,2,1,true
80341,1767503,11,2,1,true
80387,3054707,19,2,4,true
80407,2251397,14,2,2,true
80429,1930297,12,2,1,true
80449,2735267,17,2,2,true
80471,3862609,24,2,4,true
80557,3222281,20,2,2,true
80567,2900413,18,2,1,true
80627,4031351,25,2,3,true
80657,1613141,10,2,2,true
80737,2422111,15,2,4,true
80747,2422411,15,2,1,true
80777,1615541,10,2,1,true
80779,5654531,35,2,1,true
80789,1615781,10,2,2,true
80809,1777799,11,2,1,true
80831,1616621,10,2,2,true
80849,3072263,19,2,2,true
80863,2749343,17,2,2,true
80897,2426911,15,2,2,true
80911,4692839,29,2,2,true
80917,2265677,14,2,1,true
80953,1780967,11,2,1,true
80963,3562373,22,2,2,true
81001,4698059,29,2,2,true
81013,5184833,32,2,4,true
81031,7130729,44,2,6,true
81041,2917477,18,2,3,true
81047,2107223,13,2,3,true
81049,3241961,20,2,2,true
81071,4053551,25,2,4,true
81083,2108159,13,2,1,true
81157,2272397,14,2,2,true
81173,2597537,16,2,1,true
81181,3409603,21,2,2,true
81233,3411787,21,2,3,true
81239,8286379,51,2,4,true
81293,1625861,10,2,1,true
81299,4877941,30,2,3,true
81343,4392523,27,2,2,true
81421,7165049,44,2,5,true
81439,4723463,29,2,3,true
81509,1956217,12,2,2,true
81533,1956793,12,2,1,true
81559,2773007,17,2,1,true
81563,1631261,10,2,2,true
81619,4733903,29,2,3,true
81647,1632941,10,2,1,true
81667,1960009,12,2,2,true
81671,4083551,25,2,3,true
81689,2450671,15,2,2,true
81703,2777903,17,2,1,true
81727,3269081,20,2,3,true
81737,2125163,13,2,1,true
81769,1798919,11,2,1,true
81799,1799579,11,2,1,true
81853,1800767,11,2,1,true
81869,1637381,10,2,1,true
81883,1965193,12,2,2,true
81901,2457031,15,2,3,true
81919,1802219,11,2,1,true
81931,3441103,21,2,3,true
81971,2623073,16,2,2,true
81973,3442867,21,2,2,true
82003,4264157,26,2,2,true
82009,1804199,11,2,2,true
82013,4428703,27,2,2,true
82021,4921261,30,2,4,true
82031,1640621,10,2,1,true
82051,2297429,14,2,3,true
82073,6894133,42,2,7,true
82129,2463871,15,2,3,true
82153,2464591,15,2,1,true
82189,2301293,14,2,1,true
82217,1644341,10,2,1,true
82219,4768703,29,2,5,true
82237,1973689,12,2,1,true
82261,2303309,14,2,4,true
82421,4945261,30,2,1,true
82463,6102263,37,2,2,true
82529,1980697,12,2,3,true
82559,3137243,19,2,3,true
82567,3302681,20,2,1,true
82571,2146847,13,2,1,true
82591,2973277,18,2,2,true
82613,3469747,21,2,4,true
82619,1982857,12,2,2,true
82651,3471343,21,2,1,true
82699,1984777,12,2,1,true
82721,4632377,28,2,3,true
82727,2481811,15,2,1,true
82729,3474619,21,2,2,true
82757,1986169,12,2,3,true
82759,1986217,12,2,3,true
82787,1986889,12,2,1,true
82793,6954613,42,2,3,true
82811,2484331,15,2,1,true
82813,4306277,26,2,3,true
82891,3812987,23,2,2,true
82939,4976341,30,2,2,true
82997,2157923,13,2,3,true
83009,2656289,16,2,2,true
83023,6807887,41,2,2,true
83047,2325317,14,2,1,true
83063,2159639,13,2,2,true
83093,1661861,10,2,1,true
83101,1828223,11,2,1,true
83117,2493511,15,2,2,true
83207,2496211,15,2,2,true
83231,2663393,16,2,1,true
83233,5826311,35,2,6,true
83267,3663749,22,2,2,true
83311,3832307,23,2,1,true
83339,1666781,10,2,2,true
83357,5001421,30,2,3,true
83401,9007309,54,2,3,true
83407,2502211,15,2,2,true
83437,3838103,23,2,1,true
83443,3337721,20,2,2,true
83579,3176003,19,2,4,true
83591,4012369,24,2,3,true
83609,3678797,22,2,2,true
83621,1672421,10,2,1,true
83653,3513427,21,2,1,true
83701,3515443,21,2,3,true
83717,6529927,39,2,5,true
83719,3516199,21,2,4,true
83737,4521799,27,2,3,true
83791,7373609,44,2,3,true
83813,1676261,10,2,2,true
83833,2514991,15,2,1,true
83843,2515291,15,2,2,true
83891,3020077,18,2,2,true
83903,4698569,28,2,3,true
83911,6041593,36,2,2,true
83939,5707853,34,2,3,true
83987,2519611,15,2,3,true
84011,3192419,19,2,2,true
84047,4706633,28,2,2,true
84053,1681061,10,2,1,true
84067,2353877,14,2,3,true
84127,2355557,14,2,1,true
84137,2019289,12,2,2,true
84179,3703877,22,2,4,true
84191,5219843,31,2,2,true
84239,2021737,12,2,1,true
84319,6070969,36,2,3,true
84347,2024329,12,2,3,true
84401,2700833,16,2,2,true
84421,2363789,14,2,2,true
84437,3208607,19,2,2,true
84443,3546607,21,2,4,true
84463,1858187,11,2,3,true
84467,2027209,12,2,2,true
84509,2535271,15,2,3,true
84521,1690421,10,2,1,true
84551,2198327,13,2,2,true
84589,2030137,12,2,1,true
84631,3046717,18,2,1,true
84649,2031577,12,2,2,true
84659,3217043,19,2,2,true
84673,2032153,12,2,1,true
84691,3557023,21,2,1,true
84701,4743257,28,2,2,true
84751,2373029,14,2,1,true
84809,2035417,12,2,1,true
84811,2544331,15,2,2,true
84827,2205503,13,2,1,true
84947,4757033,28,2,1,true
84967,9686239,57,2,4,true
84977,4078897,24,2,3,true
84979,2889287,17,2,2,true
85081,1871783,11,2,2,true
85087,2552611,15,2,2,true
85093,2042233,12,2,1,true
85121,2553631,15,2,3,true
85159,5109541,30,2,5,true
85193,4600423,27,2,2,true
85223,3068029,18,2,4,true
85229,2556871,15,2,2,true
85243,2045833,12,2,1,true
85259,2728289,16,2,2,true
85297,2388317,14,2,1,true
85303,3582727,21,2,2,true
85313,2730017,16,2,3,true
85333,2047993,12,2,2,true
85361,6658159,39,2,2,true
85363,3073069,18,2,3,true
85429,1879439,11,2,2,true
85469,2735009,16,2,2,true
85487,3077533,18,2,3,true
85531,5645047,33,2,3,true
85577,2567311,15,2,2,true
85597,2054329,12,2,2,true
85621,3596083,21,2,2,true
85627,5480129,32,2,1,true
85661,1713221,10,2,2,true
85703,3085309,18,2,3,true
85711,4456973,26,2,1,true
85717,3085813,18,2,2,true
85781,3259679,19,2,2,true
85819,3432761,20,2,1,true
85829,2746529,16,2,3,true
85847,1716941,10,2,1,true
85853,2060473,12,2,2,true
85909,1889999,11,2,2,true
85999,4471949,26,2,2,true
86011,2408309,14,2,1,true
86017,4988987,29,2,4,true
86077,2582311,15,2,1,true
86111,3099997,18,2,4,true
86117,4133617,24,2,2,true
86131,1894883,11,2,2,true
86143,7236013,42,2,4,true
86179,1895939,11,2,1,true
86197,2413517,14,2,2,true
86201,3103237,18,2,3,true
86249,3622459,21,2,3,true
86257,2415197,14,2,2,true
86263,3450521,20,2,2,true
86269,2415533,14,2,2,true
86287,2588611,15,2,1,true
86293,1898447,11,2,1,true
86357,2072569,12,2,1,true
86369,1727381,10,2,2,true
86381,6737719,39,2,1,true
86389,3455561,20,2,3,true
86423,2246999,13,2,1,true
86441,2247467,13,2,4,true
86501,2595031,15,2,3,true
86539,1903859,11,2,1,true
86561,5886149,34,2,5,true
86627,3811589,22,2,2,true
86629,5024483,29,2,3,true
86689,5027963,29,2,1,true
86693,4681423,27,2,2,true
86719,1907819,11,2,3,true
86753,3817133,22,2,1,true
86837,5904917,34,2,4,true
86843,5731639,33,2,3,true
86923,1912307,11,2,2,true
86927,6432599,37,2,1,true
86929,2434013,14,2,3,true
86951,1739021,10,2,2,true
86959,1913099,11,2,1,true
86969,2609071,15,2,1,true
87041,1740821,10,2,2,true
87107,2613211,15,2,1,true
87133,2613991,15,2,1,true
87151,3660343,21,2,2,true
87179,2789729,16,2,2,true
87187,2441237,14,2,3,true
87211,2616331,15,2,3,true
87223,3488921,20,2,3,true
87257,1745141,10,2,2,true
87313,2619391,15,2,1,true
87337,2096089,12,2,1,true
87403,1922867,11,2,2,true
87407,2097769,12,2,1,true
87511,3150397,18,2,3,true
87553,1926167,11,2,2,true
87557,4903193,28,2,2,true
87583,8407969,48,2,4,true
87587,5780743,33,2,2,true
87589,2452493,14,2,3,true
87623,4381151,25,2,4,true
87631,3154717,18,2,2,true
87641,3155077,18,2,2,true
87719,1754381,10,2,2,true
87721,6666797,38,2,4,true
87739,6843643,39,2,4,true
87751,4036547,23,2,1,true
87797,4389851,25,2,2,true
87803,3160909,18,2,1,true
87811,3688063,21,2,2,true
87853,2108473,12,2,2,true
87881,3691003,21,2,3,true
87887,4921673,28,2,3,true
87911,1758221,10,2,1,true
87917,5275021,30,2,2,true
87931,2462069,14,2,4,true
87961,5101739,29,2,2,true
87977,3343127,19,2,1,true
88001,1760021,10,2,2,true
88007,2112169,12,2,3,true
88129,2467613,14,2,2,true
88169,1763381,10,2,2,true
88177,3174373,18,2,4,true
88223,1764461,10,2,2,true
88241,2294267,13,2,1,true
88261,2471309,14,2,1,true
88337,4946873,28,2,1,true
88379,2828129,16,2,1,true
88397,2651911,15,2,3,true
88411,1945043,11,2,3,true
88427,4244497,24,2,2,true
88463,5307781,30,2,3,true
88471,3715783,21,2,2,true
88499,1769981,10,2,1,true
88589,2657671,15,2,2,true
88609,4253233,24,2,2,true
88663,3723847,21,2,1,true
88667,3369347,19,2,3,true
88681,5143499,29,2,2,true
88729,2661871,15,2,3,true
88747,3549881,20,2,3,true
88771,1952963,11,2,1,true
88789,1953359,11,2,2,true
88793,5505167,31,2,1,true
88799,1775981,10,2,1,true
88807,9591157,54,2,2,true
88813,3730147,21,2,2,true
88817,2131609,12,2,2,true
88819,5684417,32,2,6,true
88867,4087883,23,2,3,true
88897,4089263,23,2,1,true
88903,3556121,20,2,2,true
88951,3202237,18,2,1,true
88993,1957847,11,2,2,true
88997,1779941,10,2,1,true
89003,1780061,10,2,3,true
89009,6942703,39,2,2,true
89017,5162987,29,2,2,true
89021,2314547,13,2,4,true
89041,7301363,41,2,5,true
89069,3919037,22,2,1,true
89083,1959827,11,2,2,true
89107,2673211,15,2,2,true
89113,2138713,12,2,2,true
89119,3030047,17,2,3,true
89189,6599987,37,2,4,true
89209,3568361,20,2,2,true
89213,5888059,33,2,4,true
89231,2855393,16,2,2,true
89261,2856353,16,2,1,true
89273,6427657,36,2,3,true
89317,2679511,15,2,1,true
89329,4287793,24,2,5,true
89371,1966163,11,2,2,true
89387,1787741,10,2,2,true
89393,1787861,10,2,1,true
89431,2504069,14,2,1,true
89459,1789181,10,2,2,true
89477,2326403,13,2,2,true
89519,3759799,21,2,3,true
89533,3223189,18,2,1,true
89561,2865953,16,2,2,true
89563,2686891,15,2,2,true
89599,2508773,14,2,1,true
89603,2867297,16,2,2,true
89611,1971443,11,2,4,true
89627,2330303,13,2,1,true
89633,2330459,13,2,2,true
89657,3944909,22,2,2,true
89689,2690671,15,2,2,true
89779,2693371,15,2,1,true
89819,3952037,22,2,1,true
89849,2156377,12,2,2,true
89899,1977779,11,2,2,true
89909,7012903,39,2,3,true
89923,5755073,32,2,3,true
89963,1799261,10,2,1,true
89977,4138943,23,2,4,true
89989,4679429,26,2,3,true
90007,3240253,18,2,2,true
90017,1800341,10,2,1,true
90053,2341379,13,2,1,true
90107,2162569,12,2,2,true
90173,5410381,30,2,3,true
90199,2705971,15,2,1,true
90203,5051369,28,2,2,true
90239,2887649,16,2,2,true
90289,1986359,11,2,1,true
90359,2891489,16,2,2,true
90373,2168953,12,2,2,true
90379,1988339,11,2,1,true
90407,2350583,13,2,2,true
90437,2713111,15,2,2,true
90469,1990319,11,2,2,true
90481,4705013,26,2,2,true
90499,4705949,26,2,5,true
90599,3805159,21,2,3,true
90617,2356043,13,2,3,true
90641,1812821,10,2,2,true
90659,4532951,25,2,2,true
90677,5440621,30,2,2,true
90709,5805377,32,2,2,true
90731,8347253,46,2,3,true
90749,2177977,12,2,3,true
90863,3271069,18,2,2,true
90887,3453707,19,2,2,true
90901,4181447,23,2,2,true
90911,1818221,10,2,2,true
90917,2182009,12,2,1,true
90989,1819781,10,2,2,true
91009,2730271,15,2,2,true
91099,8016713,44,2,3,true
91151,1823021,10,2,1,true
91159,2005499,11,2,1,true
91183,4194419,23,2,2,true
91193,2918177,16,2,2,true
91199,7295921,40,2,3,true
91243,2007347,11,2,1,true
91283,5659547,31,2,4,true
91303,4930363,27,2,4,true
91309,2739271,15,2,1,true
91331,2739931,15,2,2,true
91367,1827341,10,2,2,true
91369,9136901,50,2,5,true
91393,2010647,11,2,1,true
91397,8225731,45,2,2,true
91411,8226991,45,2,5,true
91423,4205459,23,2,2,true
91433,2742991,15,2,3,true
91453,3292309,18,2,2,true
91457,1829141,10,2,2,true
91513,2013287,11,2,2,true
91541,4393969,24,2,2,true
91571,3479699,19,2,2,true
91591,4396369,24,2,3,true
91621,3664841,20,2,2,true
91673,2200153,12,2,1,true
91703,2200873,12,2,1,true
91757,2202169,12,2,2,true
91771,6056887,33,2,4,true
91781,2936993,16,2,1,true
91811,2387087,13,2,2,true
91813,3856147,21,2,3,true
91921,6066787,33,2,3,true
91943,2390519,13,2,2,true
91997,7359761,40,2,5,true
92033,2760991,15,2,1,true
92077,3130619,17,2,3,true
92083,2209993,12,2,2,true
92111,2763331,15,2,3,true
92143,2027147,11,2,2,true
92153,4607651,25,2,2,true
92173,2027807,11,2,2,true
92189,8297011,45,2,4,true
92203,3134903,17,2,1,true
92221,2028863,11,2,3,true
92227,2582357,14,2,2,true
92237,1844741,10,2,2,true
92243,2213833,12,2,2,true
92297,1845941,10,2,2,true
92333,5539981,30,2,3,true
92347,4432657,24,2,3,true
92353,2031767,11,2,1,true
92369,1847381,10,2,3,true
92381,3325717,18,2,2,true
92387,2771611,15,2,2,true
92399,2771971,15,2,4,true
92401,4250447,23,2,2,true
92413,2772391,15,2,2,true
92431,3697241,20,2,2,true
92467,2774011,15,2,4,true
92489,4439473,24,2,3,true
92503,3885127,21,2,3,true
92557,5553421,30,2,2,true
92567,4072949,22,2,1,true
92569,5554141,30,2,3,true
92593,3148163,17,2,3,true
92623,5001643,27,2,3,true
92639,2779171,15,2,1,true
92641,2038103,11,2,2,true
92657,4447537,24,2,1,true
92693,1853861,10,2,2,true
92789,2226937,12,2,1,true
92791,5567461,30,2,3,true
92821,3898483,21,2,3,true
92831,6126847,33,2,3,true
92857,3157139,17,2,2,true
92899,7246123,39,2,3,true
92921,1858421,10,2,1,true
92957,1859141,10,2,3,true
92987,2417663,13,2,1,true
93077,2792311,15,2,1,true
93089,4468273,24,2,3,true
93103,6144799,33,2,3,true
93113,2793391,15,2,2,true
93133,4842917,26,2,4,true
93139,5402063,29,2,1,true
93151,5402759,29,2,2,true
93179,1863581,10,2,2,true
93187,2609237,14,2,3,true
93251,3357037,18,2,1,true
93253,3170603,17,2,2,true
93263,1865261,10,2,1,true
93287,3544907,19,2,2,true
93319,5039227,27,2,3,true
93329,2799871,15,2,2,true
93377,3548327,19,2,3,true
93383,2241193,12,2,2,true
93407,3549467,19,2,2,true
93419,1868381,10,2,1,true
93427,5045059,27,2,3,true
93487,3365533,18,2,1,true
93491,3926623,21,2,2,true
93493,3365749,18,2,2,true
93497,3365893,18,2,2,true
93553,3367909,18,2,4,true
93601,2620829,14,2,3,true
93607,8237417,44,2,1,true
93637,3370933,18,2,2,true
93701,6184267,33,2,4,true
93703,2811091,15,2,3,true
93719,4498513,24,2,2,true
93739,5061907,27,2,6,true
93761,3562919,19,2,1,true
93811,3940063,21,2,1,true
93913,3380869,18,2,1,true
93923,5259689,28,2,2,true
93949,2818471,15,2,2,true
93983,2819491,15,2,1,true
94049,2821471,15,2,2,true
94057,5079079,27,2,3,true
94063,2069387,11,2,1,true
94099,5457743,29,2,3,true
94109,2258617,12,2,1,true
94121,2823631,15,2,3,true
94169,1883381,10,2,2,true
94201,2072423,11,2,3,true
94207,2826211,15,2,2,true
94253,3393109,18,2,3,true
94273,2828191,15,2,1,true
94291,3394477,18,2,2,true
94307,8487631,45,2,7,true
94309,4526833,24,2,2,true
94321,6225187,33,2,2,true
94343,4717151,25,2,3,true
94349,3019169,16,2,3,true
94397,4153469,22,2,1,true
94399,2831971,15,2,1,true
94421,1888421,10,2,3,true
94433,3399589,18,2,1,true
94441,2833231,15,2,3,true
94477,5479667,29,2,2,true
94483,2078627,11,2,1,true
94529,4159277,22,2,2,true
94541,5294297,28,2,2,true
94547,2269129,12,2,2,true
94613,2270713,12,2,1,true
94621,2838631,15,2,2,true
94687,5113099,27,2,2,true
94723,2841691,15,2,2,true
94777,4549297,24,2,2,true
94781,3032993,16,2,2,true
94793,2843791,15,2,1,true
94823,2844691,15,2,1,true
94873,5123143,27,2,2,true
94907,3606467,19,2,2,true
94951,7216277,38,2,3,true
94993,2089847,11,2,3,true
95003,2470079,13,2,2,true
95009,5130487,27,2,3,true
95027,5131459,27,2,4,true
95063,2471639,13,2,2,true
95071,4943693,26,2,3,true
95087,3613307,19,2,2,true
95089,2852671,15,2,2,true
95093,3423349,18,2,1,true
95111,5706661,30,2,3,true
95153,1903061,10,2,3,true
95191,7234517,38,2,7,true
95203,2284873,12,2,1,true
95213,9140449,48,2,3,true
95219,3618323,19,2,1,true
95239,2666693,14,2,2,true
95261,6858793,36,2,4,true
95267,4763351,25,2,2,true
95273,2286553,12,2,1,true
95279,4001719,21,2,2,true
95311,3812441,20,2,5,true
95419,4007599,21,2,3,true
95429,4580593,24,2,3,true
95441,3054113,16,2,2,true
95443,2863291,15,2,2,true
95507,2865211,15,2,1,true
95539,3248327,17,2,3,true
95569,2102519,11,2,2,true
95597,6500597,34,2,4,true
95603,1912061,10,2,2,true
95617,2677277,14,2,1,true
95707,4593937,24,2,2,true
95713,2871391,15,2,2,true
95717,5743021,30,2,2,true
95791,4023223,21,2,3,true
95801,1916021,10,2,1,true
95813,3066017,16,2,2,true
95869,2684333,14,2,2,true
95911,2877331,15,2,2,true
95917,2302009,12,2,2,true
95929,2110439,11,2,1,true
95957,2494883,13,2,2,true
95987,3455533,18,2,2,true
95989,3263627,17,2,1,true
96017,2880511,15,2,1,true
96059,1921181,10,2,1,true
96079,2113739,11,2,2,true
96097,2306329,12,2,2,true
96137,2307289,12,2,1,true
96149,5961239,31,2,5,true
96157,3846281,20,2,4,true
96167,4808351,25,2,2,true
96179,7694321,40,2,3,true
96181,2885431,15,2,4,true
96211,4618129,24,2,1,true
96259,6738131,35,2,4,true
96263,4043047,21,2,1,true
96289,2118359,11,2,1,true
96293,8858957,46,2,6,true
96329,5201767,27,2,2,true
96353,3468709,18,2,1,true
96377,5397113,28,2,2,true
96431,2892931,15,2,3,true
96457,2314969,12,2,2,true
96461,2893831,15,2,2,true
96469,2894071,15,2,2,true
96479,1929581,10,2,2,true
96497,5210839,27,2,3,true
96527,7529107,39,2,2,true
96553,3475909,18,2,2,true
96661,4059763,21,2,3,true
96667,2706677,14,2,1,true
96671,8313707,43,2,2,true
96731,2901931,15,2,3,true
96757,2709197,14,2,2,true
96769,2903071,15,2,3,true
96893,6007367,31,2,3,true
96911,4651729,24,2,1,true
96953,2520779,13,2,1,true
96973,2133407,11,2,1,true
96997,5237839,27,2,2,true
97001,2910031,15,2,3,true
97039,7569043,39,2,4,true
97081,2912431,15,2,2,true
97103,2524679,13,2,2,true
97151,1943021,10,2,2,true
97157,1943141,10,2,1,true
97169,2915071,15,2,3,true
97177,3498373,18,2,2,true
97187,2915611,15,2,1,true
97213,2138687,11,2,4,true
97283,1945661,10,2,2,true
97303,6227393,32,2,4,true
97327,2335849,12,2,1,true
97381,4090003,21,2,1,true
97387,2726837,14,2,1,true
97397,2921911,15,2,3,true
97423,2338153,12,2,1,true
97429,2728013,14,2,2,true
97501,2145023,11,2,2,true
97553,2536379,13,2,1,true
97577,4293389,22,2,2,true
97579,2341897,12,2,1,true
97613,4294973,22,2,2,true
97813,8216293,42,2,3,true
97829,5869741,30,2,5,true
97841,4892051,25,2,5,true
97883,2544959,13,2,1,true
97919,3720923,19,2,3,true
97961,2546987,13,2,2,true
97973,2351353,12,2,2,true
98009,2940271,15,2,2,true
98101,2158223,11,2,2,true
98179,6283457,32,2,1,true
98227,2750357,14,2,2,true
98297,1965941,10,2,2,true
98323,3932921,20,2,2,true
98327,2359849,12,2,1,true
98419,2362057,12,2,3,true
98443,2165747,11,2,2,true
98459,3741443,19,2,4,true
98473,3348083,17,2,3,true
98479,2363497,12,2,2,true
98597,4732657,24,2,2,true
98663,1973261,10,2,1,true
98669,1973381,10,2,2,true
98713,3948521,20,2,1,true
98731,2764469,14,2,3,true
98779,2765813,14,2,1,true
98801,2568827,13,2,1,true
98849,2965471,15,2,3,true
98869,2372857,12,2,1,true
98873,2570699,13,2,1,true
98887,7515413,38,2,4,true
98893,2966791,15,2,1,true
98897,2966911,15,2,3,true
98909,2967271,15,2,3,true
98929,2176439,11,2,1,true
98939,3166049,16,2,2,true
98947,3364199,17,2,2,true
98953,2374873,12,2,2,true
98993,2375833,12,2,1,true
99013,3960521,20,2,1,true
99053,3565909,18,2,4,true
99079,3963161,20,2,2,true
99109,2378617,12,2,3,true
99131,2973931,15,2,1,true
99137,2577563,13,2,3,true
99139,4758673,24,2,1,true
99233,7343243,37,2,3,true
99241,2183303,11,2,2,true
99257,4764337,24,2,4,true
99277,9530593,48,2,4,true
99347,5960821,30,2,3,true
99371,3179873,16,2,3,true
99377,2981311,15,2,1,true
99391,5168333,26,2,2,true
99397,4572263,23,2,5,true
99401,3578437,18,2,2,true
99487,4775377,24,2,2,true
99497,7959761,40,2,4,true
99523,4578059,23,2,3,true
99581,2589107,13,2,1,true
99611,2589887,13,2,2,true
99661,4185763,21,2,4,true
99707,2592383,13,2,1,true
99713,2592539,13,2,2,true
99719,1994381,10,2,1,true
99767,3591613,18,2,1,true
99793,9979301,50,2,4,true
99823,2196107,11,2,1,true
99829,2196239,11,2,1,true
99859,3395207,17,2,2,true
99871,2197163,11,2,1,true
99877,5792867,29,2,2,true
99881,5593337,28,2,2,true
99907,3996281,20,2,3,true
99923,8593379,43,2,4,true
99971,3598957,18,2,1,true
99989,4399517,22,2,3,true
99991,2199803,11,2,3,true
28229,6153923,109,2,7,true
54709,10504129,96,2,9,true
74573,12677411,85,2,8,true
77237,10813181,70,2,3,true
79691,10997359,69,2,6,true
79907,10068283,63,2,5,true
81553,10112573,62,2,4,true
83563,15375593,92,2,7,true
83689,12385973,74,2,6,true
86161,10166999,59,2,4,true
90547,10684547,59,2,5,true
90679,13964567,77,2,8,true
90841,10174193,56,2,6,true
91019,10012091,55,2,7,true
91493,16468741,90,2,5,true
91967,12875381,70,2,5,true
92219,10144091,55,2,9,true
92867,10586839,57,2,6,true
94961,11965087,63,2,4,true
96419,14655689,76,2,7,true
96763,12772717,66,2,2,true
96779,10452133,54,2,5,true
96797,12390017,64,2,5,true
97259,11671081,60,2,3,true
97987,14698051,75,2,5,true
98809,11857081,60,2,2,true
99349,14107559,71,2,4,true
76369,10997137,72,2,10,true
90371,15182329,84,2,11,true
