p,cand_old,wit_old,sg_old,joint_old,cand_bad,wit_bad,sg_bad,joint_bad,sg_among_nonwit_bad,first_l_old,first_l_bad,first_joint_bad,witnesses_bad,joint_bad_list
5,1,1,1,1,1,1,1,1,0,11,11,11,11,11
7,1,1,1,1,2,2,1,1,0,29,29,29,29 43,29
11,3,2,2,1,3,2,2,1,1,67,67,89,67 89,89
13,3,2,2,1,4,3,2,1,1,53,53,53,53 79 157,53
17,3,2,2,1,4,3,2,1,1,103,103,239,103 239 307,239
19,2,2,1,1,4,2,2,1,1,191,191,191,191 229,191
23,4,2,2,1,6,4,3,2,1,47,47,47,47 139 599 691,47 599
29,4,2,2,1,6,3,4,2,2,233,233,233,233 523 929,233 929
31,3,2,1,1,5,4,1,1,0,311,311,311,311 683 1117 1303,311
37,4,4,3,3,6,5,4,3,1,149,149,149,149 223 593 1259 1777,149 593 1259
41,5,4,3,2,7,5,4,3,1,83,83,83,83 739 1231 1559 2297,83 1559 2297
43,7,5,4,2,9,6,6,3,3,431,431,431,431 947 1033 1291 1549 2237,431 947 2237
47,8,5,5,3,11,8,7,5,2,283,283,659,283 659 941 1693 2069 2351 2539 2633,659 941 2069 2351 2633
53,5,2,4,1,9,4,6,3,3,743,743,743,743 2333 2969 3923,743 2969 3923
59,8,6,4,2,14,10,7,4,3,709,709,827,709 827 1063 2243 2833 3187 4013 4603 4721 4957,827 2243 4013 4721
61,7,5,4,4,12,9,6,5,1,367,367,977,367 977 1709 2441 3539 4027 4271 4637 4759,977 1709 2441 3539 4637
67,8,6,4,3,13,10,7,5,2,269,269,269,269 1609 3083 3217 4021 4289 4423 4691 5227 6299,269 3083 4289 4691 6299
71,9,4,4,2,12,6,5,2,3,569,569,569,569 1279 2699 4261 5113 7243,569 2699
73,10,8,5,5,14,10,6,5,1,293,293,293,293 877 1607 1753 3359 3797 3943 4673 6571 6863,293 1607 3359 3797 4673
79,10,8,4,3,16,12,6,5,1,317,317,317,317 1423 2213 2371 3793 4583 5531 5689 6163 7901 8059 8849,317 2213 4583 7901 8849
83,11,8,6,4,14,11,7,5,2,167,167,167,167 997 1163 1993 2657 4483 5479 6143 8467 9463 9629,167 1163 2657 6143 9629
89,12,9,6,5,18,13,9,6,3,179,179,179,179 2137 2671 3739 3917 4451 5519 6053 7477 8011 9613 10859 11393,179 3917 4451 5519 6053 10859
97,12,5,8,3,16,7,10,4,6,971,971,971,971 1553 4463 4657 5821 11059 12611,971 1553 4463 12611
101,14,11,6,5,19,13,9,7,2,809,809,809,809 1213 3637 4243 5051 5657 6263 7879 8081 9091 9293 11717 14747,809 5051 5657 8081 9293 11717 14747
103,13,6,6,3,19,11,7,4,3,619,619,1031,619 1031 1237 5563 8447 10301 11743 12979 13597 14009 15451,1031 8447 10301 14009
107,13,7,7,4,18,11,8,4,4,643,643,857,643 857 1499 2141 9631 10273 10487 12413 12841 14767 16693,857 1499 2141 10487
109,12,8,6,5,14,8,7,5,2,2399,2399,2399,2399 3271 5233 5669 6323 6977 10247 11119,2399 5669 6323 6977 10247
113,15,9,8,5,18,9,8,5,3,227,227,227,227 2939 3391 3617 6781 7459 8363 9041 9719,227 2939 3617 8363 9041
127,14,11,7,6,22,16,10,7,3,509,509,509,509 3049 5081 5843 7621 9907 11177 11939 13463 14479 15749 18289 19051 22861 23369 23623,509 5081 5843 11177 13463 15749 23369
131,14,2,7,2,21,8,11,5,6,1049,1049,1049,1049 2621 17293 18341 19913 23057 23581 25153,1049 2621 18341 19913 23057
137,17,14,6,6,25,18,10,9,1,1097,1097,1097,1097 2467 2741 4933 6029 6577 7673 8221 9043 10139 11783 14249 14797 15619 19181 21647 23017 24113,1097 2741 6029 7673 10139 14249 19181 21647 24113
139,14,9,5,5,19,11,9,7,2,557,557,557,557 1669 2503 7229 11399 11677 12511 13901 15569 21407 25577,557 7229 11399 13901 15569 21407 25577
149,19,12,9,5,21,13,9,5,4,1193,1193,1193,1193 1789 2683 8941 10133 10729 11027 12517 13411 13709 15199 15497 26821,1193 10133 11027 13709 15497
151,17,14,9,8,21,16,10,8,2,907,907,1511,907 1511 2417 3323 4229 6343 7853 9967 11779 13591 15101 16007 18121 22349 23557 28087,1511 2417 3323 4229 7853 15101 16007 22349
157,12,6,7,3,19,9,11,4,7,7537,7537,14759,7537 9421 14759 15073 19469 24179 30773 32971 35797,14759 19469 24179 30773
163,18,11,8,5,25,17,11,7,4,5869,5869,7499,5869 7499 8803 10433 11411 13367 15649 16301 18257 18583 23473 26407 27059 30319 34231 34883 36187,7499 10433 11411 16301 18257 27059 34883
167,13,8,5,4,21,12,8,5,3,7349,7349,7349,7349 14029 15031 18371 19373 21377 26053 26387 29059 31063 31397 39079,7349 19373 21377 26387 31397
173,19,15,9,6,30,23,13,9,4,347,347,347,347 2423 3461 4153 6229 9343 9689 12457 13841 14533 19031 21107 21799 25951 28027 30449 36677 37369 39791 40483 40829 43597 43943,347 2423 3461 9689 13841 19031 30449 39791 40829
179,20,11,11,7,30,17,14,9,5,1433,1433,1433,1433 7877 14321 16111 18617 19333 20407 21839 23629 28283 30431 37591 39023 41887 42961 43319 46183,1433 7877 14321 18617 21839 28283 30431 39023 43319
181,22,11,10,6,32,18,13,8,5,1811,1811,1811,1811 5431 10499 10861 12671 13757 14843 23893 24979 28961 30047 35839 37649 39097 39821 43441 45613 46337,1811 10499 12671 13757 14843 30047 37649 39821
191,20,8,13,5,28,14,16,8,8,383,383,383,383 6113 16427 19483 21011 22157 22921 35527 38201 40111 40493 45077 45841 49279,383 6113 16427 21011 22157 38201 40493 45077
193,23,14,12,5,32,18,17,7,10,1931,1931,1931,1931 3089 5791 6949 10037 12739 14669 19301 22003 27407 27793 29723 30109 35899 37057 39373 42461 44777,1931 3089 10037 14669 19301 42461 44777
197,21,16,12,9,33,26,17,14,3,4729,4729,7487,4729 7487 8669 9851 10639 13003 15761 16943 18913 21277 22853 32309 34673 35461 36643 38219 40189 40583 44129 48463 48857 52009 54767 55949 56737 57131,7487 8669 9851 15761 16943 22853 32309 34673 38219 40583 44129 48857 54767 57131
199,15,6,8,3,24,15,11,6,5,797,797,797,797 3583 16319 17911 28657 29453 40597 43781 44179 46567 47363 51343 53731 55721 58109,797 16319 29453 43781 47363 58109
211,21,12,14,7,28,17,16,9,7,10973,10973,10973,10973 21101 21523 22367 25321 27431 28697 32917 34183 35449 36293 41357 48953 51907 58237 61613 64567,10973 21101 22367 27431 28697 36293 41357 48953 61613
223,21,15,7,6,30,21,10,8,2,6691,6691,10259,6691 10259 11597 12043 16057 18287 20963 27653 28099 29437 31667 37019 38803 41479 46831 56197 57089 58427 65563 68239 71807,10259 11597 18287 20963 27653 37019 57089 58427
227,23,13,9,7,33,19,12,10,2,5903,5903,5903,5903 8627 11351 12713 17707 19069 23609 24517 24971 39499 39953 42677 46309 59021 60383 62653 65831 66739 69463,5903 8627 11351 23609 24971 39953 42677 59021 60383 65831
229,25,17,7,6,38,26,11,9,2,5039,5039,5039,5039 9161 9619 10993 14657 17863 20611 22901 24733 26107 27481 33893 35267 40763 41221 45343 50839 54503 57251 57709 59083 59999 64579 70991 74197 76487,5039 9161 22901 33893 35267 40763 57251 70991 76487
233,26,18,11,6,35,21,16,7,9,1399,1399,10253,1399 2797 6991 8389 9787 10253 12583 13049 22369 27961 32621 34019 37747 40543 41941 42407 50329 53591 59183 61979 65707,10253 13049 32621 34019 42407 53591 61979
239,23,10,11,5,34,17,18,11,7,479,479,479,479 1913 3347 5737 14341 24379 33461 52103 54493 55927 57839 59273 63097 76481 79349 80783 82217,479 1913 3347 33461 52103 57839 59273 76481 79349 80783 82217
241,26,14,12,5,36,22,15,8,7,1447,1447,5303,1447 5303 15907 16871 30367 36151 38561 39043 41453 46273 50129 52057 53503 54949 65071 67481 68927 70373 75193 76157 79531 83869,5303 16871 38561 41453 50129 67481 68927 76157
251,26,13,11,6,33,19,14,9,5,4519,4519,9539,4519 9539 12049 14057 27611 31627 35141 39659 42169 45181 46687 47189 48193 69779 70783 74297 90863 91867 92369,9539 14057 27611 35141 39659 47189 69779 74297 90863
257,19,14,5,4,31,18,7,5,2,1543,1543,17477,1543 13879 17477 20047 21589 23131 34439 40093 43691 45233 46261 60139 61681 63737 78643 82241 83269 84811,17477 34439 45233 63737 82241
263,23,15,11,5,38,19,16,6,10,1579,1579,13151,1579 13151 17359 22093 22619 23671 29983 39451 43133 44711 45763 50497 53653 58913 61543 71011 71537 79427 93629,13151 22619 43133 44711 58913 79427
269,27,17,11,6,38,24,16,9,7,2153,2153,2153,2153 3229 5381 10223 11299 20983 21521 24749 37123 38737 40351 43579 61333 65099 66713 69403 69941 79087 84467 88771 94151 97379 98993 100069,2153 5381 10223 21521 24749 69941 84467 94151 98993
271,24,16,11,7,39,28,14,10,4,1627,1627,7589,1627 3253 7589 11383 26017 29269 34147 36857 44987 53117 56369 56911 58537 59621 62873 64499 76423 78049 79133 84011 86179 92683 94309 95393 97561 100271 105691 108943,7589 36857 53117 56369 59621 62873 64499 84011 95393 100271
277,29,17,16,9,39,23,18,11,7,4987,4987,7757,4987 7757 12743 16067 17729 19391 23269 36011 50969 52631 54293 56509 58171 59833 62603 65927 70913 79777 83101 91411 100829 109139 113017,7757 12743 16067 17729 19391 36011 50969 52631 54293 100829 109139
281,27,15,10,6,37,23,15,9,6,563,563,563,563 3373 5059 8431 15737 22481 30911 33721 34283 35969 39341 50581 59011 62383 74747 80929 83177 97789 101161 101723 103409 106219 114649,563 22481 30911 34283 35969 39341 83177 101723 103409
283,26,20,8,6,40,29,12,8,4,1699,1699,9623,1699 6793 9623 11321 16981 18679 23773 25471 28867 33961 36791 37357 42451 45281 48677 52639 55469 62827 71317 79241 83203 86599 96221 96787 97919 100183 108107 112069 118861,9623 11321 36791 45281 48677 79241 96221 97919
293,28,17,13,8,45,28,22,14,8,587,587,587,587 1759 3517 5861 15823 21683 26371 35747 38677 42193 43951 44537 49811 65633 69149 79111 79697 86143 86729 89659 94933 100207 109583 111341 117787 118373 121889 127163,587 5861 21683 35747 44537 49811 65633 79697 86729 109583 111341 118373 121889 127163
307,31,18,16,8,45,28,23,13,10,1229,1229,1229,1229 7369 12281 14737 23333 27631 28859 29473 38069 46051 47279 56489 69383 69997 78593 81049 82891 87803 99469 102539 104381 116047 117889 124643 128327 128941 130783 137537,1229 12281 23333 28859 47279 56489 69383 87803 102539 104381 124643 128327 137537
311,29,19,14,9,39,22,17,10,7,1867,1867,15551,1867 3733 13063 14929 15551 17417 21149 31723 33589 43541 52249 57847 64067 76507 82727 85837 90191 93923 95789 106363 112583 130621,15551 17417 21149 43541 64067 82727 90191 93923 95789 112583
313,30,18,13,9,43,27,22,16,6,1879,1879,21911,1879 13147 16903 21911 23789 25667 33179 37561 39439 42569 59471 65731 78877 82007 87641 89519 91397 93901 100787 103291 104543 113933 115811 120193 123323 127079 134591,21911 23789 25667 33179 42569 59471 82007 87641 89519 100787 104543 113933 115811 123323 127079 134591
317,25,15,11,6,35,22,17,9,8,8243,8243,8243,8243 9511 15217 23459 40577 44381 53891 55793 58963 66571 68473 82421 91297 93199 95101 109049 110951 116657 119827 123631 135043 148991,8243 23459 40577 44381 55793 82421 109049 110951 148991
331,30,21,14,10,41,25,18,11,7,1987,1987,5297,1987 5297 7283 13241 13903 15889 19861 23833 25819 27143 29129 48989 51637 55609 59581 64877 65539 78779 84737 102611 104597 111217 122471 142993 158881,5297 7283 13241 27143 29129 48989 64877 84737 102611 104597 122471
337,29,18,9,4,44,28,14,6,8,6067,6067,45833,6067 8089 10111 18199 21569 32353 45833 46507 49877 50551 51899 60661 62683 76837 88969 99079 104471 111211 113233 120647 121321 131431 146933 147607 149629 151651 159739 161761,45833 49877 51899 104471 120647 146933
347,34,22,17,8,50,31,23,11,12,2083,2083,2777,2083 2777 6247 13187 16657 17351 25679 27067 31231 41641 52051 54133 69401 71483 72871 79811 81199 85363 89527 102019 106877 112429 122839 131861 137413 142271 156151 158233 158927 161009 172807,2777 13187 17351 25679 69401 71483 79811 106877 131861 142271 161009
349,30,21,15,11,48,31,22,14,8,8377,8377,18149,8377 18149 28619 37693 39089 48163 49559 64217 74687 76781 77479 81667 83761 87251 98419 102607 104003 104701 114473 118661 119359 121453 123547 125641 127037 136111 137507 146581 157051 160541 164729,18149 28619 39089 49559 64217 74687 76781 87251 104003 114473 118661 127037 137507 164729
353,29,13,12,8,41,23,16,12,4,4943,4943,4943,4943 14827 36713 43067 51539 62129 63541 67777 85427 91781 96017 115079 116491 125669 131317 141907 144731 146849 150379 156733 160969 168029 171559,4943 36713 43067 51539 62129 91781 96017 115079 125669 144731 146849 168029
359,35,18,17,9,55,31,27,16,11,719,719,719,719 11489 15797 19387 22259 24413 45953 73237 79699 82571 86161 92623 94777 96931 97649 103393 118471 125651 129959 132113 140729 145037 148627 151499 157243 162269 168013 170167 176629 177347 190271,719 11489 15797 22259 24413 45953 82571 97649 125651 129959 132113 140729 145037 151499 162269 190271
367,36,25,18,11,52,36,24,15,9,3671,3671,3671,3671 16883 19819 28627 30829 32297 34499 44041 50647 55051 56519 61657 65327 71933 74869 79273 94687 100559 101293 109367 116707 122579 124781 127717 129919 137993 138727 140929 146801 153407 171023 176161 184969 187171 193043 200383,3671 16883 32297 34499 56519 65327 71933 100559 109367 122579 124781 137993 146801 153407 171023
373,36,24,17,10,50,34,23,14,9,1493,1493,1493,1493 15667 20143 22381 35809 38047 41777 58189 64157 67141 68633 69379 75347 84299 89521 93251 93997 102203 108917 109663 115631 123091 131297 136519 145471 147709 161137 162629 169343 179041 180533 198437 203659 205151,1493 41777 64157 68633 75347 84299 93251 108917 115631 131297 162629 169343 180533 198437
379,31,17,15,8,47,27,22,11,11,4549,4549,10613,4549 6823 10613 15919 19709 33353 40933 45481 54577 56093 90203 111427 122039 128861 131893 137957 140989 143263 144779 162971 163729 168277 170551 178889 183437 186469 212999,10613 19709 33353 56093 90203 122039 128861 137957 144779 178889 183437
383,35,18,14,7,52,29,22,12,10,16087,16087,32939,16087 32173 32939 34471 42131 48259 58217 67409 81197 82729 85793 91921 94219 96517 112603 114901 122561 127157 147073 149371 158563 160861 161627 165457 184607 188437 193799 212183 216779,32939 42131 67409 81197 85793 122561 127157 161627 184607 193799 212183 216779
389,32,17,15,8,47,28,20,13,7,14783,14783,14783,14783 16339 31121 46681 51349 77801 79357 82469 98807 100363 105031 110477 121369 122147 137707 145487 149377 154823 159491 161047 175829 179719 180497 193723 210839 213173 214729 215507,14783 31121 77801 82469 98807 110477 122147 145487 154823 159491 210839 213173 215507
397,42,24,18,11,56,35,25,16,9,6353,6353,6353,6353 11117 15881 25409 26203 27791 33349 35731 38113 50023 53993 54787 58757 78607 80989 99251 106397 116719 120689 125453 131011 137363 145303 146891 161977 166741 170711 180239 185797 192149 202471 204059 214381 232643 233437,6353 11117 15881 25409 27791 53993 58757 99251 106397 125453 137363 170711 180239 192149 204059 232643
401,37,18,14,8,55,28,22,11,11,10427,10427,10427,10427 16843 19249 20051 34487 40903 48121 60953 74587 75389 108271 109073 137143 140351 149173 151579 152381 154787 170827 181253 182857 193283 197293 204511 218947 219749 223759 230977,10427 20051 34487 60953 75389 109073 152381 154787 181253 193283 219749
409,42,25,23,16,57,38,28,20,8,4091,4091,4091,4091 4909 8999 13907 16361 21269 26177 35993 49081 53171 56443 58897 62987 68713 77711 82619 83437 102251 103069 120247 121883 124337 127609 136607 163601 169327 179143 180779 191413 197957 205319 208591 215953 220861 224951 228223 238039 242129,4091 8999 13907 16361 21269 26177 35993 53171 62987 77711 82619 102251 121883 124337 136607 163601 180779 197957 205319 224951
419,37,18,20,11,52,29,24,14,10,839,839,839,839 5867 15923 30169 33521 53633 58661 62851 63689 76259 80449 82963 98047 113131 116483 135757 156707 164249 176819 183523 186037 189389 191903 218719 221233 229613 231289 248887 259781,839 5867 15923 33521 53633 58661 63689 76259 116483 156707 164249 176819 189389 229613
421,35,27,15,12,51,36,20,14,6,4211,4211,4211,4211 11789 17683 24419 25261 30313 32839 37049 42101 53047 58099 65677 75781 78307 80833 93463 95989 97673 105251 107777 117881 143141 148193 154087 164191 169243 175979 181031 188609 206291 219763 222289 245023 246707 255127 260179,4211 11789 24419 37049 42101 97673 105251 107777 117881 143141 148193 175979 181031 206291
431,39,28,19,15,60,42,29,22,7,863,863,863,863 3449 7759 24137 26723 28447 31033 33619 43963 46549 51721 52583 62927 86201 90511 98269 99131 112061 116371 124991 132749 143093 145679 153437 157747 171539 173263 176711 188779 194813 201709 205157 207743 214639 218087 220673 227569 245671 254291 262049 266359 274117,863 3449 24137 26723 52583 62927 86201 99131 112061 124991 132749 143093 153437 171539 176711 194813 205157 207743 218087 220673 254291 262049
433,42,24,21,13,63,40,30,20,10,5197,5197,19919,5197 19919 25981 32909 35507 36373 48497 54559 58889 61487 64951 83137 84869 95261 97859 101323 110849 116911 129901 132499 166273 178397 183593 186191 204377 217367 218233 225161 226027 230357 235553 238151 239017 246811 248543 256337 259801 262399 264997 275389,19919 32909 35507 48497 58889 61487 84869 95261 97859 110849 178397 183593 186191 204377 217367 225161 235553 238151 248543 256337
439,35,27,16,11,49,33,20,12,8,4391,4391,4391,4391 18439 35999 36877 39511 49169 50047 51803 54437 65851 70241 76387 80777 86923 96581 97459 105361 109751 110629 115019 122921 126433 131701 141359 163309 175601 183503 197551 218623 255499 267791 281839 287107,4391 35999 49169 51803 54437 70241 80777 96581 115019 141359 183503 267791
443,43,24,20,13,64,32,31,16,15,887,887,887,887 2659 8861 11519 24809 46073 48731 50503 53161 58477 63793 77969 90373 99233 101891 104549 106321 125813 141761 151507 152393 156823 160367 188719 204667 205553 210869 223273 236563 250739 268459 284407,887 8861 11519 24809 46073 48731 77969 99233 104549 125813 141761 152393 160367 205553 210869 250739
449,40,26,18,13,55,37,26,19,7,3593,3593,3593,3593 18859 24247 35023 37717 53881 62861 73637 87107 94291 97883 99679 107761 116741 124823 129313 130211 135599 145477 148171 161641 165233 181397 189479 194867 196663 208337 212827 221807 237073 237971 262217 264013 270299 277483 283769 299933,3593 62861 73637 87107 97883 116741 124823 130211 135599 165233 181397 189479 194867 208337 221807 262217 270299 283769 299933
457,37,21,17,7,53,30,22,11,11,21023,21023,21023,21023 21937 31991 63067 65809 71293 76777 82261 84089 98713 125219 134359 152639 155381 161779 178231 185543 189199 191027 194683 205651 218447 219361 233071 246781 248609 267803 282427 306191 308933,21023 31991 84089 125219 155381 185543 191027 218447 248609 267803 306191
461,44,28,18,13,59,38,22,15,7,9221,9221,9221,9221 14753 17519 22129 41491 44257 45179 49789 59009 67307 71917 106031 110641 114329 128159 130003 133691 141067 143833 150287 164117 165961 169649 174259 185323 194543 196387 205607 221281 224047 226813 233267 235111 237877 249863 251707 257239 258161,9221 14753 17519 45179 59009 67307 114329 128159 133691 164117 169649 194543 205607 249863 258161
463,41,22,20,11,61,33,27,15,12,5557,5557,18521,5557 18521 29633 30559 37967 44449 46301 52783 62969 83341 88897 90749 97231 115751 146309 149087 152791 154643 183349 200017 211129 212981 219463 226871 241687 263911 266689 291691 293543 297247 301877 308359 312989,18521 29633 37967 46301 62969 90749 115751 146309 149087 154643 212981 226871 293543 301877 312989
467,44,28,24,12,64,42,33,18,15,2803,2803,12143,2803 12143 14011 20549 25219 37361 39229 45767 53239 56041 65381 84061 87797 90599 101807 109279 114883 118619 121421 123289 135431 142903 149441 154111 156913 174659 182131 198943 222293 232567 238171 241907 252181 255917 260587 264323 275531 283937 292343 294211 300749 305419,12143 20549 37361 45767 65381 87797 90599 101807 118619 121421 135431 149441 222293 255917 264323 283937 292343 300749
479,44,22,20,11,62,32,27,14,13,3833,3833,3833,3833 32573 35447 38321 40237 48859 64187 66103 75683 87179 90053 91969 112087 120709 140827 153281 163819 166693 169567 210761 212677 216509 244291 253871 259619 281653 284527 293149 305603 313267 321889 337217,3833 32573 35447 38321 64187 75683 87179 90053 153281 210761 216509 253871 259619 305603
487,38,27,17,14,58,38,28,20,8,1949,1949,1949,1949 4871 7793 11689 29221 32143 37013 37987 57467 58441 61363 63311 72077 81817 110063 124673 130517 133439 159737 163633 177269 188957 206489 207463 213307 222073 226943 248371 262007 262981 280513 282461 299993 311681 314603 323369 336031 352589,1949 4871 7793 37013 57467 63311 72077 110063 124673 130517 133439 177269 188957 206489 282461 299993 311681 314603 323369 352589
491,39,24,16,12,61,34,27,15,12,983,983,983,983 3929 24551 35353 42227 47137 54011 67759 76597 83471 89363 115877 142391 150247 156139 171851 182653 185599 186581 197383 200329 206221 218987 226843 245501 273979 300493 307367 315223 325043 338791 344683 347629 356467,983 3929 24551 42227 54011 83471 89363 115877 142391 171851 186581 218987 245501 307367 325043
499,42,26,28,17,66,35,39,20,19,1997,1997,1997,1997 10979 20959 38923 43913 55889 64871 68863 76847 79841 85829 115769 134731 136727 145709 154691 155689 166667 169661 175649 178643 199601 205589 230539 236527 239521 269461 275449 286427 290419 299401 310379 313373 356287 371257,1997 10979 43913 55889 64871 76847 79841 85829 115769 136727 145709 154691 166667 169661 175649 178643 205589 286427 310379 313373
503,49,33,24,14,72,47,34,20,14,3019,3019,7043,3019 6037 7043 12073 15091 16097 22133 30181 33199 37223 40241 52313 87523 103619 106637 111667 117703 120721 126757 162973 163979 169009 172027 176051 181081 191141 193153 196171 209249 238423 239429 241441 248483 262567 263573 286711 296771 316891 326951 329969 332987 338017 357131 359143 362161 365179 368197,7043 16097 22133 37223 40241 52313 103619 106637 163979 176051 191141 209249 239429 248483 263573 296771 326951 329969 332987 357131
509,47,27,26,11,66,37,32,13,19,4073,4073,4073,4073 10181 15271 21379 22397 39703 52937 54973 58027 85513 86531 91621 97729 117071 119107 126233 129287 167971 174079 178151 184259 189349 195457 235159 238213 239231 245339 260609 271807 305401 306419 317617 332887 335941 352229 357319 375643,4073 10181 22397 52937 86531 117071 126233 129287 178151 239231 245339 306419 352229
521,41,19,25,13,58,31,32,18,14,16673,16673,16673,16673 40639 41681 79193 115663 119831 122957 143797 151091 162553 172973 185477 188603 193813 201107 204233 243829 247997 254249 284467 294887 296971 312601 316769 326147 341777 363659 375121 379289 381373 390751,16673 41681 79193 119831 122957 151091 172973 185477 188603 201107 204233 247997 254249 294887 316769 341777 363659 379289
523,44,26,20,9,68,42,33,18,15,6277,6277,20921,6277 20921 34519 37657 39749 43933 52301 55439 64853 65899 100417 106693 116107 128659 131797 144349 147487 149579 209201 210247 216523 222799 224891 253133 254179 268823 278237 285559 288697 303341 315893 319031 322169 325307 337859 345181 350411 351457 357733 379699 381791 400619,20921 39749 52301 55439 64853 149579 209201 224891 268823 278237 315893 319031 322169 325307 337859 350411 381791 400619
541,52,32,26,18,69,46,32,23,9,9739,9739,11903,9739 11903 31379 37871 41117 47609 54101 57347 63839 71413 86561 87643 93053 133087 152563 154727 155809 181777 193679 200171 214237 216401 219647 230467 233713 235877 248861 259681 265091 269419 275911 281321 292141 295387 320273 336503 339749 360307 373291 383029 385193 392767 394931 415489 420899 428473,11903 31379 37871 41117 47609 54101 57347 63839 86561 93053 154727 193679 200171 216401 219647 235877 265091 281321 320273 336503 339749 385193 420899
547,38,13,22,8,61,32,28,13,15,5471,5471,5471,5471 8753 16411 25163 42667 97367 100649 124717 239587 251621 264749 281159 288817 308509 310697 313979 343517 344611 357739 364303 374149 396029 402593 403687 406969 413533 415721 420097 426661 429943 436507 446353,5471 8753 25163 97367 100649 251621 264749 281159 310697 313979 396029 402593 415721
557,43,21,24,11,70,39,32,18,14,24509,24509,24509,24509 26737 27851 50131 80209 124769 128111 158189 177127 211661 220573 227257 233941 241739 255107 258449 260677 275159 288527 297439 305237 317491 321947 330859 331973 337543 378761 382103 384331 394357 398813 405497 415523 421093 425549 434461 444487 447829 462311,24509 27851 124769 128111 158189 211661 241739 258449 275159 288527 305237 321947 331973 378761 398813 415523 425549 462311
563,55,32,25,15,78,45,32,21,11,7883,7883,7883,7883 11261 13513 14639 20269 28151 30403 37159 57427 68687 85577 101341 115979 124987 129491 131743 136247 148633 149759 186917 192547 203807 227453 233083 236461 266863 271367 278123 288257 290509 304021 307399 322037 327667 334423 338927 361447 372707 399731 413243 416621 419999 436889 469543 470669,7883 11261 14639 28151 68687 85577 115979 129491 136247 149759 186917 203807 227453 271367 278123 322037 338927 372707 416621 436889 470669
569,45,28,20,12,71,48,30,20,10,6829,6829,25037,6829 10243 23899 25037 34141 38693 44383 47797 62591 68281 75109 81937 96731 112663 129733 137699 154769 192323 209393 223049 226463 246947 250361 266293 298157 307261 317503 318641 328883 331159 345953 351643 358471 376679 385783 386921 392611 393749 406267 410819 434717 436993 438131 454063 455201 460891 474547 482513,25037 38693 62591 96731 137699 154769 209393 223049 226463 250361 298157 318641 328883 345953 376679 386921 393749 410819 434717 455201
571,47,23,27,11,69,42,37,19,18,5711,5711,5711,5711 26267 27409 41113 68521 71947 74231 81083 84509 92503 95929 106207 147319 149603 163307 164449 177011 211271 231827 274081 298063 301489 324329 328897 338033 341459 363157 365441 370009 372293 380287 385997 404269 428251 435103 437387 448807 452233 455659 469363 475073 485351,5711 26267 74231 81083 84509 149603 163307 177011 211271 231827 324329 338033 341459 365441 372293 385997 437387 475073 485351
577,52,28,22,14,74,45,36,23,13,3463,3463,23081,3463 23081 31159 38083 43853 45007 50777 68087 95783 107323 117709 120017 148867 161561 169639 171947 182333 189257 213491 238879 252727 256189 261959 268883 276961 279269 287347 327737 334661 345047 346201 349663 360049 362357 366973 379667 401593 431597 438521 448907 455831 467371 476603 488143 495067,23081 43853 50777 68087 95783 120017 161561 171947 182333 189257 261959 268883 279269 327737 334661 345047 362357 379667 431597 438521 448907 455831 476603
587,37,20,18,8,60,35,27,14,13,8219,8219,8219,8219 10567 22307 31699 57527 66919 85703 91573 102139 137359 149099 170231 197233 257107 260629 272369 281761 286457 309937 311111 346331 355723 363941 380377 408553 436729 450817 455513 462557 480167 486037 490733 503647 504821 510691,8219 22307 57527 85703 149099 170231 272369 311111 346331 363941 455513 462557 480167 490733
593,48,29,21,14,70,41,30,18,12,1187,1187,1187,1187 3559 24907 36767 42697 47441 61673 71161 74719 78277 86579 88951 100811 104369 107927 125717 138763 157739 181459 195691 213481 225341 232457 246689 263293 275153 285827 303617 327337 380707 428147 435263 441193 445937 448309 469657 487447 488633 494563 495749 512353,1187 36767 47441 61673 86579 100811 104369 125717 157739 225341 232457 246689 275153 303617 428147 435263 445937 495749
599,51,32,25,13,78,47,37,20,17,4793,4793,4793,4793 11981 37139 46723 61099 62297 64693 71881 73079 97039 118603 134177 136573 140167 154543 155741 161731 204859 224027 230017 244393 252779 259967 265957 298303 301897 306689 310283 312679 337837 346223 353411 377371 378569 402529 421697 424093 425291 445657 456439 486389 497171 507953 513943 525923 529517 533111,4793 11981 37139 62297 73079 134177 155741 252779 259967 306689 310283 346223 353411 378569 421697 425291 486389 497171 507953 525923
601,59,35,26,16,81,50,35,22,13,25243,25243,27647,25243 27647 31253 39667 42071 45677 52889 54091 60101 81737 82939 99767 106979 121403 126211 165877 168281 169483 179099 183907 187513 191119 201937 207947 225977 229583 237997 241603 251219 270451 301703 310117 331753 334157 353389 370217 385843 395459 414691 427913 445943 454357 463973 468781 479599 485609 490417 494023 496427 528881,27647 31253 42071 45677 52889 99767 106979 121403 168281 179099 207947 225977 229583 251219 301703 334157 370217 395459 427913 445943 485609 496427
607,50,30,22,14,70,41,30,16,14,20639,20639,20639,20639 29137 32779 40063 54631 57059 75269 93479 101977 105619 115331 118973 126257 137183 145681 166319 182101 188171 203953 217307 218521 222163 224591 254941 275579 279221 309571 326567 331423 348419 375127 403049 433399 440683 464963 472247 497741 502597 528091 545087 549943,20639 57059 75269 93479 115331 118973 126257 137183 166319 188171 217307 224591 275579 279221 403049 545087
613,51,36,22,15,72,48,31,21,10,6131,6131,6131,6131 14713 36781 39233 40459 55171 73561 77239 80917 95629 98081 105437 106663 125053 132409 165511 171641 190031 198613 202291 209647 212099 220681 234167 263591 294241 296693 304049 315083 327343 334699 345733 349411 351863 355541 362897 392321 414389 425423 429101 454847 485497 491627 500209 517373 521051 536989 557831,6131 39233 98081 105437 171641 190031 212099 234167 263591 296693 304049 315083 351863 355541 362897 414389 425423 429101 491627 517373 521051
617,55,32,27,17,76,45,38,24,14,30851,30851,30851,30851 41957 45659 51829 77743 78977 86381 103657 104891 119699 123401 138209 144379 156719 170293 175229 234461 240631 244333 251737 252971 275183 281353 292459 307267 308501 312203 319607 325777 347989 351691 373903 388711 412157 419561 422029 456581 497303 533089 534323 536791 541727 545429 555301 560237,30851 41957 45659 78977 86381 104891 119699 123401 138209 156719 175229 234461 252971 275183 308501 312203 319607 412157 419561 456581 497303 534323 541727 560237
619,45,26,23,14,67,38,33,19,14,17333,17333,17333,17333 32189 43331 55711 66853 73043 89137 95327 100279 143609 144847 169607 180749 210461 221603 247601 248839 284741 285979 314453 329309 333023 334261 340451 352831 367687 401113 438253 448157 489011 490249 497677 500153 531103 544721 545959 559577 570719,17333 32189 43331 73043 95327 143609 169607 180749 210461 221603 284741 329309 333023 340451 489011 500153 544721 559577 570719
631,58,40,32,21,80,56,41,28,13,6311,6311,6311,6311 7573 22717 36599 37861 44171 45433 55529 75721 82031 85817 89603 94651 108533 119891 131249 132511 138821 159013 170371 174157 203183 222113 234733 237257 252401 256187 297833 301619 314239 325597 328121 331907 347051 367243 371029 373553 377339 378601 386173 430343 442963 479561 484609 487133 495967 502277 511111 522469 530041 547709 552757 559067 566639 579259 593141,6311 36599 44171 55529 82031 85817 108533 119891 131249 203183 222113 237257 252401 256187 297833 301619 328121 331907 347051 373553 377339 430343 479561 487133 502277 547709 559067 566639
641,49,28,23,14,74,42,33,18,15,1283,1283,1283,1283 19231 32051 35897 46153 55127 74357 78203 108971 132047 135893 153841 165379 184609 219223 224351 230761 235889 269221 273067 274349 315373 332039 346141 351269 353833 382037 408959 424343 442291 461521 482033 507673 511519 539723 549979 557671 569209 578183 580747 584593 607669,1283 32051 35897 55127 74357 78203 108971 135893 224351 235889 274349 351269 382037 408959 424343 482033 539723 578183
643,56,34,27,21,79,49,36,25,11,10289,10289,10289,10289 21863 48869 60443 61729 64301 65587 83591 96451 99023 102881 106739 110597 123457 129887 141461 189043 214763 237911 245627 253343 258487 273919 291923 303497 324073 342077 349793 351079 366511 372941 388373 393517 405091 430811 432097 438527 451387 457817 466819 507971 516973 540121 542693 573557 578701 585131 601849 605707,10289 21863 48869 60443 64301 83591 99023 102881 106739 110597 129887 141461 214763 237911 245627 253343 291923 303497 349793 372941 388373 430811 542693 573557 585131
647,48,29,21,12,72,44,32,19,13,9059,9059,9059,9059 23293 34939 38821 42703 43997 58231 67289 93169 106109 139753 170809 187631 194101 207041 210923 226451 241979 244567 261389 284681 304091 346793 349381 353263 364909 368791 393377 403729 438667 439961 469723 474899 482663 489133 496897 509837 513719 521483 524071 533129 547363 548657 613357,9059 43997 67289 106109 207041 210923 226451 241979 284681 304091 346793 393377 439961 474899 482663 509837 521483 533129 548657
653,57,38,25,17,84,57,37,25,12,1307,1307,1307,1307 3919 16979 20897 47017 58771 60077 82279 86197 94033 99257 101869 117541 126683 137131 144967 146273 197207 199819 208961 224633 236387 248141 250753 255977 282097 283403 287321 309523 314747 322583 360457 368293 380047 389189 395719 400943 424451 428369 466243 467549 470161 471467 483221 485833 497587 506729 517177 525013 532849 538073 541991 548521 557663 569417 616433 636023,1307 16979 20897 60077 126683 146273 197207 208961 224633 236387 255977 287321 314747 322583 389189 400943 424451 428369 471467 506729 538073 541991 557663 569417 616433
659,51,31,21,13,73,42,29,16,13,1319,1319,1319,1319 5273 9227 11863 15817 48767 52721 67219 100169 106759 112031 146299 171341 173977 226697 245149 249103 270191 276781 296551 309731 316321 321593 357179 376949 387493 403309 407263 415171 424397 430987 444167 448121 494251 495569 506113 521929 541699 549607 553561 628687 641867,1319 5273 9227 48767 52721 100169 112031 171341 226697 270191 309731 357179 424397 444167 495569 641867
661,57,34,29,18,80,47,40,25,15,14543,14543,14543,14543 31729 43627 58169 70067 71389 77999 89897 105761 111049 117659 125591 126913 146743 153353 173183 198301 208877 226063 228707 248537 249859 284231 285553 308027 321247 360907 363551 375449 404533 411143 415109 420397 434939 448159 450803 487819 495751 499717 506327 526157 542021 553919 609443 626629 638527 645137,14543 58169 70067 77999 89897 105761 117659 125591 153353 173183 208877 228707 248537 284231 363551 375449 415109 434939 450803 506327 526157 542021 553919 609443 645137
673,51,33,24,15,81,47,38,21,17,2693,2693,2693,2693 24229 47111 56533 75377 80761 87491 91529 115757 123833 131909 148061 157483 161521 165559 176327 185749 226129 236897 246319 253049 265163 269201 290737 297467 302851 310927 327079 374189 379573 419953 423991 432067 458987 471101 500713 524941 527633 535709 547823 549169 551861 572051 576089 581473 593587 652811,2693 47111 75377 87491 91529 115757 123833 131909 148061 176327 236897 253049 265163 269201 374189 471101 535709 547823 572051 576089 652811
677,52,28,22,14,75,44,32,22,10,5417,5417,5417,5417 9479 16249 33851 44683 52807 66347 74471 85303 111029 127277 134047 158419 159773 196331 199039 212579 227473 261323 297881 318191 375059 389953 398077 411617 423803 444113 450883 479317 484733 491503 496919 513167 517229 525353 545663 548371 565973 614717 629611 649921 662107 670231 679709,5417 9479 33851 66347 74471 111029 127277 159773 212579 261323 297881 318191 375059 411617 484733 496919 513167 517229 525353 545663 565973 679709
683,46,30,24,13,71,48,35,20,15,4099,4099,50543,4099 49177 50543 57373 61471 77863 99719 110647 136601 139333 173483 222659 241783 243149 245881 255443 280031 284129 290959 315547 329207 341501 345599 405703 411167 423461 426193 431657 434389 458977 475369 493127 499957 516349 520447 521813 557329 569623 575087 587381 594211 595577 614701 618799 644753 657047 672073 689831,50543 99719 136601 173483 222659 243149 255443 280031 284129 329207 341501 411167 431657 493127 575087 587381 595577 644753 657047 689831
691,53,28,24,13,77,48,35,22,13,8293,8293,11057,8293 11057 20731 48371 56663 66337 98123 116089 143729 172751 185189 207301 214211 218357 236323 239087 243233 276401 288839 298513 315097 326153 352411 377287 393871 427039 456061 468499 480937 508577 509959 526543 529307 533453 537599 547273 574913 584587 588733 613609 620519 630193 649541 655069 667507 678563 691001 711731,11057 48371 56663 98123 143729 172751 185189 214211 218357 243233 276401 288839 326153 508577 529307 533453 537599 574913 620519 678563 691001 711731
701,62,44,23,18,87,56,34,23,11,12619,12619,22433,12619 22433 29443 35051 42061 54679 75709 85523 88327 96739 109357 123377 127583 134593 144407 147211 152819 165437 182261 197683 214507 215909 222919 231331 256567 260773 266381 270587 277597 281803 329471 340687 344893 349099 363119 382747 391159 399571 405179 412189 438827 471073 476681 489299 492103 497711 546781 567811 569213 590243 594449 615479 628097 630901 719227 729041,22433 35051 85523 123377 127583 144407 152819 165437 182261 215909 266381 270587 329471 363119 405179 438827 476681 489299 497711 569213 590243 628097 729041
709,51,29,26,16,79,46,38,22,16,2837,2837,2837,2837 12763 19853 38287 45377 59557 70901 85081 87917 97843 114859 121949 130457 148891 168743 187177 207029 221209 229717 236807 241061 272257 326141 327559 381443 398459 412639 432491 487793 509063 510481 518989 530333 555857 587053 604069 615413 629593 646609 650863 666461 676387 683477 696239 714673 744451,2837 19853 45377 70901 87917 121949 130457 168743 207029 236807 241061 326141 381443 398459 432491 487793 509063 555857 615413 666461 683477 696239
719,67,43,34,22,96,64,44,29,15,1439,1439,1439,1439 17257 60397 81967 87719 92033 125107 135173 139487 168247 172561 182627 189817 208511 221453 225767 230081 237271 238709 245899 281849 286163 289039 307733 319237 332179 346559 359501 362377 372443 376757 381071 389699 409831 418459 454409 461599 470227 484607 491797 501863 509053 513367 519119 523433 532061 540689 552193 562259 573763 578077 582391 595333 634159 652853 664357 668671 681613 700307 734819 742009 743447 763579 772207,1439 87719 92033 135173 139487 182627 208511 221453 225767 230081 238709 281849 286163 307733 346559 359501 372443 376757 381071 389699 454409 501863 519119 523433 532061 562259 652853 700307 734819
727,54,38,29,20,91,67,44,31,13,4363,4363,11633,4363 11633 17449 34897 50891 63977 72701 78517 90149 98873 111959 126499 143947 152671 155579 174481 181751 186113 191929 207923 216647 225371 251543 344599 360593 366409 378041 396943 399851 404213 405667 421661 427477 449287 460919 462373 465281 479821 527803 543797 556883 578693 584509 587417 588871 591779 593233 609227 610681 617951 622313 623767 645577 658663 683381 702283 705191 724093 731363 732817 737179 740087 741541 745903 754627 780799 783707,11633 50891 63977 72701 90149 98873 111959 155579 181751 186113 207923 216647 251543 360593 378041 399851 404213 421661 460919 465281 543797 556883 578693 587417 591779 609227 622313 683381 731363 740087 783707
733,65,45,34,24,91,62,47,32,15,7331,7331,7331,7331 60107 68903 77699 83563 87961 96757 99689 117281 118747 131941 134873 143669 149533 158329 162727 170057 178853 192047 193513 200843 202309 209639 215503 224299 227231 250687 293201 301997 319589 323987 325453 378229 385559 389957 411947 417811 420743 435403 448597 473519 486713 521897 530693 532159 543887 571741 583469 596663 601061 611323 615721 624517 627449 631847 637711 645041 664099 706613 712477 730069 743263,7331 60107 68903 77699 99689 117281 134873 143669 170057 178853 192047 200843 209639 227231 293201 301997 319589 323987 389957 411947 473519 486713 521897 530693 543887 583469 596663 601061 627449 631847 645041 706613
739,64,45,27,19,89,61,36,25,11,2957,2957,2957,2957 17737 22171 25127 42863 47297 69467 79813 84247 97549 106417 131543 135977 140411 155191 171449 193619 235003 242393 243871 251261 282299 291167 295601 305947 317771 335507 345853 357677 363589 376891 390193 415319 416797 419753 424187 452269 468527 496609 501043 508433 509911 523213 530603 535037 549817 570509 585289 594157 614849 623717 659189 685793 731611 747869 749347 752303 770039 771517 778907 798121,2957 25127 42863 47297 69467 131543 135977 140411 193619 242393 251261 282299 317771 335507 357677 415319 424187 468527 508433 570509 614849 685793 747869 752303 770039
743,61,40,30,21,85,52,35,24,11,1487,1487,1487,1487 19319 32693 40123 59441 75787 104021 106993 121853 130769 151573 153059 175349 179807 215471 240733 263023 267481 271939 277883 289771 291257 298687 304631 322463 343267 344753 365557 380417 398249 419053 424997 427969 442829 450259 478493 485923 491867 509699 512671 594401 601831 633037 643439 646411 735571 745973 768263 772721 802441 803927 821759,1487 19319 32693 59441 104021 121853 130769 153059 175349 179807 215471 277883 291257 304631 344753 380417 424997 442829 478493 491867 509699 594401 803927 821759
751,63,44,26,20,98,63,43,29,14,4507,4507,52571,4507 9013 45061 52571 58579 61583 66089 76603 90121 99133 111149 147197 151703 187751 216289 219293 232811 264353 282377 304907 315421 319927 345461 346963 349967 351469 358979 372497 373999 381509 383011 405541 422063 432577 437083 450601 464119 467123 489653 500167 516689 518191 527203 539219 576769 584279 593291 615821 630841 635347 639853 644359 647363 692423 696929 728471 734479 737483 766021 809579 811081 820093 842623,52571 61583 66089 111149 147197 151703 187751 219293 232811 264353 282377 304907 345461 349967 358979 381509 422063 467123 489653 539219 584279 593291 615821 647363 692423 696929 728471 737483 809579
757,63,44,26,17,93,62,43,26,17,12113,12113,12113,12113 18169 27253 48449 63589 66617 72673 90841 95383 116579 118093 166541 189251 193793 202877 208933 231643 240727 245269 249811 257381 275549 277063 293717 308857 313399 330053 336109 339137 348221 363361 381529 389099 411809 422407 443603 452687 476911 479939 490537 499621 525359 535957 557153 585919 595003 611657 625283 626797 631339 634367 649507 658591 684329 688871 702497 749431 761543 776683 816047 838757 843299,12113 66617 116579 189251 193793 202877 257381 275549 330053 339137 348221 389099 411809 452687 479939 525359 557153 611657 625283 634367 684329 688871 702497 761543 816047 838757
761,69,47,28,19,92,61,35,24,11,1523,1523,1523,1523 6089 27397 31963 36529 50227 51749 59359 65447 68491 82189 105019 118717 127849 164377 168943 182641 214603 219169 228301 257219 260263 264829 266351 289181 316577 321143 325709 342451 357671 362237 401809 403331 412463 415507 420073 442903 458123 479431 485519 494651 502261 517481 522047 529657 538789 575317 590537 645329 666637 668159 686423 689467 694033 767089 776221 777743 785353 800573 818837 827969,1523 6089 51749 65447 257219 266351 289181 316577 321143 325709 357671 362237 403331 412463 458123 485519 494651 517481 522047 645329 668159 686423 818837 827969
769,54,30,26,16,74,42,34,22,12,23071,23071,53831,23071 36913 53831 78439 99971 106123 109199 129193 136883 175333 179947 183023 187637 192251 216859 226087 233777 252233 272227 298373 326057 346051 376811 386039 387577 390653 418337 510617 538301 553681 590593 621353 653651 676721 699791 752083 798223 805913 815141 833597 862819 876661,53831 99971 109199 183023 187637 192251 233777 252233 298373 326057 376811 386039 390653 418337 510617 538301 621353 653651 676721 699791 815141 833597
773,66,38,33,22,94,54,45,27,18,15461,15461,15461,15461 57203 89669 92761 103583 117497 180883 190159 205619 210257 241177 273643 296833 301471 324661 329299 340121 344759 349397 352489 367949 386501 409691 435973 437519 442157 460709 486991 497813 502451 514819 519457 525641 530279 533371 548831 576659 590573 598303 613763 636953 649321 681787 706523 723529 751357 752903 793099 808559 820927 836387 844117 859577 862669,15461 57203 89669 103583 117497 205619 210257 340121 344759 349397 367949 386501 409691 437519 442157 460709 502451 525641 530279 548831 576659 590573 613763 636953 752903 836387 859577
787,62,37,32,21,95,56,44,28,16,22037,22037,22037,22037 31481 47221 69257 75553 118051 125921 130643 146383 149531 163697 173141 193603 201473 207769 220361 234527 250267 267581 281747 286469 291191 338411 377761 380909 390353 401371 406093 443869 456461 480071 522569 527291 547753 557197 580807 590251 675247 679969 687839 716171 722467 731911 753947 769687 779131 793297 815333 826351 831073 834221 862553 873571 876719 909773 923939,22037 31481 69257 125921 130643 149531 163697 173141 201473 220361 234527 267581 281747 286469 291191 338411 390353 456461 480071 522569 527291 687839 716171 815333 834221 862553 876719 909773
797,62,40,30,20,92,58,40,26,14,11159,11159,11159,11159 14347 35069 44633 63761 82889 86077 87671 109987 111581 114769 119551 125927 138679 143461 148243 149837 164183 181717 191281 205627 215191 231131 269387 306049 310831 315613 331553 355463 388937 401689 436757 451103 473419 494141 498923 516457 540367 594563 626443 637601 645571 669481 699767 704549 714113 733241 736429 747587 757151 789031 817723 819317 824099 875107 889453 891047 927709,11159 35069 44633 63761 82889 87671 111581 125927 149837 164183 231131 269387 331553 355463 388937 436757 451103 494141 498923 594563 637601 699767 714113 733241 757151 824099
809,63,37,28,21,90,54,41,30,11,1619,1619,1619,1619 14563 19417 25889 35597 48541 50159 67957 79283 92227 97081 103553 152093 169891 189307 203869 205487 254027 305803 321983 331691 380231 398029 412591 432007 438479 448187 472457 475693 491873 511289 545267 548503 584099 588953 601897 608369 669853 679561 690887 694123 715157 737809 742663 792821 807383 826799 831653 864013 873721 875339 883429 909317 948149,1619 25889 35597 50159 79283 103553 152093 205487 254027 321983 331691 380231 438479 448187 472457 491873 511289 545267 584099 588953 608369 690887 715157 792821 807383 826799 831653 875339 909317 948149
811,75,49,35,21,101,61,48,27,21,8111,8111,8111,8111 9733 22709 32441 48661 53527 58393 61637 82723 87589 90833 107053 115163 126517 139493 150847 180043 202751 218971 223837 236813 243301 248167 266009 282229 316291 326023 329267 334133 345487 348731 387659 442807 450917 455783 476869 480113 486601 496333 510931 525529 553103 559591 569323 601763 617983 621227 637447 655289 661777 669887 703949 713681 715303 723413 840197 893723 908321 932651 961847 978067,8111 22709 32441 61637 90833 115163 139493 202751 236813 266009 329267 334133 348731 387659 450917 455783 480113 553103 601763 621227 655289 669887 703949 713681 840197 893723 961847
821,70,45,35,23,99,65,49,33,16,6569,6569,6569,6569 14779 16421 21347 39409 41051 49261 70607 75533 114941 124793 144497 149423 172411 177337 187189 188831 193757 213461 223313 236449 247943 252869 270931 277499 305413 311981 344821 359599 361241 366167 420353 425279 428563 443341 464687 469613 492601 543503 551713 556639 592763 596047 615751 669937 689641 699493 704419 724123 735617 753679 804581 809507 829211 834137 883397 912953 926089 942509 970423 976991 995053 999979 1001621 1006547,6569 16421 21347 41051 70607 114941 124793 144497 149423 188831 193757 213461 223313 247943 252869 277499 311981 361241 366167 420353 425279 464687 469613 735617 804581 809507 834137 883397 912953 942509 976991 1001621 1006547
823,67,44,34,24,96,59,45,29,16,24691,24691,52673,24691 52673 54319 62549 74071 92177 103699 116867 128389 156371 166247 176123 181061 192583 197521 225503 265007 284759 301219 304511 306157 316033 329201 340723 363767 383519 408209 437837 464173 474049 477341 497093 498739 567871 571163 576101 587623 592561 600791 610667 622189 645233 646879 660047 778559 785143 808187 809833 814771 834523 857567 859213 864151 921761 951389 962911 981017 990893 1007353,52673 62549 92177 116867 156371 166247 176123 181061 225503 265007 284759 304511 329201 363767 383519 408209 437837 477341 497093 571163 576101 600791 645233 660047 808187 857567 951389 981017 990893
827,70,45,32,21,100,63,43,27,16,14887,14887,21503,14887 21503 36389 56237 66161 115781 119089 138937 170363 173671 205097 219983 223291 234869 239831 272911 284489 292759 314261 319223 327493 339071 342379 347341 391999 441619 453197 492893 507779 512741 516049 527627 575593 582209 585517 592133 602057 610327 615289 616943 620251 625213 659947 674833 681449 684757 726107 744301 755879 774073 788959 790613 805499 833617 835271 855119 858427 865043 874967 883237 917971 937819 964283,21503 36389 56237 66161 115781 170363 205097 219983 234869 239831 284489 314261 319223 339071 453197 492893 512741 582209 592133 602057 616943 726107 790613 805499 835271 865043 964283
829,66,43,29,17,100,62,40,23,17,9949,9949,33161,9949 14923 33161 49741 64663 72953 74611 84559 89533 102797 122693 139273 159169 184039 217199 218857 223831 227147 242069 248701 283519 288493 293467 348181 351497 397921 416159 421133 441029 446003 467557 490769 505691 507349 515639 540509 545483 550457 586933 606829 611803 636673 649937 706309 716257 719573 739469 741127 746101 761023 770971 805789 829001 865477 868793 888689 935113 948377 989827 998117 1003091 1004749,33161 72953 102797 122693 217199 227147 242069 351497 416159 441029 446003 505691 515639 540509 545483 550457 649937 739469 829001 868793 888689 948377 1003091
839,64,40,32,19,92,59,44,27,17,10069,10069,26849,10069 26849 31883 45307 50341 67121 75511 87257 110749 115783 120817 137597 167801 203039 208073 243311 258413 278549 283583 293651 327211 352381 364127 397687 404399 409433 414467 437959 448027 469841 473197 479909 493333 498367 548707 555419 563809 644353 671201 691337 704761 729931 745033 765169 775237 797051 800407 807119 822221 825577 855781 872561 906121 921223 932969 963173 971563 988343 998411,26849 31883 67121 87257 137597 167801 203039 258413 278549 283583 293651 364127 404399 409433 414467 469841 479909 555419 691337 797051 807119 822221 872561 932969 963173 988343 998411
853,60,34,25,12,87,46,37,17,20,39239,39239,39239,39239 44357 56299 76771 122833 131363 133069 136481 187661 230311 266137 276373 286609 312199 351437 363379 366791 378733 404323 453797 464033 465739 479387 506683 511801 530567 540803 551039 557863 588571 609043 619279 644869 704579 742111 750641 755759 839353 847883 909299 921241 977539 991187 1008247 1032131 1037249,39239 44357 131363 187661 351437 366791 453797 479387 530567 540803 551039 704579 755759 909299 991187 1032131 1037249
857,72,50,30,17,92,62,36,20,16,6857,6857,6857,6857 15427 46279 83987 102841 128551 143977 149119 159403 166259 174829 191969 210823 238247 294809 298237 303379 305093 308521 334231 339373 341087 354799 375367 401077 411361 416503 426787 431929 452497 459353 474779 485063 495347 514201 551909 555337 560479 581047 582761 586189 598187 606757 608471 634181 647893 654749 663319 714739 716453 752447 843289 868999 894709 899851 906707 920419 988979 1023259 1079821 1086677 1095247,6857 83987 166259 191969 238247 294809 305093 341087 459353 474779 485063 582761 598187 608471 634181 654749 716453 752447 906707 1086677
859,71,43,34,22,103,60,47,30,17,18899,18899,18899,18899 29207 41233 67003 70439 80747 97927 127133 154621 163211 190699 199289 201007 209597 221623 226777 250829 276599 307523 309241 312677 317831 359063 379679 431219 453553 463861 467297 489631 515401 525709 536017 585839 596147 633943 637379 642533 647687 659713 663149 668303 673457 695791 766229 793717 798871 819487 824641 879617 891643 895079 900233 974107 982697 987851 994723 1008467 1030801 1046263 1075469,18899 29207 70439 80747 127133 163211 199289 209597 250829 276599 307523 312677 317831 359063 379679 431219 467297 585839 637379 642533 663149 673457 766229 879617 895079 900233 982697 987851 1008467 1075469
863,69,54,33,25,95,75,46,35,11,5179,5179,27617,5179 27617 31069 43151 53507 62137 63863 72493 74219 79397 89753 103561 108739 176053 182957 198491 203669 207121 243367 269257 279613 281339 321037 327941 336571 338297 357283 364187 372817 379721 390077 410789 414241 424597 440131 450487 452213 460843 462569 483281 538513 548869 569581 586841 626539 631717 638621 652429 657607 664511 667963 674867 716291 726647 762893 773249 787057 804317 833659 838837 881987 900973 944123 952753 978643 985547 995903 1014889 1037327 1040779 1066669 1073573 1087381 1089107 1099463,27617 43151 53507 63863 74219 79397 89753 182957 198491 281339 327941 338297 364187 379721 390077 410789 452213 462569 483281 586841 638621 664511 674867 716291 726647 762893 773249 804317 881987 985547 995903 1037327 1073573 1089107 1099463
877,66,35,32,17,103,56,48,25,23,15787,15787,29819,15787 29819 31573 110503 136813 166631 178909 189433 210481 213989 224513 226267 245561 263101 382373 399913 452533 482351 489367 508661 513923 515677 534971 540233 541987 547249 550757 552511 577067 629687 682307 710371 724403 726157 750713 778777 787547 798071 803333 820873 829643 857707 882263 894541 915589 926113 998027 1034861 1057663 1061171 1066433 1078711 1120807 1131331 1136593 1147117,29819 166631 213989 224513 245561 382373 482351 508661 513923 534971 540233 550757 577067 629687 682307 724403 750713 787547 798071 803333 882263 998027 1034861 1061171 1066433
881,89,56,40,20,116,71,53,30,23,15859,15859,22907,15859 22907 26431 37003 58147 70481 75767 137437 139199 158581 160343 176201 186773 190297 211441 227299 239633 264301 296017 301303 306589 324209 333019 343591 354163 361211 366497 370021 387641 403499 407023 422881 429929 449311 465169 482789 486313 498647 502171 560317 565603 572651 613177 618463 630797 671323 692467 703039 713611 715373 718897 740041 741803 750613 757661 766471 789377 826379 852809 898621 953243 974387 983197 984959 988483 995531 1021961 1037819 1048391 1099489 1159397,22907 70481 75767 139199 160343 176201 186773 239633 324209 361211 387641 403499 429929 482789 498647 572651 630797 715373 741803 757661 789377 826379 852809 953243 974387 984959 1021961 1037819 1048391 1159397
883,74,50,35,22,103,64,50,28,22,10597,10597,19427,10597 19427 21193 37087 83003 88301 90067 125387 162473 164239 199559 204857 206623 217219 243709 257837 294923 312583 321413 332009 344371 353201 407947 429139 445033 464459 469757 490949 498013 522737 535099 543929 550993 570419 575717 577483 582781 591611 614569 619867 665783 667549 671081 688741 692273 702869 725827 741721 762913 777041 782339 799999 805297 835319 868873 904193 937747 973067 980131 1054303 1070197 1073729 1100219 1112581,19427 83003 88301 125387 162473 199559 204857 257837 294923 321413 332009 353201 464459 469757 490949 522737 543929 575717 591611 671081 702869 777041 782339 835319 904193 973067 1073729 1100219
887,70,46,36,21,101,63,45,26,19,5323,5323,23063,5323 23063 42577 44351 60317 74509 101119 106441 113537 133051 138373 150791 154339 180949 193367 198689 212881 225299 244813 358349 367219 390281 399151 406247 420439 443501 459467 473659 484303 502043 521557 564133 565907 592517 608483 645737 665251 713149 730889 739759 752177 762821 766369 771691 777013 784109 805397 830233 867487 894097 911837 920707 936673 938447 1000537 1037791 1043113 1082141 1106977 1130039 1151327 1167293 1176163,23063 44351 60317 113537 150791 193367 198689 225299 358349 390281 406247 443501 459467 502043 565907 592517 608483 645737 752177 762821 784109 911837 938447 1082141 1130039 1167293
907,65,41,29,17,98,59,46,26,20,5443,5443,85259,5443 32653 54421 59863 85259 103399 117911 195913 212239 234007 243077 270287 275729 286613 288427 299311 324707 335591 357359 362801 368243 386383 411779 462571 471641 478897 484339 516991 533317 587737 604063 625831 631273 634901 642157 662111 667553 694763 711089 716531 770951 841697 885233 914257 930583 941467 966863 977747 983189 985003 994073 995887 1086587 1093843 1113797 1131937 1148263 1157333 1170031,85259 117911 270287 275729 286613 324707 335591 357359 362801 368243 411779 634901 662111 667553 694763 711089 770951 841697 885233 966863 977747 983189 994073 1086587 1113797 1157333
911,72,49,30,21,104,69,44,30,14,1823,1823,1823,1823 29153 32797 60127 61949 71059 83813 98389 109321 111143 127541 163981 180379 182201 193133 198599 202243 207709 251437 262369 278767 280589 284233 296987 307919 317029 333427 335249 382621 409951 442747 444569 470077 530203 535669 548423 575753 584863 628591 657743 663209 679607 683251 685073 699649 734267 743377 756131 765241 836299 843587 881849 892781 912823 925577 985703 989347 994813 1002101 1049473 1071337 1095023 1098667 1116887 1131463 1175191 1180657 1182479 1209809,1823 29153 61949 83813 111143 127541 182201 193133 198599 296987 307919 335249 444569 548423 575753 657743 663209 679607 685073 734267 756131 843587 881849 892781 925577 985703 1002101 1095023 1116887 1182479
919,79,51,41,24,113,72,56,33,23,25733,25733,25733,25733 36761 66169 93739 102929 110281 113957 126823 136013 169097 187477 192991 204019 209533 213209 229751 231589 257321 297757 306947 314299 378629 413551 430093 450311 466853 468691 512803 521993 540373 567943 573457 578971 615731 632273 659843 681899 683737 687413 711307 720497 737039 738877 744391 770123 771961 792179 803207 808721 830777 836291 852833 874889 882241 904297 913487 926353 992521 996197 1003549 1031119 1067879 1075231 1086259 1106477 1134047 1161617 1178159 1196539 1213081 1222271 1235137,25733 36761 102929 113957 136013 169097 213209 229751 306947 378629 466853 521993 615731 632273 659843 681899 687413 720497 737039 770123 792179 808721 830777 836291 852833 874889 996197 1067879 1106477 1134047 1161617 1178159 1222271
929,66,41,31,21,106,65,48,32,16,7433,7433,7433,7433 46451 102191 105907 128203 141209 167221 169079 174653 183943 230393 235967 273127 278701 300997 314003 319577 353021 373459 379033 401329 418051 486797 520241 529531 540679 568549 570407 585271 603851 613141 626147 642869 670739 724621 741343 765497 782219 787793 815663 826811 865829 882551 899273 904847 910421 960587 986599 1010753 1014469 1020043 1038623 1053487 1086931 1114801 1116659 1131523 1133381 1144529 1192837 1198411 1243003 1256009 1267157 1276447,7433 46451 102191 141209 169079 174653 230393 235967 314003 353021 486797 520241 570407 603851 626147 642869 670739 765497 782219 787793 826811 882551 899273 904847 910421 960587 1010753 1038623 1116659 1144529 1256009 1267157
937,81,54,41,27,118,79,52,35,17,5623,5623,9371,5623 9371 28111 31859 43103 50599 61843 82457 93701 101197 110567 116189 140551 146173 149921 185527 196771 202393 223007 239873 247369 251117 258613 290471 297967 318581 363557 380423 397289 399163 408533 419777 431021 438517 472249 475997 494737 511603 528469 534091 539713 556579 577193 599681 618421 627791 652153 655901 700877 764593 802073 841427 852671 858293 897647 905143 914513 927631 959489 998843 1015709 1021331 1040071 1055063 1073803 1085047 1094417 1100039 1105661 1111283 1113157 1130023 1141267 1184369 1223723 1234967 1263077 1270573 1309927,9371 31859 43103 82457 93701 110567 116189 149921 223007 239873 251117 290471 318581 363557 380423 397289 408533 419777 431021 475997 577193 599681 627791 655901 802073 841427 858293 897647 914513 998843 1094417 1100039 1184369 1234967 1263077
941,80,51,36,22,115,72,53,32,21,5647,5647,30113,5647 30113 35759 52697 86573 92219 103511 112921 124213 137387 152443 165617 193847 216431 242779 250307 299239 338761 340643 385811 425333 434743 440389 442271 459209 496849 504377 519433 532607 553309 600359 622943 632353 645527 649291 656819 666229 668111 679403 688813 705751 711397 733981 741509 745273 762211 801733 807379 809261 865721 882659 939119 942883 956057 961703 967349 1040747 1052039 1080269 1089679 1140493 1163077 1210127 1225183 1230829 1244003 1247767 1277879 1294817 1298581 1304227 1315519,30113 35759 52697 86573 92219 103511 165617 193847 216431 250307 340643 385811 425333 442271 459209 532607 600359 656819 668111 679403 809261 865721 939119 956057 961703 967349 1040747 1052039 1080269 1244003 1277879 1294817
947,78,47,37,19,109,65,49,26,23,5683,5683,7577,5683 7577 13259 17047 24623 28411 41669 47351 70079 73867 149627 159097 187507 223493 232963 251903 263267 297359 306829 325769 357967 369331 392059 410999 439409 445091 448879 471607 507593 558731 562519 568201 590929 596611 643961 653431 681841 700781 704569 727297 729191 755707 761389 767071 784117 837149 852301 931849 943213 984881 1011397 1041701 1104203 1121249 1130719 1142083 1164811 1178069 1187539 1206479 1234889 1263299 1312543 1314437 1320119,7577 13259 24623 41669 47351 70079 149627 223493 251903 263267 297359 325769 410999 439409 445091 507593 643961 700781 729191 984881 1178069 1206479 1234889 1263299 1314437 1320119
953,76,42,31,18,102,57,38,23,15,1907,1907,1907,1907 30497 127703 148669 154387 162011 167729 247781 257311 268747 270653 280183 282089 308773 320209 343081 385013 396449 400261 425039 428851 442193 451723 470783 505091 514621 545117 571801 583237 611827 613733 625169 648041 680443 714751 796709 800521 813863 853889 869137 880573 897727 928223 945377 985403 994933 1013993 1042583 1057831 1134071 1137883 1143601 1231277 1240807 1280833 1282739 1338013,1907 30497 127703 162011 167729 247781 270653 282089 385013 425039 442193 470783 505091 545117 613733 648041 796709 853889 928223 945377 985403 1013993 1042583
967,73,44,32,20,106,64,49,28,21,15473,15473,15473,15473 23209 27077 56087 102503 116041 121843 162457 172127 177929 197269 232081 237883 247553 264959 270761 278497 295903 299771 328781 342319 365527 382933 435151 440953 468029 498973 502841 508643 527983 549257 624683 626617 636287 647891 653693 690439 700109 711713 787139 812281 829687 835489 870301 937991 957331 996011 1003747 1025021 1030823 1067569 1079173 1100447 1141061 1218421 1270639 1276441 1320923 1334461 1357669 1367339 1390547 1392481 1398283,15473 27077 56087 102503 172127 177929 247553 264959 270761 299771 328781 468029 502841 624683 636287 647891 653693 700109 711713 787139 937991 996011 1025021 1030823 1100447 1141061 1320923 1390547
971,79,49,32,18,108,67,45,25,20,5827,5827,19421,5827 19421 25247 66029 77681 104869 118463 122347 141767 151477 157303 163129 182549 203911 215563 223331 269939 279649 310721 320431 326257 351503 361213 390343 419473 427241 442777 471907 491327 495211 497153 501037 524341 526283 549587 559297 582601 613673 623383 631151 646687 660281 757381 821467 827293 862249 910799 920509 922451 972943 980711 1027319 1048681 1066159 1068101 1079753 1114709 1126361 1161317 1165201 1167143 1182679 1202099 1258417 1310851 1316677 1380763,19421 25247 66029 77681 118463 141767 182549 223331 269939 310721 427241 491327 497153 549587 631151 660281 910799 922451 1027319 1068101 1079753 1126361 1161317 1167143 1202099
977,75,47,37,26,110,67,54,34,20,7817,7817,7817,7817 13679 19541 54713 87931 95747 117241 193447 195401 212987 218849 224711 228619 287239 289193 318503 341951 357583 375169 377123 424019 429881 453329 492409 498271 515857 523673 547121 552983 556891 562753 570569 576431 611603 623327 635051 662407 670223 674131 703441 728843 756199 762061 781601 808957 849991 875393 980909 992633 1033667 1074701 1084471 1113781 1137229 1143091 1156769 1162631 1172401 1178263 1191941 1195849 1219297 1236883 1244699 1254469 1383433 1385387,7817 13679 19541 54713 95747 195401 212987 224711 289193 318503 341951 377123 424019 429881 453329 523673 547121 552983 570569 576431 623327 635051 670223 728843 781601 875393 992633 1033667 1074701 1156769 1162631 1191941 1244699 1385387
983,77,47,37,21,113,67,55,33,22,13763,13763,13763,13763 19661 23593 55049 88471 147451 149417 171043 178907 182839 218227 338153 347983 349949 355847 379439 389269 438419 448249 471841 503297 536719 560311 572107 603563 654679 680237 701863 719557 737251 739217 762809 778537 790333 798197 809993 815891 819823 831619 845381 861109 867007 904361 925987 939749 945647 955477 969239 996763 1016423 1051811 1097029 1122587 1126519 1140281 1152077 1156009 1163873 1203193 1211057 1232683 1252343 1332949 1346711 1358507 1382099 1429283,13763 19661 55049 149417 178907 338153 349949 355847 379439 438419 503297 603563 680237 739217 762809 798197 815891 845381 904361 939749 945647 969239 1016423 1051811 1122587 1140281 1152077 1163873 1211057 1252343 1346711 1358507 1429283
991,77,41,31,16,113,61,42,23,19,17839,17839,69371,17839 47569 69371 71353 134777 188291 200183 218021 225949 243787 255679 259643 295319 354779 356761 368653 392437 426131 451897 491537 505411 517303 521267 550997 556943 610457 624331 634241 652079 693701 743251 749197 753161 800729 824513 842351 874063 897847 933523 939469 963253 981091 1002893 1026677 1169381 1207039 1228841 1236769 1278391 1300193 1306139 1325959 1335869 1337851 1353707 1367581 1379473 1389383 1403257 1409203 1432987,69371 134777 188291 200183 259643 354779 491537 521267 556943 610457 634241 652079 693701 800729 824513 842351 1002893 1026677 1169381 1300193 1306139 1353707 1389383
997,77,45,35,21,116,65,48,28,20,3989,3989,3989,3989 23929 27917 63809 93719 95713 105683 135593 143569 147557 149551 159521 177467 179461 209371 213359 237287 287137 303089 327017 334993 352939 356927 394813 458621 484543 508471 514453 548351 614153 667991 691919 703883 711859 717841 733793 745757 777661 807571 855427 931199 955127 961109 963103 973073 1004977 1086731 1092713 1106671 1112653 1134587 1194407 1200389 1262203 1292113 1296101 1316041 1339969 1343957 1345951 1363897 1399789 1451633 1465591 1475561,3989 27917 63809 93719 135593 147557 159521 177467 237287 303089 356927 458621 548351 667991 691919 703883 733793 745757 955127 961109 973073 1086731 1092713 1134587 1200389 1343957 1451633 1475561
1009,80,49,40,21,104,60,51,25,26,42379,42379,64577,42379 64577 72649 88793 94847 121081 125117 149333 199783 211891 215927 234089 284539 290593 343061 361223 417727 423781 452033 512573 544861 548897 567059 569077 575131 593293 605401 609437 615491 623563 633653 688139 706301 738589 785003 787021 817291 829399 835453 859669 887921 902047 908101 920209 932317 950479 960569 962587 968641 1027163 1041289 1124027 1130081 1222909 1329863 1384349 1414619 1422691 1440853 1483231,64577 88793 94847 125117 149333 215927 234089 343061 361223 452033 512573 548897 567059 609437 615491 633653 688139 706301 785003 887921 960569 1124027 1130081 1329863 1384349
1013,83,47,41,24,118,64,56,29,27,20261,20261,20261,20261 26339 30391 50651 87119 135743 158029 178289 182341 218809 249199 267433 305927 336317 346447 354551 376837 419383 449773 451799 482189 492319 498397 510553 512579 536891 553099 597671 603749 650347 668581 682763 692893 694919 773933 810401 832687 846869 871181 875233 881311 948169 956273 972481 974507 998819 1002871 1059599 1075807 1087963 1106197 1108223 1126457 1136587 1150769 1156847 1205471 1239913 1248017 1272329 1290563 1318927 1349317 1418201,20261 26339 50651 87119 135743 178289 305927 336317 354551 451799 482189 512579 536891 597671 603749 682763 694919 773933 810401 846869 871181 956273 974507 998819 1150769 1156847 1205471 1248017 1418201
1019,80,47,37,24,122,73,59,36,23,38723,38723,38723,38723 50951 85597 116167 136547 165079 167117 228257 232333 244561 246599 252713 258827 277169 289397 293473 313853 319967 366841 409639 446323 460589 470779 472817 478931 491159 519691 527843 531919 593059 629743 644009 656237 662351 666427 723491 735719 741833 752023 758137 764251 772403 876341 906911 917101 961937 1029191 1063837 1069951 1094407 1118863 1120901 1163699 1175927 1186117 1194269 1212611 1222801 1243181 1261523 1283941 1326739 1365461 1383803 1400107 1414373 1418449 1430677 1444943 1512197 1522387 1530539 1548881,38723 50951 136547 167117 228257 246599 252713 258827 289397 313853 319967 460589 472817 491159 527843 644009 662351 723491 735719 741833 772403 876341 906911 961937 1120901 1163699 1175927 1194269 1212611 1243181 1365461 1383803 1414373 1512197 1530539 1548881
1021,84,46,37,19,115,61,51,25,26,30631,30631,40841,30631 40841 49009 53093 59219 61261 89849 144983 153151 171529 200117 212369 226663 255251 257293 273629 281797 304259 306301 312427 334889 349183 377771 385939 426779 441073 471703 561551 588097 598307 604433 643231 692239 716743 726953 782087 784129 863767 869893 876019 931153 986287 990371 1002623 1010791 1021001 1041421 1070009 1088387 1102681 1217033 1243579 1247663 1274209 1292587 1317091 1384477 1406939 1498829 1500871 1513123,40841 53093 59219 89849 144983 200117 212369 255251 273629 304259 334889 377771 426779 561551 598307 604433 782087 990371 1021001 1070009 1088387 1217033 1247663 1406939 1498829
1031,74,38,30,16,118,60,47,23,24,2063,2063,2063,2063 12373 30931 57737 61861 88667 92791 144341 181457 228883 235069 259813 286619 346417 377347 383533 410339 453641 531997 556741 600043 614477 620663 657779 676337 738197 785623 810367 822739 824801 855731 872227 878413 917591 946459 1010381 1016567 1033063 1084613 1094923 1113481 1156783 1162969 1214519 1226891 1243387 1270193 1301123 1311433 1325867 1360921 1393913 1398037 1431029 1441339 1515571 1521757 1536191 1542377 1577431,2063 57737 88667 144341 181457 286619 453641 614477 620663 657779 676337 738197 855731 917591 1010381 1016567 1084613 1214519 1226891 1270193 1301123 1393913 1536191
1033,76,44,32,16,113,69,50,30,20,4133,4133,4133,4133 6199 24793 37189 53717 61981 97103 105367 117763 177677 196271 223129 254119 278911 289241 295439 334693 365683 413201 481379 502039 506171 508237 543359 568151 570217 642527 654923 656989 704507 737563 760289 766487 805741 840863 849127 892513 935899 960691 985483 997879 1004077 1033001 1045397 1121839 1128037 1138367 1150763 1163159 1177621 1218941 1231337 1274723 1280921 1293317 1301581 1305713 1332571 1369759 1404881 1406947 1442069 1468927 1491653 1493719 1497851 1522643 1555699 1584623,4133 53717 97103 177677 289241 295439 481379 506171 543359 568151 642527 654923 760289 766487 840863 1045397 1138367 1150763 1163159 1218941 1231337 1274723 1280921 1293317 1305713 1404881 1442069 1491653 1497851 1584623
1039,76,40,36,19,116,64,56,31,25,4157,4157,4157,4157 10391 22859 85199 91433 128837 155851 216113 218191 222347 228581 303389 309623 342871 355339 374041 398977 403133 440537 480019 534047 561061 579763 585997 604699 610933 623401 652493 654571 741847 829123 864449 872761 957959 995363 1022377 1039001 1047313 1057703 1070171 1101341 1132511 1178227 1207319 1215631 1228099 1265503 1277971 1288361 1300829 1334077 1352779 1406807 1458757 1469147 1483693 1506551 1508629 1531487 1537721 1539799 1568891 1589671 1600061,4157 10391 22859 85199 91433 128837 216113 222347 228581 303389 309623 403133 440537 534047 652493 864449 957959 1039001 1057703 1101341 1132511 1207319 1288361 1300829 1406807 1469147 1506551 1531487 1537721 1568891 1600061
1049,82,50,39,24,121,72,55,32,23,12589,12589,20981,12589 20981 39863 71333 83921 88117 127979 144763 151057 157351 220291 222389 234977 251761 295819 304211 323093 348269 396523 402817 427993 461561 484639 505619 518207 543383 587441 606323 648283 673459 679753 704929 711223 725909 744791 748987 788849 805633 807731 820319 826613 849691 858083 902141 927317 956689 994453 996551 1015433 1053197 1126627 1135019 1145509 1214743 1216841 1239919 1260899 1304957 1334329 1355309 1361603 1365799 1441327 1500071 1504267 1542031 1586089 1588187 1598677 1607069 1613363 1625951,20981 39863 71333 83921 127979 222389 304211 323093 461561 505619 518207 543383 587441 606323 725909 744791 788849 820319 826613 858083 902141 996551 1015433 1053197 1135019 1260899 1304957 1361603 1500071 1588187 1613363 1625951
1051,77,44,35,18,116,71,54,33,21,12613,12613,174467,12613 170263 174467 180773 208099 281669 283771 306893 332117 338423 353137 378361 407789 409891 441421 454033 527603 548623 573847 584357 586459 615887 647417 681049 693661 699967 723089 773537 775639 817679 819781 826087 905963 914371 926983 943799 952207 983737 987941 994247 1019471 1046797 1082531 1090939 1116163 1135081 1158203 1179223 1204447 1214957 1235977 1240181 1248589 1322159 1324261 1334771 1336873 1353689 1372607 1393627 1416749 1456687 1473503 1479809 1505033 1532359 1555481 1576501 1587011 1631153 1637459,174467 180773 306893 332117 338423 407789 527603 584357 615887 647417 723089 773537 817679 905963 943799 994247 1019471 1082531 1158203 1214957 1240181 1322159 1334771 1353689 1372607 1416749 1473503 1479809 1505033 1555481 1587011 1631153 1637459
1061,73,42,35,16,108,64,46,22,24,6367,6367,53051,6367 38197 44563 50929 53051 59417 82759 108223 129443 140053 178249 180371 203713 231299 263129 267373 273739 345887 362863 451987 454109 490183 496549 536867 572941 581429 611137 623869 721481 727847 738457 744823 783019 823337 833947 893363 942169 995219 1014317 1050391 1063123 1116173 1133149 1154369 1177711 1184077 1196809 1247737 1317763 1326251 1377179 1413253 1421741 1432351 1434473 1459937 1508743 1529963 1534207 1540573 1549061 1568159 1625453 1674259,53051 59417 129443 180371 231299 263129 345887 454109 536867 581429 721481 727847 893363 995219 1014317 1116173 1154369 1326251 1377179 1434473 1459937 1549061
1063,88,59,39,28,124,77,53,36,17,4253,4253,4253,4253 10631 12757 44647 74411 76537 80789 89293 99923 119057 138191 144569 165829 170081 191341 255121 267877 297641 310397 357169 361421 374177 393311 406067 414571 427327 446461 457091 478351 488981 495359 542131 565517 597407 610163 661187 673943 676069 680321 701581 724967 746227 771739 801503 803629 839771 867409 873787 884417 905677 918433 924811 988591 992843 999221 1026859 1058749 1069379 1097017 1165049 1196939 1260719 1269223 1275601 1279853 1281979 1339381 1356389 1381901 1388279 1492453 1505209 1530721 1537099 1620013 1639147 1668911,4253 10631 74411 80789 99923 119057 138191 144569 170081 297641 310397 361421 374177 393311 406067 457091 488981 495359 565517 610163 661187 673943 680321 724967 884417 992843 999221 1069379 1165049 1196939 1260719 1279853 1356389 1381901 1388279 1668911
1069,91,51,41,21,133,78,65,37,28,57727,57727,74831,57727 74831 83383 96211 126143 151799 164627 179593 190283 211663 215939 218077 224491 235181 237319 269389 301459 307873 324977 352771 357047 372013 389117 410497 414773 459671 575123 654229 660643 696989 709817 724783 735473 763267 780371 799613 806027 831683 833821 859477 876581 878719 885133 895823 923617 940721 1039069 1071139 1101071 1113899 1135279 1152383 1167349 1178039 1184453 1197281 1248593 1293491 1302043 1312733 1340527 1359769 1402529 1423909 1434599 1436737 1443151 1468807 1473083 1479497 1537223 1543637 1550051 1603501 1614191 1646261 1667641 1678331,74831 126143 151799 164627 190283 215939 324977 357047 389117 414773 575123 709817 735473 780371 806027 831683 876581 895823 940721 1101071 1113899 1152383 1178039 1184453 1197281 1248593 1293491 1312733 1402529 1434599 1473083 1479497 1537223 1543637 1550051 1614191 1678331
1087,79,52,37,25,118,76,50,35,15,32611,32611,43481,32611 39133 43481 52177 58699 84787 115223 134789 160877 182617 189139 200009 202183 258707 267403 310883 332623 363059 378277 408713 430453 519587 539153 547849 565241 626113 636983 639157 678289 691333 702203 734813 736987 760901 767423 776119 782641 793511 815251 854383 865253 886993 900037 932647 950039 976127 989171 1069609 1080479 1113089 1141351 1158743 1204397 1232659 1256573 1282661 1323967 1341359 1347881 1356577 1363099 1367447 1402231 1432667 1493539 1504409 1539193 1552237 1558759 1565281 1604413 1630501 1706591 1721809 1739201 1765289,43481 115223 134789 160877 200009 258707 310883 363059 408713 519587 539153 565241 636983 702203 734813 760901 767423 793511 865253 950039 976127 989171 1080479 1113089 1158743 1204397 1256573 1282661 1341359 1347881 1367447 1504409 1706591 1739201 1765289
1091,91,55,38,23,139,87,61,39,22,6547,6547,34913,6547 13093 34913 45823 74189 133103 159287 170197 231293 248749 316391 336029 346939 392761 394943 447311 460403 464767 471313 490951 493133 499679 510589 536773 576049 584777 595687 597869 602233 621871 643691 654601 656783 682967 687331 693877 700423 722243 739699 794249 798613 826979 859709 885893 896803 916441 949171 1060453 1080091 1082273 1099729 1112821 1158643 1165189 1173917 1191373 1219739 1232831 1239377 1243741 1252469 1283017 1298291 1304837 1311383 1315747 1317929 1341931 1363751 1370297 1381207 1420483 1448849 1494671 1501217 1507763 1512127 1525219 1533947 1538311 1557949 1560131 1592861 1710689 1747783 1763057 1767421,34913 74189 133103 159287 231293 316391 336029 394943 447311 460403 493133 499679 584777 597869 643691 656783 682967 722243 794249 859709 885893 1082273 1173917 1219739 1232831 1239377 1304837 1311383 1317929 1363751 1370297 1448849 1494671 1507763 1533947 1560131 1592861 1710689 1763057
1093,83,48,41,27,125,81,57,37,20,4373,4373,4373,4373 43721 59023 65581 78697 91813 111487 115859 135533 170509 207671 242647 255763 262321 286367 295111 301669 306041 332273 365063 378179 384737 437201 502781 504967 535571 548687 596779 627383 640499 699521 721381 727939 732311 760729 804449 824123 885331 889703 891889 929051 942167 961841 964027 1027421 1055839 1086443 1152023 1193557 1197929 1219789 1226347 1252579 1278811 1357507 1361879 1370623 1381553 1390297 1394669 1436203 1449319 1488667 1501783 1512713 1545503 1558619 1565177 1573921 1580479 1600153 1652617 1663547 1685407 1709453 1711639 1729127 1731313 1737871 1744429 1755359,4373 43721 115859 135533 207671 286367 306041 332273 365063 378179 384737 437201 502781 535571 548687 640499 699521 732311 804449 824123 889703 929051 942167 961841 1027421 1086443 1152023 1197929 1361879 1381553 1394669 1512713 1558619 1565177 1663547 1709453 1755359
1097,89,50,45,27,123,72,57,35,22,32911,32911,41687,32911 41687 54851 74597 94343 107507 120671 179909 206237 225983 283027 315937 322519 368593 377369 381757 410279 436607 456353 489263 500233 548501 555083 585799 598963 614321 645037 691111 719633 724021 730603 765707 778871 783259 809587 816169 877601 928063 943421 954391 974137 980719 1007047 1015823 1061897 1086031 1118941 1134299 1167209 1193537 1204507 1206701 1237417 1298849 1305431 1316401 1358087 1369057 1382221 1397579 1441459 1443653 1467787 1520443 1562129 1599427 1606009 1634531 1665247 1744231 1763977 1799081,41687 54851 74597 94343 107507 120671 179909 206237 225983 377369 410279 436607 456353 489263 548501 555083 614321 719633 765707 778871 877601 943421 1015823 1061897 1134299 1167209 1193537 1206701 1305431 1358087 1397579 1443653 1562129 1634531 1799081
1103,85,61,48,31,124,86,63,43,20,2207,2207,2207,2207 15443 33091 46327 48533 101477 125743 161039 172069 211777 231631 247073 300017 304429 333107 370609 379433 390463 392669 410317 443407 458849 463261 469879 489733 498557 511793 518411 536059 597827 608857 617681 644153 683861 701509 716951 721363 727981 730187 794161 822839 827251 829457 849311 860341 875783 919903 948581 961817 972847 992701 1005937 1019173 1061087 1080941 1085353 1114031 1120649 1173593 1206683 1213301 1219919 1230949 1237567 1239773 1259627 1272863 1286099 1292717 1297129 1350073 1352279 1385369 1458167 1469197 1471403 1478021 1489051 1504493 1544201 1555231 1577291 1614793 1676561 1786861 1808921,2207 15443 48533 101477 161039 247073 300017 333107 379433 392669 458849 498557 511793 518411 597827 617681 644153 683861 716951 730187 822839 829457 849311 875783 948581 961817 1061087 1080941 1114031 1120649 1206683 1219919 1259627 1272863 1286099 1292717 1352279 1385369 1458167 1471403 1544201 1676561 1808921
1109,77,43,33,19,118,62,46,23,23,15527,15527,15527,15527 19963 59887 82067 115337 119773 146389 159697 232891 259507 292777 301649 308303 321611 354881 399241 414767 425857 432511 459127 465781 481307 492397 552283 558937 601079 614387 674273 687581 745249 754121 774083 791827 798481 814007 831751 847277 907163 967049 1013627 1091257 1184413 1186631 1253171 1277569 1284223 1313057 1364071 1366289 1377379 1417303 1452791 1466099 1497151 1506023 1583653 1643539 1685681 1716733 1730041 1783273 1823197,15527 82067 115337 301649 308303 321611 354881 414767 481307 601079 614387 674273 754121 814007 847277 907163 967049 1013627 1186631 1253171 1366289 1506023 1685681
1117,87,57,42,29,130,83,60,41,19,11171,11171,11171,11171 20107 53617 78191 98297 104999 198827 205529 245741 252443 261379 265847 272549 274783 285953 299357 301591 399887 442333 455737 469141 487013 500417 507119 522757 556267 569671 600947 629989 647861 688073 714881 743923 757327 777433 788603 797539 802007 815411 822113 844453 848921 922643 924877 942749 1023173 1025407 1038811 1070087 1132639 1146043 1150511 1157213 1159447 1190723 1199659 1224233 1246573 1271147 1273381 1277849 1306891 1338167 1340401 1344869 1414123 1474441 1478909 1539227 1579439 1601779 1615183 1628587 1706777 1715713 1726883 1753691 1769329 1776031 1820711 1829647 1854221 1860923,11171 78191 98297 104999 198827 205529 245741 252443 265847 272549 299357 399887 487013 500417 507119 600947 647861 688073 714881 788603 802007 815411 822113 848921 922643 1023173 1157213 1190723 1224233 1271147 1277849 1338167 1344869 1478909 1539227 1579439 1706777 1726883 1753691 1820711 1860923
1123,85,47,36,19,129,74,52,29,23,4493,4493,4493,4493 26953 38183 40429 119039 125777 141499 145991 152729 280751 294227 327917 336901 343639 375083 377329 384067 397543 408773 449201 462677 464923 563747 617651 619897 658079 680539 687277 698507 711983 747919 759149 822037 853481 855727 869203 909631 923107 943321 990487 1017439 1037653 1078081 1105033 1145461 1170167 1179151 1264499 1273483 1284713 1286959 1313911 1327387 1388029 1405997 1441933 1455409 1459901 1466639 1489099 1522789 1563217 1576693 1587923 1594661 1601399 1623859 1644073 1662041 1724929 1792309 1796801 1819261 1870919,4493 38183 119039 125777 145991 152729 280751 294227 327917 375083 408773 449201 462677 563747 658079 698507 759149 853481 1170167 1264499 1284713 1459901 1466639 1587923 1594661 1601399 1662041 1796801 1870919
1129,86,51,38,21,129,77,54,32,22,4517,4517,4517,4517 20323 45161 47419 67741 94837 112901 173867 234833 237091 270961 284509 302573 325153 352249 365797 386119 399667 417731 426763 440311 451601 471923 539663 553211 566759 602887 623209 634499 654821 663853 670627 731593 776753 803849 806107 846751 907717 914491 952877 982231 1002553 1027391 1040939 1047713 1115453 1131259 1142549 1151581 1198999 1205773 1278029 1298351 1352543 1379639 1408993 1413509 1436089 1442863 1515119 1517377 1521893 1535441 1571569 1589633 1612213 1691243 1693501 1720597 1731887 1738661 1772531 1786079 1799627 1822207 1826723 1896721,4517 45161 112901 173867 234833 302573 417731 451601 471923 539663 553211 566759 634499 654821 776753 803849 952877 1027391 1040939 1115453 1142549 1298351 1379639 1413509 1515119 1589633 1691243 1731887 1738661 1772531 1786079 1826723
1151,100,64,51,32,137,87,67,44,23,6907,6907,29927,6907 29927 69061 75967 89779 112799 124309 126611 161141 214087 241711 250919 255523 264731 271637 299261 306167 331489 333791 375227 414361 428173 444287 492629 504139 513347 527159 552481 600823 610031 621541 628447 635353 665279 697507 755057 768869 780379 789587 796493 817211 831023 863251 883969 886271 897781 911593 962237 987559 1024391 1038203 1070431 1077337 1091149 1111867 1127981 1139491 1169417 1174021 1187833 1197041 1286819 1298329 1321349 1390409 1422637 1438751 1445657 1487093 1526227 1528529 1574569 1576871 1590683 1602193 1652837 1657441 1680461 1698877 1701179 1767937 1770239 1795561 1809373 1860017 1885339 1970513,29927 112799 126611 161141 250919 264731 271637 299261 306167 333791 375227 444287 492629 513347 527159 610031 665279 755057 768869 789587 796493 817211 831023 886271 962237 1024391 1038203 1127981 1169417 1197041 1286819 1321349 1438751 1445657 1487093 1528529 1576871 1590683 1652837 1680461 1701179 1770239 1860017 1970513
1153,92,53,46,25,130,79,61,34,27,59957,59957,59957,59957 76099 94547 115301 122219 225989 232907 267497 283639 290557 304393 318229 352819 357431 364349 405857 442753 495791 525769 532687 546523 567277 599561 622621 647987 668741 703331 737921 809407 814019 823243 837079 841691 855527 906259 933931 952379 975439 1016947 1044619 1056149 1063067 1076903 1111493 1125329 1176061 1189897 1252159 1259077 1272913 1284443 1298279 1319033 1342093 1367459 1374377 1443557 1445863 1494289 1561163 1563469 1591141 1632649 1674157 1678769 1701829 1736419 1754867 1777927 1824047 1851719 1879391 1881697 1895533 1916287 1943959 1948571 1955489 1976243,59957 94547 115301 122219 225989 267497 357431 364349 495791 599561 647987 668741 703331 737921 814019 841691 855527 952379 1056149 1063067 1076903 1111493 1125329 1298279 1319033 1374377 1443557 1561163 1678769 1754867 1824047 1879391 1955489 1976243
1163,81,48,38,24,115,63,53,29,24,37217,37217,37217,37217 48847 65129 83737 100019 127931 134909 146539 176777 188407 197711 239579 246557 279121 309359 344249 383791 411703 432637 434963 467527 476831 518699 523351 537307 539633 553589 558241 621043 628021 700127 704779 711757 748973 795493 832709 872251 937379 1014137 1025767 1088569 1118807 1139741 1144393 1167653 1237433 1256041 1339777 1353733 1356059 1523531 1711937 1737523 1760783 1849171 1856149 1865453 1884061 1921277 1925929 1981753 1984079 1995709,37217 65129 100019 127931 134909 176777 197711 239579 246557 344249 434963 476831 518699 539633 553589 700127 748973 832709 937379 1014137 1118807 1139741 1167653 1237433 1356059 1523531 1711937 1760783 1921277
1171,83,54,38,24,119,79,48,34,14,25763,25763,25763,25763 32789 42157 56209 81971 88997 103049 117101 140521 147547 152231 154573 161599 173309 187361 201413 231859 245911 299777 327881 358327 384089 386431 407509 412193 433271 447323 463717 477769 611263 721337 735389 770519 779887 793939 819701 850147 932117 997693 1002377 1086689 1096057 1121819 1138213 1156949 1173343 1180369 1194421 1206131 1215499 1255313 1278733 1285759 1299811 1402859 1461409 1489513 1508249 1510591 1529327 1559773 1564457 1578509 1580851 1613639 1693267 1721371 1735423 1817393 1826761 1833787 1852523 1875943 1911073 1915757 1922783 1943861 2009437 2014121,25763 32789 81971 88997 103049 117101 152231 173309 187361 201413 299777 327881 384089 412193 447323 735389 770519 819701 932117 1002377 1086689 1156949 1206131 1255313 1402859 1508249 1529327 1564457 1578509 1613639 1817393 1915757 1922783 2014121
1181,87,51,38,19,122,75,53,28,25,59051,59051,59051,59051 80309 92119 106291 127549 172427 198409 214943 222029 255097 278717 290527 297613 325957 340129 354301 470039 481849 505469 552709 569243 661361 687343 708601 718049 758203 793633 829063 909371 916457 923543 928267 935353 942439 951887 958973 1027471 1069987 1119589 1140847 1155019 1157381 1176277 1192811 1235327 1249499 1289653 1299101 1325083 1332169 1369961 1395943 1454993 1523491 1582541 1603799 1617971 1632143 1636867 1639229 1665211 1679383 1714813 1721899 1738433 1745519 1792759 1851809 1884877 1899049 1913221 1986443 1993529 2040769 2064389,59051 80309 172427 214943 222029 278717 505469 569243 661361 718049 909371 916457 923543 951887 958973 1157381 1192811 1235327 1299101 1454993 1617971 1632143 1639229 1738433 1851809 1986443 1993529 2064389
1187,93,60,42,29,136,88,57,37,20,16619,16619,16619,16619 23741 123449 149563 151937 187547 199417 201791 220783 237401 306247 315743 344231 372719 384589 386963 443939 455809 493793 508037 519907 576883 591127 600623 650477 683713 686087 700331 721697 747811 783421 819031 826153 842771 847519 871259 885503 906869 932983 942479 956723 970967 997081 1013699 1018447 1020821 1063553 1092041 1120529 1139521 1149017 1182253 1239229 1246351 1255847 1289083 1305701 1317571 1374547 1388791 1488499 1516987 1524109 1552597 1583459 1602451 1611947 1619069 1638061 1680793 1733021 1740143 1744891 1752013 1801867 1837477 1880209 1918193 1951429 1953803 1965673 1968047 1989413 2022649 2036893 2039267 2093869 2100991,16619 23741 123449 151937 187547 201791 237401 315743 344231 372719 386963 443939 493793 508037 600623 650477 700331 721697 871259 885503 942479 956723 970967 1013699 1063553 1092041 1120529 1149017 1305701 1583459 1611947 1619069 1733021 1740143 1918193 1968047 2039267
1193,95,63,51,31,138,87,68,41,27,7159,7159,16703,7159 16703 38177 59651 66809 95441 121687 131231 138389 157477 171793 178951 231443 245759 267233 281549 314953 322111 324497 400849 431867 467657 496289 529693 539237 544009 565483 575027 608431 675239 694327 715801 718187 765907 775451 780223 811241 830329 851803 858961 861347 866119 875663 897137 901909 911453 932927 994963 1002121 1033139 1090403 1123807 1145281 1159597 1231177 1247879 1281283 1302757 1319459 1352863 1362407 1383881 1398197 1424443 1448303 1462619 1467391 1474549 1519883 1527041 1553287 1567603 1581919 1677359 1720307 1803817 1849151 1868239 1896871 1920731 1935047 1963679 1975609 2032873 2054347 2078207 2082979,16703 38177 59651 66809 95441 131231 138389 231443 245759 281549 324497 431867 467657 496289 539237 575027 675239 718187 775451 861347 875663 897137 911453 932927 1033139 1090403 1247879 1319459 1362407 1383881 1398197 1448303 1462619 1527041 1677359 1720307 1849151 1920731 1935047 1963679 2078207
1201,87,50,41,24,130,73,58,35,23,12011,12011,12011,12011 26423 134513 141719 156131 235397 242603 288241 338683 345889 372311 386723 403537 408341 422753 439567 446773 465989 475597 482803 511627 523637 530843 559667 624521 698983 727807 819083 826289 835897 843103 862319 876731 879133 900751 907957 999233 1035263 1064087 1080901 1131343 1160167 1186589 1188991 1232227 1280267 1311493 1383553 1390759 1405171 1462819 1484437 1563703 1597331 1621351 1633361 1654979 1669391 1693411 1741451 1772677 1777481 1799099 1823119 1856747 1892777 1993661 2068123 2072927 2096947 2101751 2111359 2123369,12011 26423 134513 141719 156131 235397 242603 372311 386723 408341 422753 465989 523637 530843 559667 624521 819083 826289 862319 876731 999233 1035263 1186589 1280267 1597331 1654979 1741451 1777481 1799099 1856747 1892777 1993661 2072927 2101751 2123369
1213,83,48,36,20,127,74,50,27,23,43669,43669,201359,43669 87337 109171 123727 138283 152839 160117 174673 201359 211063 225619 230471 237749 274139 298399 363901 393013 480349 485201 514313 574963 659873 696263 732653 812711 819989 829693 866083 936437 950993 972827 1026199 1038329 1045607 1067441 1069867 1084423 1096553 1106257 1208149 1263947 1310041 1314893 1317319 1322171 1351283 1426489 1433767 1491991 1504121 1518677 1521103 1601161 1637551 1686071 1724887 1737017 1773407 1797667 1838909 1855891 1860743 1918967 1979617 2001451 2008729 2064527 2086361 2088787 2093639 2110621 2139733 2166419 2190679,201359 230471 237749 274139 485201 514313 659873 732653 812711 819989 936437 950993 972827 1038329 1045607 1067441 1096553 1263947 1314893 1351283 1504121 1518677 1686071 1737017 1773407 1860743 2086361
1217,92,53,41,24,137,76,64,35,29,29209,29209,53549,29209 53549 58417 82757 90059 102229 116833 138739 153343 155777 243401 250703 292081 328591 335893 352931 360233 374837 387007 430819 467329 491669 540349 620671 627973 637709 645011 679087 693691 747239 905449 944393 949261 1029583 1044187 1058791 1156151 1175623 1214567 1234039 1241341 1265681 1272983 1314361 1324097 1343569 1375211 1397117 1404419 1411721 1419023 1431193 1445797 1555327 1601573 1630781 1635649 1664857 1689197 1701367 1708669 1711103 1715971 1725707 1762217 1879049 1920427 1981277 2008051 2044561 2061599 2090807 2112713 2117581 2175997 2214941,53549 82757 90059 155777 243401 250703 352931 360233 374837 491669 637709 645011 747239 944393 1156151 1214567 1265681 1272983 1324097 1375211 1397117 1404419 1411721 1419023 1601573 1630781 1711103 1725707 1762217 1879049 1981277 2061599 2090807 2112713 2214941
1223,96,60,53,36,140,90,75,51,24,2447,2447,2447,2447 17123 31799 36691 44029 53813 61151 68489 97841 178559 183451 185897 198127 200573 215249 220141 222587 251939 259277 264169 457403 464741 494093 550351 601717 616393 640853 648191 653083 697111 699557 704449 726463 736247 785167 807181 821857 953941 956387 1022429 1027321 1029767 1044443 1059119 1081133 1088471 1093363 1154513 1161851 1242569 1315949 1328179 1345301 1359977 1372207 1386883 1389329 1396667 1433357 1484723 1565441 1577671 1585009 1594793 1616807 1638821 1658389 1690187 1702417 1756229 1800257 1829609 1834501 1873637 1885867 1900543 1932341 1937233 1969031 1988599 1995937 2032627 2047303 2086439 2115791 2123129 2152481 2159819 2189171 2201401,2447 17123 31799 53813 61151 68489 97841 178559 185897 200573 215249 222587 259277 457403 464741 494093 640853 648191 699557 956387 1022429 1029767 1044443 1059119 1081133 1088471 1154513 1161851 1242569 1315949 1345301 1359977 1389329 1396667 1433357 1484723 1565441 1616807 1638821 1690187 1756229 1800257 1829609 1932341 1969031 2086439 2115791 2123129 2152481 2159819 2189171
1229,95,58,45,28,145,81,69,39,30,2459,2459,2459,2459 36871 46703 98321 103237 127817 149939 176977 184351 213847 223679 282671 334289 361327 385907 420319 459647 467021 481769 553051 575173 612043 629249 663661 678409 693157 752149 776729 784103 825889 865217 894713 902087 921751 936499 975827 997949 1017613 1042193 1106101 1123307 1128223 1135597 1142971 1145429 1189673 1238833 1241291 1337153 1351901 1364191 1366649 1381397 1393687 1418267 1423183 1484633 1504297 1550999 1570663 1585411 1609991 1637029 1668983 1713227 1791883 1806631 1831211 1858249 1860707 1904951 1990981 2000813 2020477 2049973 2081927 2153209 2175331 2177789 2190079 2236781,2459 46703 98321 127817 149939 223679 282671 334289 385907 459647 467021 481769 629249 776729 784103 865217 902087 975827 997949 1042193 1145429 1189673 1241291 1351901 1366649 1381397 1418267 1484633 1550999 1609991 1668983 1713227 1831211 1860707 1904951 2000813 2081927 2177789 2236781
1231,96,56,42,26,135,78,55,35,20,22159,22159,71399,22159 36931 71399 86171 93557 132949 137873 145259 160031 184651 196961 219119 221581 270821 344681 347143 369301 376687 455471 465319 470243 487477 531793 536717 551489 568723 573647 603191 640121 672127 713981 723829 753373 832157 920789 938023 950333 967567 997111 1041427 1093129 1120211 1203919 1226077 1231001 1263007 1327019 1363949 1378721 1393493 1400879 1410727 1415651 1455043 1489511 1499359 1514131 1565833 1587991 1610149 1615073 1674161 1706167 1711091 1757869 1780027 1792337 1844039 1873583 1942519 1976987 2038537 2058233 2075467 2080391 2102549 2193643 2242883,71399 93557 137873 145259 160031 196961 219119 270821 344681 455471 470243 536717 551489 573647 603191 640121 713981 832157 920789 950333 1231001 1363949 1378721 1400879 1415651 1489511 1615073 1674161 1711091 1792337 1976987 2058233 2080391 2102549 2242883
1237,94,56,44,25,146,88,67,38,29,19793,19793,19793,19793 44533 49481 116279 133597 145967 170707 215239 227609 242453 259771 267193 304303 319147 346361 353783 376049 378523 390893 408211 413159 517067 561599 591287 616027 630871 660559 665507 687773 742201 771889 776837 799103 838687 858479 969809 987127 994549 1073717 1081139 1083613 1105879 1120723 1150411 1170203 1222157 1237001 1244423 1284007 1306273 1343383 1348331 1370597 1395337 1447291 1469557 1533881 1541303 1543777 1570991 1588309 1630367 1640263 1645211 1692217 1699639 1704587 1714483 1741697 1763963 1778807 1810969 1815917 1860449 1862923 1966831 2011363 2038577 2053421 2060843 2078161 2107849 2157329 2174647 2209283 2248867 2271133 2276081,19793 49481 116279 145967 227609 242453 346361 353783 376049 390893 413159 561599 665507 687773 776837 799103 858479 969809 1073717 1081139 1170203 1222157 1244423 1348331 1370597 1541303 1630367 1704587 1763963 1778807 1815917 1860449 2038577 2053421 2060843 2157329 2209283 2276081
1249,99,59,51,24,143,86,72,35,37,22483,22483,27479,22483 27479 67447 74941 97423 192347 277279 292267 297263 312251 322243 359713 367207 374701 397183 424661 442147 462131 472123 517087 529577 552059 592027 604517 612011 634493 659473 709433 749401 776879 784373 799361 801859 816847 846823 884293 889289 914269 949241 966727 996703 1026679 1071643 1084133 1091627 1099121 1101619 1166567 1204037 1211531 1221523 1241507 1258993 1266487 1301459 1323941 1353917 1408873 1483813 1601219 1633693 1678657 1721123 1723621 1836031 1863509 1885991 1910971 1938449 1953437 1990907 2008393 2038369 2053357 2075839 2088329 2090827 2095823 2103317 2178257 2233213 2238209 2260691 2298161 2300659 2315647,27479 192347 297263 312251 424661 462131 529577 552059 604517 612011 634493 709433 776879 784373 799361 889289 949241 1084133 1099121 1166567 1204037 1241507 1301459 1323941 1601219 1721123 1863509 1885991 1938449 1953437 2088329 2095823 2178257 2260691 2298161
1259,101,55,45,21,142,78,60,30,30,40289,40289,40289,40289 67987 143527 166189 176261 181297 206477 226621 317269 342449 392809 430579 463313 475903 513673 543889 551443 558997 566551 596767 702523 717631 727703 755401 773027 841013 848567 871229 886337 954323 969431 982021 984539 1044971 1057561 1075187 1097849 1117993 1223749 1294253 1299289 1321951 1377347 1397491 1427707 1435261 1445333 1483103 1488139 1503247 1513319 1533463 1551089 1566197 1571233 1588859 1624111 1634183 1762601 1823033 1828069 1838141 1865839 1880947 1911163 1936343 1943897 1981667 2069797 2102531 2115121 2140301 2145337 2167999 2183107 2268719 2303971 2326633,40289 176261 342449 463313 727703 773027 841013 848567 871229 886337 954323 969431 984539 1044971 1075187 1294253 1377347 1445333 1483103 1551089 1566197 1588859 1634183 1762601 1838141 1936343 1943897 2102531 2140301 2268719
1277,94,60,46,26,139,88,58,35,23,30649,30649,33203,30649 33203 48527 61297 102161 107269 160903 201767 222199 268171 278387 298819 344791 367777 383101 390763 439289 446951 482707 528679 597637 638501 651271 684473 689581 707459 720229 722783 727891 738107 773863 804511 812173 830051 865807 876023 888793 899009 957751 990953 1044587 1065019 1098221 1118653 1144193 1156963 1197827 1205489 1287217 1335743 1363837 1386823 1412363 1427687 1455781 1478767 1481321 1519631 1601359 1609021 1693303 1711181 1734167 1749491 1762261 1869529 1884853 1900177 1925717 1948703 2061079 2068741 2107051 2114713 2132591 2140253 2168347 2193887 2214319 2216873 2221981 2247521 2270507 2375221 2413531 2423747 2431409 2436517,33203 48527 102161 201767 278387 439289 446951 638501 684473 707459 722783 738107 830051 876023 899009 990953 1044587 1098221 1144193 1197827 1205489 1335743 1412363 1427687 1481321 1519631 1711181 1734167 1749491 1925717 1948703 2193887 2216873 2270507 2431409
1279,99,64,45,29,134,88,59,38,21,15349,15349,66509,15349 30697 38371 53719 66509 69067 104879 143249 145807 181619 227663 235337 243011 253243 296729 299287 350447 450209 491137 503927 537181 567877 572993 575551 626711 652291 695777 706009 759727 772517 780191 818561 844141 879953 949019 982273 1010411 1028317 1071803 1074361 1089709 1112731 1156217 1163891 1202261 1225283 1227841 1296907 1304581 1327603 1332719 1335277 1355741 1371089 1378763 1412017 1463177 1496431 1511779 1524569 1539917 1557823 1601309 1603867 1647353 1662701 1716419 1726651 1731767 1757347 1800833 1808507 1857109 1864783 1895479 1910827 1931291 1933849 1969661 2031053 2033611 2202439 2230577 2240809 2371267 2407079 2432659 2448007,66509 104879 143249 181619 227663 235337 243011 296729 350447 450209 503927 626711 695777 772517 780191 818561 949019 1010411 1071803 1163891 1202261 1225283 1332719 1355741 1371089 1378763 1463177 1524569 1601309 1647353 1662701 1716419 1731767 1808507 1931291 1969661 2031053 2407079
1283,101,59,50,25,151,92,68,36,32,7699,7699,33359,7699 33359 53887 71849 92377 107773 110339 115471 123169 141131 148829 161659 171923 184753 207847 218111 230941 287393 333581 361807 392599 400297 402863 449051 454183 464447 477277 492673 556823 577351 603011 618407 633803 662029 672293 685123 692821 756971 772367 795461 800593 862177 872441 877573 926327 941723 987911 1016137 1077721 1085419 1123909 1239379 1249643 1300963 1416433 1439527 1470319 1565261 1624279 1750013 1816729 1855219 1886011 1903973 1924501 1927067 1955293 1957859 1962991 2001481 2016877 2034839 2055367 2057933 2109253 2111819 2116951 2188799 2209327 2211893 2232421 2265779 2273477 2296571 2301703 2340193 2350457 2394079 2412041 2440267 2442833 2450531,33359 71849 110339 141131 148829 171923 218111 287393 333581 402863 449051 464447 556823 603011 618407 633803 672293 756971 772367 795461 872441 926327 941723 987911 1565261 1903973 1927067 1957859 2057933 2111819 2188799 2211893 2265779 2350457 2442833 2450531
1289,105,66,45,29,142,87,61,40,21,2579,2579,2579,2579 30937 38671 54139 92809 118589 126323 154681 157259 195929 203663 216553 234599 262957 293893 327407 340297 348031 366077 371233 378967 397013 412481 427949 466619 479509 518179 528491 541381 551693 595519 649657 696061 737309 760511 788869 791447 804337 827539 853319 868787 889411 915191 938393 951283 953861 966751 1044091 1075027 1082761 1105963 1152367 1175569 1209083 1260643 1291579 1330249 1376653 1394699 1417901 1588049 1611251 1624141 1634453 1639609 1642187 1771087 1809757 1827803 1858739 1879363 1897409 2059823 2106227 2144897 2157787 2165521 2206769 2229971 2258329 2266063 2284109 2338247 2382073 2436211 2474881 2485193,2579 118589 126323 157259 195929 203663 234599 327407 366077 397013 412481 427949 466619 528491 551693 737309 760511 791447 853319 868787 915191 938393 953861 1209083 1394699 1417901 1611251 1634453 1642187 1827803 1858739 1897409 2059823 2106227 2144897 2206769 2229971 2284109 2338247 2485193
1291,93,52,46,23,136,80,62,34,28,12911,12911,12911,12911 15493 46477 90371 105863 116191 139429 170413 232381 247873 268529 307259 317587 348571 433777 438941 441523 449269 511237 518983 601607 632591 717797 733289 735871 764273 772019 867553 875299 903701 968251 1030219 1035383 1066367 1097351 1099933 1107679 1136081 1198049 1291001 1293583 1314239 1324567 1332313 1352969 1368461 1409773 1433011 1445921 1461413 1479487 1523381 1673137 1678301 1688629 1704121 1781581 1804819 1820311 1843549 1859041 1871951 1887443 1895189 1905517 1951993 1957157 2003633 2050109 2091421 2145643 2176627 2220521 2285071 2359949 2398679 2421917 2447737 2486467 2494213,12911 90371 105863 268529 307259 438941 601607 632591 733289 764273 772019 903701 1035383 1066367 1097351 1136081 1198049 1314239 1352969 1368461 1445921 1461413 1523381 1678301 1871951 1887443 1895189 1957157 2003633 2050109 2220521 2359949 2398679 2421917
1297,97,56,46,31,135,75,66,38,28,5189,5189,5189,5189 20753 70039 98573 124513 137483 160829 178987 199739 254213 293123 316469 324251 350191 355379 402071 464327 479891 511019 518801 526583 552523 583651 622561 697787 713351 723727 778201 817111 822299 853427 856021 863803 915683 1019443 1035007 1063541 1089481 1094669 1112827 1125797 1133579 1151737 1250309 1252903 1268467 1315159 1322941 1514897 1525273 1553807 1561589 1577153 1595311 1616063 1639409 1693883 1763921 1976629 2020727 2031103 2054449 2062231 2093359 2106329 2121893 2215277 2223059 2225653 2256781 2280127 2295691 2448737 2451331 2495429,5189 20753 98573 137483 160829 199739 254213 293123 316469 324251 355379 402071 464327 479891 511019 518801 526583 697787 713351 822299 853427 1094669 1125797 1133579 1250309 1514897 1553807 1561589 1577153 1616063 1639409 1693883 1763921 2106329 2121893 2215277 2223059 2448737
1301,91,52,48,28,143,86,74,46,28,33827,33827,33827,33827 88469 124897 143111 171733 182141 205559 221171 234181 244589 275813 322649 361679 463157 476167 478769 494381 541217 549023 569839 728561 764989 791009 869069 897691 900293 905497 923711 944527 960139 1017383 1038199 1079831 1095443 1118861 1178707 1181309 1209931 1264573 1272379 1329623 1342633 1360847 1444111 1446713 1506559 1524773 1532579 1587221 1641863 1647067 1680893 1701709 1725127 1771963 1821401 1844819 1857829 1860431 1873441 1938491 1946297 1974919 2000939 2016551 2024357 2071193 2110223 2115427 2118029 2162263 2188283 2201293 2266343 2274149 2289761 2328791 2336597 2388637 2391239 2406851 2435473 2445881 2482309 2521339 2531747,33827 88469 143111 182141 205559 221171 244589 275813 322649 361679 463157 494381 541217 549023 728561 869069 900293 923711 1017383 1079831 1095443 1118861 1181309 1329623 1360847 1446713 1524773 1641863 1821401 1844819 1860431 1938491 1946297 2000939 2024357 2071193 2110223 2118029 2188283 2274149 2289761 2328791 2336597 2406851 2445881 2531747
1303,86,51,39,23,127,73,56,30,26,20849,20849,20849,20849 52121 67757 85999 109453 177209 185027 239753 278843 302297 304903 320539 325751 383083 429991 450839 508171 578533 607199 677561 724469 732287 763559 781801 802649 820891 859981 904283 959009 969433 1024159 1068461 1086703 1125793 1162277 1180519 1279547 1289971 1295183 1329061 1373363 1396817 1422877 1454149 1506269 1516693 1571419 1618327 1623539 1673053 1680871 1701719 1725173 1787717 1790323 1826807 1845049 1881533 1907593 1915411 1993591 2001409 2024863 2053529 2110861 2155163 2235949 2319341 2358431 2454853 2493943 2501761 2533033,20849 52121 67757 177209 185027 239753 302297 325751 450839 607199 677561 763559 802649 904283 959009 1068461 1162277 1279547 1295183 1373363 1396817 1506269 1623539 1701719 1725173 1787717 1826807 2053529 2319341 2358431
1307,101,63,48,27,147,92,66,41,25,10457,10457,10457,10457 86263 109789 112403 135929 141157 156841 164683 190823 196051 219577 258787 282313 284927 376417 392101 415627 423469 449609 465293 470521 543713 559397 614291 622133 635203 637817 653501 661343 692711 705781 731921 794657 815569 831253 893989 972409 988093 990707 1006391 1037759 1058671 1082197 1137091 1163231 1246879 1265177 1293931 1312229 1333141 1419403 1429859 1476911 1529191 1576243 1586699 1591927 1602383 1607611 1625909 1641593 1672961 1680803 1712171 1717399 1759223 1821959 1892537 1947431 1970957 1978799 2010167 2038921 2088587 2096429 2101657 2143481 2187919 2190533 2227129 2234971 2242813 2245427 2261111 2284637 2305549 2331689 2399653 2417951 2462389 2504213 2517283,10457 112403 135929 190823 284927 449609 465293 543713 559397 614291 622133 637817 653501 661343 731921 794657 990707 1037759 1163231 1265177 1312229 1429859 1476911 1586699 1625909 1641593 1680803 1712171 1892537 1947431 1970957 1978799 2088587 2096429 2143481 2190533 2245427 2261111 2284637 2331689 2417951
1319,91,63,44,29,134,92,60,40,20,50123,50123,50123,50123 55399 63313 97607 129263 137177 142453 145091 216317 229507 255887 292819 300733 303371 358769 406253 411529 419443 453737 459013 580361 609379 617293 659501 664777 696433 730727 743917 775573 783487 794039 862627 896921 933853 968147 991889 1005079 1012993 1020907 1052563 1078943 1084219 1213481 1229309 1245137 1250413 1266241 1282069 1316363 1355933 1377037 1384951 1403417 1474643 1503661 1514213 1559059 1561697 1601267 1606543 1654027 1680407 1704149 1764823 1772737 1791203 1796479 1851877 1870343 1875619 1883533 1891447 1954759 2004881 2097211 2113039 2115677 2168437 2176351 2186903 2215921 2247577 2295061 2305613 2416409 2429599 2455979 2463893 2503463 2524567 2543033 2558861,50123 97607 129263 137177 145091 216317 255887 303371 358769 406253 453737 580361 659501 730727 794039 968147 991889 1078943 1213481 1229309 1245137 1316363 1355933 1403417 1474643 1514213 1561697 1601267 1704149 1791203 1870343 2004881 2115677 2305613 2416409 2455979 2463893 2503463 2543033 2558861
1321,89,55,41,27,139,84,61,39,22,7927,7927,29063,7927 29063 39631 63409 87187 118891 214003 237781 253633 258917 314399 372523 396301 417437 425363 464993 515191 552179 734477 737119 760897 774107 776749 789959 792601 805811 821663 861293 1027739 1038307 1043591 1085863 1091147 1093789 1106999 1130777 1162481 1210037 1241741 1265519 1305149 1328927 1363273 1394977 1400261 1416113 1434607 1439891 1482163 1585201 1608979 1645967 1680313 1719943 1741079 1751647 1772783 1807129 1822981 1862611 1878463 1886389 1915451 1923377 1926019 1939229 1994711 2044909 2050193 2073971 2108317 2161157 2179651 2274763 2375159 2486123 2496691 2544247 2549531 2560099 2565383 2583877 2589161 2605013,29063 258917 314399 425363 464993 552179 734477 774107 789959 805811 821663 861293 1027739 1043591 1091147 1106999 1130777 1210037 1241741 1265519 1305149 1328927 1400261 1416113 1439891 1645967 1741079 1772783 1915451 1923377 1939229 1994711 2050193 2161157 2375159 2549531 2565383 2589161 2605013
1327,98,58,43,30,140,85,65,43,22,5309,5309,5309,5309 23887 31849 45119 61043 63697 87583 100853 124739 132701 140663 151279 180473 236207 270709 283979 286633 323789 358291 371561 411371 435257 451181 490991 522839 538763 541417 549379 578573 605113 713927 716581 729851 769661 817433 979327 1032407 1035061 1043023 1066909 1135913 1146529 1175723 1231457 1281883 1313731 1321693 1337617 1377427 1398659 1425199 1472971 1480933 1584439 1589747 1592401 1677329 1733063 1772873 1791451 1815337 1852493 1876379 1884341 1942729 2030311 2054197 2075429 2117893 2197513 2221399 2253247 2269171 2290403 2306327 2346137 2348791 2370023 2385947 2409833 2481491 2545187 2595613 2608883 2624807,5309 45119 61043 100853 124739 132701 140663 180473 236207 283979 323789 371561 411371 435257 451181 490991 522839 538763 578573 713927 729851 769661 817433 1032407 1135913 1175723 1398659 1589747 1677329 1733063 1772873 1852493 1876379 1884341 2290403 2306327 2346137 2370023 2385947 2481491 2545187 2608883 2624807
1361,102,63,52,31,149,85,69,43,26,8167,8167,10889,8167 10889 16333 24499 51719 57163 108881 146989 149711 157877 163321 272201 313031 362027 432799 449131 489961 582509 607007 639671 677779 696833 704999 710443 729497 734941 737663 751273 786659 811157 832933 857431 865597 906427 939091 941813 949979 990809 1020751 1047971 1154129 1200403 1208569 1235789 1268453 1309283 1341947 1347391 1399109 1415441 1423607 1478047 1600537 1608703 1657699 1684919 1714861 1723027 1763857 1791077 1804687 1821019 1840073 1864571 1878181 1880903 1929899 2000671 2025169 2090497 2106829 2123161 2158547 2204821 2297369 2343643 2354531 2411693 2444357 2457967 2493353 2583179 2607677 2648507 2653951,10889 51719 108881 149711 157877 272201 313031 362027 582509 607007 639671 696833 704999 729497 737663 786659 811157 941813 949979 990809 1047971 1154129 1235789 1268453 1309283 1341947 1399109 1415441 1423607 1684919 1791077 1864571 1880903 1929899 2158547 2297369 2354531 2411693 2444357 2493353 2583179 2607677 2648507
1367,104,69,51,36,154,93,72,46,26,10937,10937,10937,10937 19139 41011 60149 73819 82021 92957 106627 133967 142169 158573 172243 213253 237859 311677 393697 418303 421037 486653 560471 585077 609683 615151 623353 639757 675299 680767 688969 729979 732713 765521 773723 880349 929561 943231 954167 978773 984241 1049857 1101803 1134611 1254907 1263109 1265843 1298651 1306853 1336927 1339661 1345129 1380671 1388873 1413479 1459957 1484563 1552913 1566583 1632199 1667741 1673209 1700549 1747027 1757963 1763431 1788037 1815377 1823579 1837249 1839983 1864589 1894663 1987619 2017693 2058703 2077841 2086043 2116117 2124319 2151659 2198137 2241881 2288359 2337571 2397719 2414123 2455133 2485207 2493409 2542621 2561759 2569961 2583631 2608237 2660183,10937 19139 60149 92957 133967 142169 158573 421037 486653 560471 585077 609683 675299 732713 765521 773723 880349 929561 954167 978773 1134611 1265843 1298651 1306853 1339661 1380671 1388873 1413479 1552913 1667741 1700549 1757963 1815377 1823579 1839983 1864589 1987619 2077841 2086043 2151659 2241881 2397719 2414123 2561759 2569961 2660183
1373,94,67,43,30,144,93,59,36,23,49429,49429,101603,49429 57667 74143 90619 101603 109841 126317 172999 197713 205951 208697 247141 291077 304807 337759 345997 362473 378949 494281 529979 562931 609613 634327 716707 749659 768881 785357 801833 840277 851261 900689 908927 941879 1029751 1032497 1073687 1098401 1112131 1120369 1172543 1197257 1210987 1221971 1227463 1243939 1252177 1271399 1293367 1345541 1359271 1362017 1375747 1386731 1408699 1419683 1436159 1491079 1502063 1600919 1614649 1647601 1705267 1732727 1773917 1779409 1798631 1812361 1886503 1894741 1913963 1952407 1963391 2037533 2136389 2150119 2158357 2177579 2240737 2306641 2356069 2397259 2405497 2463163 2465909 2573003 2589479 2614193 2644399 2710303 2735017 2751493 2800921 2803667,101603 109841 126317 208697 291077 529979 562931 768881 785357 801833 851261 900689 908927 941879 1032497 1073687 1098401 1172543 1197257 1221971 1271399 1345541 1362017 1386731 1419683 1502063 1600919 1732727 1773917 1798631 1963391 2136389 2465909 2589479 2614193 2803667
1381,94,55,45,24,138,82,68,37,31,16573,16573,38669,16573 24859 38669 96671 124291 165721 190579 229247 262391 290011 339727 394967 397729 403253 469541 505447 519257 552401 563449 621451 629737 638023 643547 718121 734693 754027 784409 870031 925271 994321 1024703 1066133 1093753 1126897 1143469 1160041 1168327 1240139 1325761 1339571 1356143 1408621 1430717 1450051 1458337 1499767 1505291 1574341 1590913 1624057 1723489 1762157 1845017 1847779 1861589 1914067 1919591 1969307 2019023 2060453 2079787 2085311 2135027 2162647 2204077 2292461 2300747 2344939 2350463 2416751 2433323 2485801 2502373 2524469 2557613 2668093 2723333 2742667 2748191 2773049 2784097 2789621,38669 96671 229247 262391 394967 403253 469541 519257 552401 643547 718121 734693 784409 925271 1024703 1066133 1240139 1339571 1356143 1430717 1505291 1762157 1845017 1861589 1919591 1969307 2019023 2060453 2085311 2135027 2292461 2300747 2416751 2433323 2557613 2723333 2789621
1399,104,59,48,32,152,91,67,44,23,25183,25183,97931,25183 33577 97931 117517 131507 165083 198659 215447 223841 277003 290993 341357 352549 419701 425297 478459 528823 604369 612763 635147 660329 663127 685511 688309 803027 828209 886967 895361 937331 982099 1021271 1032463 1040857 1063241 1091221 1096817 1149979 1163969 1189151 1214333 1340243 1348637 1373819 1485739 1527709 1541699 1566881 1586467 1594861 1667609 1670407 1717973 1737559 1759943 1779529 1804711 1877459 1913833 1927823 1972591 1986581 2039743 2045339 2123683 2137673 2171249 2179643 2182441 2241199 2257987 2271977 2350321 2355917 2493019 2501413 2509807 2532191 2548979 2560171 2632919 2658101 2660899 2691677 2728051 2742041 2758829 2767223 2786809 2800799 2837173 2887537,97931 131507 165083 198659 215447 223841 290993 341357 425297 660329 685511 803027 828209 886967 895361 937331 1021271 1063241 1096817 1163969 1189151 1214333 1340243 1348637 1373819 1541699 1566881 1667609 1717973 1759943 1877459 1927823 1986581 2045339 2171249 2179643 2271977 2355917 2532191 2548979 2658101 2758829 2767223 2800799
1409,107,62,55,34,158,91,78,49,29,19727,19727,19727,19727 28181 87359 129629 160627 194443 236713 239531 298709 312799 315617 338161 340979 363523 366341 422701 456517 476243 560783 569237 653777 662231 667867 687593 738317 777769 780587 814403 887671 958121 997573 1017299 1034207 1076477 1115929 1175107 1183561 1203287 1242739 1245557 1310371 1338551 1352641 1363913 1397729 1423091 1479451 1496359 1538629 1606261 1609079 1634441 1640077 1676711 1716163 1724617 1758433 1792249 1795067 1859881 1871153 1955693 2020507 2057141 2088139 2099411 2141681 2158589 2175497 2226221 2299489 2409391 2426299 2429117 2437571 2485477 2513657 2547473 2570017 2606651 2612287 2620741 2691191 2722189 2733461 2747551 2758823 2857453 2860271 2877179 2950447,19727 28181 87359 129629 239531 298709 315617 340979 366341 476243 560783 569237 653777 662231 687593 738317 780587 814403 958121 1017299 1034207 1076477 1203287 1245557 1338551 1363913 1397729 1423091 1609079 1634441 1676711 1795067 1871153 1955693 2099411 2141681 2158589 2175497 2226221 2429117 2437571 2513657 2547473 2606651 2691191 2733461 2758823 2860271 2877179
1423,116,68,56,36,162,100,74,46,28,5693,5693,5693,5693 8539 17077 22769 31307 56921 85381 99611 116687 170761 202067 219143 236219 247603 270371 341521 358597 375673 398441 415517 458207 461053 475283 478129 486667 503743 526511 569201 577739 586277 589123 648889 697271 725731 748499 799727 802573 842417 876569 896491 939181 944873 1033099 1055867 1101403 1115633 1158323 1161169 1166861 1212397 1218089 1303469 1331929 1374619 1414463 1417309 1431539 1442923 1499843 1502689 1721831 1724677 1884053 1892591 1912513 1943819 1977971 1980817 2023507 2029199 2049121 2057659 2063351 2097503 2143039 2168653 2194267 2199959 2208497 2254033 2293877 2322337 2382103 2396333 2490251 2535787 2561401 2569939 2638243 2652473 2669549 2698009 2712239 2732161 2774851 2806157 2877307 2945611 2959841 2993993,5693 22769 31307 56921 99611 116687 202067 236219 270371 398441 415517 458207 475283 526511 569201 577739 586277 697271 748499 799727 842417 876569 944873 1055867 1115633 1158323 1166861 1218089 1303469 1431539 1499843 1721831 1884053 1892591 1943819 1977971 2063351 2097503 2199959 2208497 2293877 2396333 2490251 2669549 2806157 2959841
1427,115,66,56,33,165,97,73,42,31,8563,8563,28541,8563 28541 114161 128431 165533 222613 234029 239737 242591 265423 299671 376729 385291 393853 405269 456641 479473 505159 525137 542261 585071 593633 642151 684961 722063 739187 867617 924697 933259 936113 953237 967507 1018879 1047419 1061689 1078813 1098791 1175849 1184411 1241491 1284301 1295717 1312841 1364213 1381337 1421293 1438417 1484081 1492643 1518329 1535453 1566847 1603949 1661029 1678153 1712401 1746649 1766627 1783751 1792313 1852247 1866517 1877933 1892203 1903619 1946429 2037757 2080567 2083421 2091983 2123377 2191873 2237537 2251807 2277493 2303179 2311741 2345989 2374529 2383091 2417339 2482981 2511521 2560039 2619973 2622827 2662783 2731279 2734133 2759819 2811191 2876833 2879687 2902519 3016679 3025241 3030949,28541 114161 165533 234029 242591 405269 456641 525137 542261 585071 593633 722063 739187 867617 936113 953237 1047419 1098791 1175849 1184411 1295717 1312841 1364213 1381337 1484081 1492643 1518329 1603949 1783751 1792313 1852247 1903619 1946429 2083421 2091983 2237537 2374529 2383091 2511521 2734133 2759819 2879687
1429,109,62,49,26,155,92,69,42,27,5717,5717,5717,5717 34297 91457 145759 154333 160049 171481 257221 262937 374399 505867 511583 571601 631619 640193 691637 745939 754513 760229 785951 814531 831679 845969 914561 934567 957431 977437 983153 1011733 1017449 1034597 1046029 1063177 1154633 1157491 1163207 1183213 1217509 1226083 1291817 1300391 1363267 1371841 1397563 1514741 1586191 1603339 1643351 1646209 1660499 1720517 1740523 1774819 1791967 1800541 1817689 1831979 1857701 1860559 1954873 2006317 2032039 2054903 2057761 2106347 2134927 2200661 2226383 2357851 2383573 2392147 2426443 2432159 2440733 2475029 2483603 2526473 2543621 2603639 2632219 2692237 2697953 2706527 2777977 2803699 2826563 2835137 2912303 2915161 2920877 2932309 3040913,5717 91457 160049 262937 374399 511583 571601 631619 640193 691637 785951 845969 957431 983153 1017449 1034597 1154633 1163207 1291817 1300391 1514741 1643351 1660499 1720517 1831979 1857701 2054903 2106347 2200661 2226383 2432159 2440733 2475029 2483603 2543621 2603639 2706527 2826563 2835137 2912303 2920877 3040913
1433,115,77,52,31,157,104,66,40,26,8599,8599,20063,8599 20063 28661 103177 123239 128971 131837 163363 223549 235013 252209 260807 295199 300931 329591 335323 395509 421303 424169 429901 449963 481489 533077 535943 553139 619057 816811 834007 836873 851203 859801 879863 894193 897059 954379 965843 980173 1026029 1031761 1060421 1074751 1083349 1117741 1120607 1137803 1195123 1206587 1212319 1220917 1283969 1292567 1332691 1375681 1392877 1395743 1447331 1455929 1461661 1478857 1547641 1582033 1593497 1599229 1662281 1676611 1685209 1705271 1796983 1805581 1814179 1842839 1857169 1908757 1977541 2006201 2014799 2049191 2080717 2126573 2149501 2209687 2238347 2287069 2338657 2355853 2384513 2444699 2459029 2630989 2656783 2668247 2708371 2711237 2751361 2802949 2828743 2866001 2883197 2897527 2931919 2940517 2969177 3003569 3072353,20063 28661 123239 131837 235013 252209 260807 295199 329591 424169 449963 535943 553139 836873 879863 897059 1060421 1120607 1206587 1283969 1292567 1395743 1447331 1455929 1593497 1662281 1705271 1842839 2006201 2014799 2049191 2126573 2238347 2384513 2444699 2668247 2866001 2883197 2969177 3072353
1439,95,60,42,28,145,88,58,38,20,34537,34537,46049,34537 46049 63317 86341 120877 141023 155413 172681 189949 227363 235997 287801 302191 328093 336727 348239 362629 365507 408677 417311 423067 495017 564089 647551 659063 710867 754037 779939 866279 978521 1010179 1018813 1079251 1082129 1113787 1133933 1177103 1277833 1329637 1358417 1392953 1415977 1441879 1453391 1485049 1522463 1580023 1582901 1614559 1617437 1626071 1640461 1657729 1683631 1738313 1867823 1916749 1928261 1988699 2049137 2100941 2118209 2158501 2201671 2236207 2244841 2290889 2299523 2385863 2400253 2403131 2420399 2429033 2437667 2452057 2486593 2538397 2567177 2593079 2601713 2607469 2644883 2650639 2705321 2788783 2791661 2909659 3093851,46049 63317 141023 227363 235997 287801 348239 365507 408677 417311 495017 659063 710867 754037 779939 866279 1082129 1177103 1358417 1392953 1453391 1522463 1582901 1617437 1626071 1738313 1988699 2049137 2100941 2290889 2299523 2420399 2429033 2437667 2567177 2593079 2705321 3093851
1447,100,64,46,29,156,96,67,39,28,49199,49199,49199,49199 69457 78139 144701 199687 260461 274931 300977 312553 373327 396479 425419 457253 460147 477511 520921 529603 535391 546967 590377 648257 656939 746653 764017 790063 807427 821897 865307 873989 981067 1024477 1041841 1050523 1125767 1128661 1154707 1169177 1177859 1195223 1284937 1293619 1380439 1412273 1447001 1455683 1510669 1542503 1577231 1597489 1690097 1750871 1759553 1785599 1805857 1846373 1872419 1892677 1901359 1959239 1976603 2037377 2046059 2063423 2083681 2106833 2109727 2135773 2170501 2184971 2222593 2239957 2248639 2266003 2300731 2306519 2344141 2367293 2410703 2454113 2488841 2500417 2526463 2561191 2595919 2682739 2691421 2775347 2778241 2792711 2856379 2873743 2905577 2966351 3038701 3131309 3134203,49199 144701 274931 300977 396479 457253 535391 648257 656939 865307 873989 1125767 1169177 1177859 1195223 1447001 1455683 1542503 1577231 1690097 1750871 1759553 1846373 1872419 1959239 1976603 2037377 2046059 2063423 2106833 2367293 2410703 2454113 2488841 2775347 2792711 2905577 2966351 3131309
1451,117,81,58,42,170,113,74,52,22,2903,2903,2903,2903 8707 26119 29021 52237 60943 104473 133493 139297 174121 191533 220553 226357 243769 264083 290201 374359 394673 429497 473027 478831 533969 551381 574597 594911 609421 621029 626833 647147 681971 734207 742913 777737 792247 795149 800953 853189 896719 931543 940249 1001191 1082447 1088251 1096957 1099859 1140487 1149193 1178213 1247861 1265273 1291391 1343627 1404569 1410373 1419079 1430687 1439393 1474217 1480021 1488727 1491629 1523551 1540963 1569983 1593199 1636729 1691867 1735397 1744103 1770221 1778927 1787633 1854379 1857281 1865987 1915321 1961753 1970459 2013989 2054617 2063323 2170697 2176501 2205521 2222933 2257757 2266463 2301287 2307091 2336111 2362229 2402857 2524741 2550859 2623409 2629213 2693057 2724979 2788823 2814941 2846863 2884589 2928119 2945531 2968747 2997767 3003571 3032591 3047101 3055807 3108043 3116749 3151573,2903 29021 133493 220553 264083 290201 394673 429497 473027 533969 551381 594911 621029 647147 681971 734207 742913 777737 795149 1082447 1099859 1178213 1247861 1265273 1291391 1343627 1404569 1430687 1439393 1474217 1491629 1569983 1691867 1735397 1744103 1770221 1778927 1857281 1865987 1961753 1970459 2013989 2205521 2257757 2266463 2301287 2336111 2623409 2814941 2884589 2997767 3032591
1453,117,68,55,33,172,99,83,52,31,5813,5813,5813,5813 43591 122053 188891 226669 293507 305131 328379 354533 401029 415559 441713 488209 511457 531799 601543 616073 618979 746843 755561 799151 816587 819493 834023 880519 889237 895049 921203 947357 967699 1011289 1020007 1063597 1078127 1200179 1255393 1269923 1296077 1307701 1342573 1374539 1412317 1426847 1447189 1455907 1487873 1560523 1569241 1592489 1627361 1636079 1673857 1679669 1691293 1717447 1734883 1778473 1810439 1819157 1822063 1891807 1906337 1917961 1952833 1961551 1976081 2013859 2054543 2141723 2144629 2150441 2231809 2246339 2281211 2342237 2368391 2385827 2420699 2493349 2528221 2551469 2589247 2595059 2647367 2673521 2690957 2760701 2876941 2882753 2900189 2937967 2964121 2969933 2996087 3057113 3100703 3112327 3118139 3126857,5813 188891 293507 328379 354533 415559 441713 511457 616073 746843 755561 799151 816587 834023 895049 921203 947357 1078127 1200179 1269923 1296077 1374539 1426847 1487873 1592489 1627361 1636079 1679669 1810439 1819157 1906337 1976081 2054543 2141723 2150441 2246339 2368391 2385827 2420699 2551469 2595059 2647367 2673521 2690957 2760701 2882753 2969933 2996087 3057113 3100703 3118139 3126857
1459,92,49,40,17,152,86,68,35,33,17509,17509,93377,17509 26263 93377 122557 137147 253867 262621 323899 364751 393931 420193 434783 463963 525241 557339 569011 639043 674059 714911 749927 831631 837467 933761 936679 980449 1120513 1135103 1155529 1222643 1286839 1318937 1356871 1374379 1415231 1435657 1488181 1502771 1558213 1669097 1829587 1838341 1873357 1887947 1908373 1925881 1931717 1995913 2071781 2083453 2144731 2150567 2162239 2176829 2179747 2232271 2276041 2293549 2316893 2325647 2334401 2398597 2424859 2442367 2448203 2521153 2553251 2608693 2632037 2643709 2667053 2675807 2702069 2710823 2728331 2745839 2772101 2789609 2798363 2818789 2859641 2880067 2967607 2993869 3095999 3122261 3125179,93377 137147 364751 434783 557339 714911 749927 837467 933761 1135103 1222643 1318937 1415231 1669097 1887947 1931717 2071781 2150567 2176829 2316893 2325647 2334401 2448203 2553251 2632037 2667053 2675807 2702069 2728331 2772101 2789609 2798363 2859641 3095999 3122261
1471,116,77,55,36,169,104,77,46,31,26479,26479,32363,26479 32363 41189 44131 105913 120623 129449 176521 191231 202999 288317 332447 367751 370693 376577 405997 450127 494257 511909 553097 561923 573691 661951 670777 676661 703139 714907 720791 738443 759037 794341 838471 870833 891427 900253 941441 959093 967919 985571 1032643 1056179 1112077 1126787 1129729 1135613 1209163 1250351 1262119 1276829 1312133 1350379 1444523 1488653 1568087 1571029 1621043 1629869 1641637 1685767 1700477 1809331 1835809 1853461 1871113 1879939 1941721 1956431 1968199 1982909 2009387 2029981 2053517 2056459 2071169 2091763 2100589 2144719 2185907 2224153 2309471 2318297 2327123 2391847 2424209 2485991 2515411 2574251 2612497 2656627 2662511 2671337 2812553 2841973 2856683 2894929 2936117 2939059 2965537 2989073 3024377 3027319 3174419 3186187 3239143,32363 41189 120623 129449 191231 288317 332447 367751 376577 553097 561923 676661 720791 738443 870833 941441 959093 967919 985571 1056179 1126787 1135613 1250351 1276829 1312133 1444523 1488653 1568087 1621043 1629869 1700477 1956431 1982909 2009387 2053517 2071169 2185907 2309471 2318297 2424209 2485991 2574251 2662511 2671337 2936117 3024377
1481,106,64,51,38,158,97,71,52,19,2963,2963,2963,2963 8887 88861 91823 145139 195493 207341 269543 319897 322859 393947 399871 417643 438377 447263 456149 527237 580553 589439 651641 669413 678299 758273 773083 808627 891563 959689 980423 1048549 1078169 1122599 1140371 1164067 1172953 1297357 1341787 1362521 1424723 1430647 1504697 1513583 1537279 1555051 1581709 1629101 1670569 1688341 1700189 1706113 1735733 1762391 1794973 1815707 1848289 1892719 1919377 1922339 2002313 2011199 2037857 2046743 2097097 2144489 2180033 2295551 2313323 2411069 2461423 2482157 2491043 2517701 2535473 2544359 2571017 2615447 2621371 2633219 2665801 2719117 2736889 2807977 2825749 2890913 2896837 2944229 2950153 2979773 2988659 3021241 3030127 3095291 3118987 3136759 3154531 3172303 3201923 3270049,2963 91823 145139 207341 269543 322859 393947 438377 447263 456149 527237 580553 589439 651641 669413 678299 758273 891563 980423 1078169 1122599 1140371 1362521 1424723 1504697 1513583 1629101 1700189 1735733 1762391 1815707 1922339 2002313 2011199 2037857 2046743 2144489 2180033 2295551 2313323 2482157 2491043 2517701 2535473 2544359 2571017 2615447 2633219 2890913 2979773 2988659 3095291
1483,116,77,53,36,169,113,76,50,26,14831,14831,14831,14831 44491 68219 121607 142369 148301 186859 192791 213553 228383 231349 284737 290669 299567 317363 373717 379649 424139 444901 453799 462697 495323 504221 522017 524983 584303 587269 622861 658453 667351 691079 756331 765229 809719 869039 877937 934291 940223 952087 993611 1055897 1067761 1100387 1103353 1127081 1130047 1144877 1147843 1156741 1245721 1254619 1394021 1500797 1512661 1545287 1557151 1563083 1634267 1678757 1681723 1744009 1749941 1758839 1767737 1779601 1794431 1812227 1874513 1877479 1892309 1927901 2016881 2019847 2037643 2144419 2159249 2188909 2230433 2277889 2286787 2346107 2402461 2417291 2479577 2500339 2509237 2568557 2589319 2598217 2624911 2630843 2642707 2704993 2722789 2764313 2767279 2802871 2817701 2838463 2865157 2906681 2924477 2954137 2968967 3060913 3093539 3114301 3120233 3158791 3164723 3203281 3262601 3265567,14831 68219 121607 148301 192791 228383 290669 299567 317363 379649 424139 495323 504221 522017 584303 691079 869039 877937 940223 993611 1055897 1100387 1127081 1144877 1394021 1500797 1545287 1563083 1749941 1767737 1794431 1812227 1892309 1927901 2016881 2159249 2230433 2346107 2417291 2479577 2630843 2764313 2817701 2906681 2924477 2968967 3093539 3120233 3164723 3262601
1487,115,70,49,32,169,101,72,45,27,8923,8923,29741,8923 29741 83273 98143 101117 110039 124909 133831 178441 214129 223051 234947 261713 279557 321193 347959 392569 466919 484763 520451 591827 618593 624541 663203 695917 704839 740527 779189 823799 832721 868409 945733 948707 1008187 1026031 1034953 1046849 1100381 1150939 1159861 1198523 1204471 1243133 1275847 1284769 1287743 1323431 1347223 1373989 1409677 1537559 1582169 1588117 1644623 1662467 1704103 1760609 1769531 1811167 1829011 1849829 1894439 1909309 1912283 1947971 2007451 2034217 2078827 2132359 2171021 2224553 2301877 2373253 2391097 2394071 2400019 2435707 2483291 2524927 2661731 2685523 2697419 2742029 2765821 2840171 2846119 2866937 2899651 2920469 2974001 3009689 3027533 3054299 3060247 3069169 3149467 3152441 3205973 3223817 3247609 3310063,29741 83273 101117 110039 234947 261713 279557 466919 484763 520451 591827 618593 663203 779189 823799 832721 948707 1046849 1100381 1198523 1243133 1287743 1537559 1582169 1644623 1662467 1760609 1769531 1849829 1894439 1912283 2171021 2224553 2394071 2483291 2661731 2697419 2742029 2840171 2866937 2920469 3027533 3054299 3152441 3223817
1489,106,65,45,28,154,93,60,34,26,14891,14891,14891,14891 59561 62539 71473 107209 122099 139967 160813 196549 205483 220373 250153 309713 327581 354383 491371 533063 571777 580711 586667 613469 658139 696853 702809 705787 720677 845753 911269 920203 935093 938071 970829 1018477 1024433 1054213 1116751 1149509 1179289 1188223 1232893 1241827 1250761 1301387 1411573 1447309 1456243 1462199 1471133 1480067 1491979 1634923 1640879 1670659 1685549 1697461 1792757 1873163 1926767 1953569 1962503 2054821 2114381 2144161 2179897 2188831 2224567 2251369 2269237 2296039 2349643 2394313 2418137 2447917 2483653 2492587 2516411 2572993 2739761 2742739 2769541 2787409 2846969 3037561 3052451 3082231 3097121 3100099 3117967 3126901 3186461 3260911 3296647 3305581,14891 59561 122099 139967 220373 309713 327581 354383 533063 586667 613469 658139 702809 845753 935093 970829 1024433 1149509 1301387 1462199 1471133 1640879 1685549 1792757 1873163 1926767 1962503 2114381 2418137 2516411 2739761 3052451 3097121 3186461
1493,102,67,58,37,146,95,72,48,24,20903,20903,20903,20903 47777 83609 128399 134371 173189 179161 197077 200063 214993 217979 259783 289643 298601 331447 343391 376237 388181 447901 450887 513593 576299 671851 674837 680809 701711 779347 791291 824137 889829 898787 904759 916703 994339 1068989 1104821 1137667 1158569 1239191 1263079 1334743 1337729 1409393 1424323 1495987 1570637 1630357 1651259 1657231 1678133 1755769 1764727 1809517 1830419 1839377 1928957 1955831 1964789 1973747 2051383 2054369 2114089 2123047 2134991 2152907 2170823 2212627 2233529 2260403 2329081 2367899 2454493 2529143 2538101 2615737 2645597 2651569 2660527 2735177 2812813 2821771 2869547 2875519 2887463 2965099 2977043 3000931 3090511 3144259 3153217 3209951 3215923 3227867 3278629 3305503,20903 47777 83609 128399 173189 200063 217979 289643 298601 343391 388181 450887 513593 576299 674837 701711 791291 889829 898787 916703 1068989 1104821 1239191 1337729 1409393 1570637 1651259 1678133 1830419 1839377 1928957 1955831 1964789 1973747 2054369 2152907 2170823 2233529 2260403 2367899 2529143 2645597 2735177 2869547 2887463 2977043 3209951 3227867
1499,112,66,43,27,162,95,61,35,26,2999,2999,2999,2999 17989 56963 65957 110927 119921 137909 209861 227849 251833 254831 332779 341773 350767 362759 377749 395737 539641 650567 665557 674551 710527 746503 794471 830447 872419 929381 935377 965357 971353 1052299 1091273 1124251 1127249 1151233 1241173 1295137 1334111 1340107 1385077 1397069 1460027 1501999 1513991 1546969 1594937 1630913 1636909 1639907 1654897 1663891 1681879 1684877 1753831 1828781 1843771 1846769 1900733 1945703 1963691 2014657 2143571 2176549 2188541 2194537 2224517 2260493 2278481 2356429 2365423 2383411 2395403 2419387 2491339 2536309 2620253 2626249 2656229 2710193 2719187 2734177 2815123 2836109 2899067 2941039 3003997 3084943 3120919 3129913 3165889 3183877 3195869 3210859 3249833 3363757,2999 56963 65957 110927 119921 137909 209861 227849 254831 362759 650567 794471 830447 929381 965357 1091273 1127249 1334111 1397069 1460027 1513991 1594937 1639907 1684877 1846769 1900733 2143571 2260493 2278481 2395403 2620253 2719187 2836109 2899067 3249833
1511,109,64,47,27,170,97,78,44,34,9067,9067,48353,9067 18133 48353 93683 175277 190387 199453 271981 275003 290113 299179 389839 407971 426103 453301 507697 601379 607423 728303 818963 846161 888469 891491 906601 991217 1054679 1060723 1072811 1160449 1232977 1235999 1251109 1254131 1269241 1287373 1353857 1368967 1371989 1378033 1390121 1414297 1417319 1480781 1523089 1550287 1568419 1643969 1716497 1761827 1770893 1843421 1867597 1870619 1885729 1903861 1967323 1994521 2133533 2157709 2193973 2215127 2224193 2260457 2266501 2320897 2478041 2532437 2541503 2565679 2568701 2583811 2611009 2632163 2668427 2683537 2746999 2750021 2765131 2777219 2840681 2886011 2901121 2928319 2946451 2958539 3049199 3076397 3082441 3157991 3218431 3230519 3257717 3321179 3357443 3366509 3393707 3399751,48353 93683 175277 275003 601379 728303 846161 891491 991217 1054679 1072811 1235999 1254131 1353857 1371989 1390121 1417319 1480781 1643969 1716497 1761827 1770893 1870619 2133533 2215127 2224193 2260457 2478041 2532437 2541503 2632163 2668427 2750021 2777219 2840681 2886011 2958539 3076397 3157991 3230519 3257717 3321179 3366509 3393707
1523,121,79,54,38,168,112,77,56,21,94427,94427,94427,94427 100519 158393 191899 219313 228451 265003 268049 383797 411211 429487 450809 456901 496499 520867 533051 542189 566557 569603 630523 633569 660983 688397 715811 724949 731041 770639 813283 816329 825467 831559 852881 868111 886387 904663 944261 953399 962537 1014319 1044779 1060009 1081331 1087423 1151389 1218401 1251907 1270183 1279321 1346333 1437713 1465127 1492541 1507771 1529093 1635703 1647887 1663117 1693577 1708807 1720991 1736221 1784957 1821509 1858061 1882429 1922027 1955533 1967717 2004269 2059097 2074327 2101741 2110879 2120017 2165707 2177891 2275363 2284501 2287547 2333237 2351513 2366743 2397203 2461169 2506859 2579963 2589101 2595193 2607377 2625653 2634791 2653067 2659159 2668297 2686573 2695711 2744447 2805367 2808413 2872379 2908931 2954621 2972897 3106921 3161749 3170887 3183071 3207439 3283589 3402383 3463303 3466349,94427 158393 268049 450809 496499 533051 542189 569603 633569 660983 688397 715811 724949 770639 816329 825467 852881 944261 953399 962537 1044779 1081331 1218401 1346333 1437713 1492541 1529093 1647887 1693577 1720991 1784957 1821509 1858061 1922027 1967717 2004269 2059097 2177891 2333237 2397203 2461169 2506859 2579963 2589101 2607377 2625653 2634791 2808413 2872379 2908931 2954621 2972897 3183071 3283589 3402383 3466349
1531,117,79,55,38,172,110,79,50,29,9187,9187,79613,9187 55117 79613 88799 110233 146977 162287 165349 171473 208217 238837 254147 275581 303139 355193 364379 382751 437867 447053 459301 505231 514417 532789 612401 624649 639959 661393 676703 722633 759377 796121 808369 835927 854299 872671 915539 964531 982903 998213 1019647 1038019 1074763 1083949 1145189 1157437 1209491 1255421 1258483 1310537 1319723 1328909 1359529 1402397 1433017 1457513 1469761 1478947 1488133 1494257 1512629 1579993 1662667 1668791 1754527 1861697 1953557 1962743 1993363 2008673 2091347 2100533 2121967 2186269 2232199 2238323 2265881 2275067 2293439 2311811 2351617 2357741 2376113 2388361 2412857 2434291 2544523 2572081 2633321 2645569 2673127 2682313 2725181 2789483 2829289 2881343 2902777 2994637 3031381 3184481 3193667 3230411 3270217 3316147 3331457 3362077 3368201 3380449 3432503 3469247 3505991,79613 88799 162287 171473 208217 254147 355193 364379 382751 437867 447053 612401 639959 676703 722633 759377 796121 915539 998213 1209491 1255421 1310537 1319723 1328909 1402397 1457513 1494257 1512629 1668791 1861697 1962743 2008673 2091347 2100533 2238323 2265881 2293439 2311811 2357741 2376113 2412857 2633321 2725181 2789483 3193667 3230411 3331457 3368201 3432503 3505991
1543,107,67,50,31,159,94,71,42,29,6173,6173,6173,6173 18517 70979 92581 108011 117269 145043 222193 249967 277741 302429 311687 324031 342547 379579 388837 404267 450557 453643 462901 472159 533879 601771 648061 746813 749899 786931 793103 870253 913457 935059 972091 1052327 1064671 1070843 1089359 1120219 1144907 1157251 1163423 1175767 1237487 1333153 1348583 1388701 1397959 1404131 1425733 1434991 1444249 1481281 1533743 1610893 1746677 1814569 1823827 1857773 1922579 2024417 2027503 2052191 2089223 2107739 2116997 2246609 2320673 2348447 2468801 2518177 2524349 2672477 2786659 2792831 2814433 2857637 2888497 2907013 2916271 2922443 2968733 2996507 3045883 3073657 3110689 3147721 3274247 3323623 3443977 3450149 3471751 3487181 3533471 3555073 3564331,6173 70979 108011 117269 145043 302429 311687 404267 450557 533879 746813 793103 913457 1052327 1070843 1089359 1144907 1163423 1237487 1348583 1404131 1533743 1857773 1922579 2024417 2052191 2107739 2116997 2246609 2320673 2348447 2468801 2524349 2792831 2857637 2922443 2968733 2996507 3274247 3450149 3487181 3533471
1549,110,74,51,36,164,109,64,45,19,6197,6197,6197,6197 27883 46471 52667 61961 99137 120823 157999 294311 322193 353173 415133 436819 461603 511171 517367 548347 563837 631993 641287 678463 715639 824069 898421 920107 1003753 1022341 1037831 1040929 1059517 1075007 1084301 1214417 1245397 1260887 1288769 1353827 1363121 1375513 1400297 1412689 1428179 1431277 1521119 1524217 1561393 1567589 1626451 1632647 1672921 1688411 1710097 1737979 1756567 1809233 1818527 1892879 1911467 1920761 1957937 2041583 2050877 2060171 2072563 2078759 2091151 2125229 2128327 2180993 2246051 2267737 2295619 2376167 2388559 2397853 2407147 2416441 2481499 2500087 2515577 2543459 2608517 2620909 2676673 2685967 2723143 2741731 2760319 2778907 2794397 2806789 2850161 2915219 2924513 2927611 2933807 3063923 3082511 3104197 3141373 3197137 3259097 3327253 3336547 3361331 3491447 3503839 3575093 3578191,6197 52667 61961 99137 294311 322193 415133 461603 517367 563837 824069 898421 1037831 1075007 1084301 1214417 1288769 1353827 1363121 1400297 1428179 1521119 1567589 1632647 1688411 1809233 1818527 1892879 1911467 1920761 1957937 2041583 2050877 2125229 2246051 2376167 2515577 2608517 2794397 2933807 3063923 3082511 3259097 3491447 3575093
1553,105,60,44,24,152,89,61,33,28,18637,18637,86969,18637 37273 46591 86969 102499 158407 189467 217421 223633 363403 409993 437947 465901 515597 559081 590141 636731 701957 801349 841727 875893 941119 953543 1000133 1111949 1149221 1158539 1298309 1307627 1313839 1344899 1444291 1462927 1475351 1593379 1602697 1615121 1633757 1754891 1761103 1807693 1826329 1863601 1872919 1919509 1931933 1978523 1987841 1994053 2043749 2049961 2115187 2161777 2192837 2227003 2267381 2276699 2286017 2320183 2332607 2478589 2487907 2500331 2509649 2525179 2562451 2696009 2770553 2845097 2907217 2935171 2953807 2966231 2981761 3050093 3205393 3214711 3217817 3245771 3329633 3410389 3419707 3422813 3456979 3503569 3525311 3531523 3581219 3587431,86969 189467 217421 515597 590141 636731 701957 841727 953543 1000133 1111949 1149221 1158539 1298309 1307627 1344899 1475351 1615121 1931933 1978523 2043749 2192837 2276699 2286017 2509649 2696009 2770553 2845097 2966231 3050093 3245771 3329633 3525311
1559,123,65,58,26,178,102,77,41,36,3119,3119,3119,3119 65479 106013 124721 130957 152783 233851 299329 339863 358571 402223 411577 439639 448993 470819 505117 517589 526943 545651 598657 608011 636073 729613 767029 785737 816917 826271 888631 919811 982171 1122481 1191077 1244083 1253437 1265909 1284617 1322033 1328269 1346977 1356331 1496641 1499759 1612007 1636951 1696193 1702429 1714901 1758553 1767907 1780379 1855211 1889509 1898863 1908217 1986167 2032937 2039173 2085943 2135831 2154539 2182601 2229371 2310439 2322911 2329147 2444513 2500637 2591059 2609767 2640947 2650301 2665891 2684599 2762549 2824909 2834263 2837381 2884151 2912213 2946511 2949629 2983927 3043169 3071231 3099293 3133591 3239603 3273901 3277019 3292609 3348733 3351851 3395503 3398621 3442273 3451627 3460981 3492161 3510869 3557639 3601291 3623117,3119 106013 124721 152783 339863 358571 470819 517589 526943 545651 816917 826271 919811 1191077 1265909 1322033 1499759 1612007 1714901 1780379 1855211 1986167 2135831 2182601 2229371 2322911 2444513 2500637 2650301 2762549 2837381 2884151 2912213 2949629 3043169 3239603 3277019 3351851 3492161 3510869 3623117
1567,109,68,49,27,163,101,70,39,31,9403,9403,15671,9403 15671 53279 75217 90887 147299 178639 194309 272659 338473 354143 376081 391751 423091 476369 532781 611131 639337 695749 702017 742759 799171 814841 908861 937067 940201 946469 987211 993479 1049891 1062427 1081231 1165849 1181519 1184653 1200323 1203457 1231663 1237931 1275539 1297477 1331951 1344487 1369559 1378961 1388363 1466713 1472981 1560733 1567001 1576403 1661021 1755041 1786381 1839659 1880401 1896071 1927411 1936813 2059039 2093513 2124853 2178131 2200069 2328563 2331697 2375573 2435119 2453923 2472727 2488397 2500933 2516603 2544809 2566747 2610623 2613757 2735983 2773591 2779859 2782993 2817467 2845673 2858209 2873879 2892683 2924023 3008641 3055651 3065053 3300103 3306371 3353381 3365917 3384721 3394123 3441133 3503813 3532019 3616637 3629173,15671 53279 90887 147299 194309 354143 391751 476369 532781 814841 908861 937067 946469 993479 1049891 1181519 1237931 1275539 1378961 1388363 1567001 1576403 1755041 1839659 1896071 2178131 2375573 2488397 2516603 2610623 2779859 2817467 2845673 2892683 3306371 3353381 3503813 3532019 3616637
1571,100,58,44,26,153,94,70,44,26,12569,12569,12569,12569 28279 40847 59699 65983 87977 103687 160243 219941 348763 436739 471301 512147 518431 615833 653537 669247 691241 785501 876619 898613 961453 1002299 1055713 1096559 1131121 1162541 1171967 1197103 1206529 1225381 1281937 1303931 1347919 1351061 1376197 1464173 1511303 1555291 1605563 1658977 1662119 1715533 1794083 1866349 1885201 1988887 2010881 2058011 2105141 2161697 2215111 2281093 2309371 2350217 2406773 2431909 2435051 2491607 2507317 2526169 2545021 2548163 2623571 2648707 2695837 2698979 2733541 2780671 2793239 2821517 2925203 2962907 3000611 3025747 3076019 3157711 3198557 3207983 3233119 3245687 3261397 3264539 3311669 3374509 3387077 3424781 3459343 3575597 3581881 3594449 3613301 3622727 3657289,12569 40847 59699 87977 219941 436739 512147 615833 653537 691241 785501 898613 1096559 1162541 1171967 1303931 1464173 1605563 1662119 2010881 2058011 2105141 2161697 2350217 2406773 2435051 2491607 2548163 2623571 2698979 2793239 2821517 2925203 2962907 3000611 3076019 3207983 3245687 3311669 3424781 3575597 3594449 3613301 3622727
1579,116,67,58,34,166,99,75,44,31,34739,34739,34739,34739 37897 75793 91583 161059 227377 233693 243167 252641 265273 281063 312643 337907 369487 426331 442121 445279 480017 596863 634759 653707 802133 811607 852661 928453 937927 975823 1042141 1076879 1086353 1117933 1155829 1165303 1171619 1266359 1361099 1370573 1449523 1458997 1465313 1474787 1512683 1531631 1534789 1553737 1601107 1616897 1749533 1790587 1834799 1847431 1882169 1995857 2005331 2071649 2090597 2100071 2112703 2128493 2131651 2194811 2223233 2311657 2387449 2415871 2431661 2469557 2501137 2592719 2611667 2643247 2785357 2829569 2889571 2895887 2908519 2955889 2965363 3022207 3028523 3031681 3097999 3107473 3161159 3173791 3189581 3218003 3249583 3265373 3303269 3306427 3322217 3429589 3448537 3473801 3571699 3606437 3634859 3682229,34739 91583 233693 243167 252641 281063 337907 442121 480017 802133 811607 1076879 1086353 1171619 1266359 1361099 1370573 1465313 1474787 1512683 1531631 1616897 1749533 1834799 1882169 1995857 2005331 2071649 2090597 2100071 2194811 2223233 2431661 2469557 2611667 2829569 2895887 3028523 3189581 3218003 3303269 3322217 3473801 3606437
1583,118,77,56,38,170,103,76,48,28,37993,37993,69653,37993 56989 69653 79151 126641 136139 145637 180463 189961 221621 278609 294439 303937 307103 351427 370423 398917 421079 478067 493897 522391 554051 573047 588877 601541 687023 797833 800999 838991 848489 864319 905477 952967 987793 1000457 1019453 1123931 1149259 1190417 1218911 1275899 1282231 1367713 1396207 1399373 1408871 1443697 1462693 1576669 1589333 1614661 1617827 1646321 1712807 1747633 1798289 1814119 1823617 1852111 1890103 1921763 1931261 1940759 1956589 1988249 2032573 2061067 2099059 2127553 2146549 2168711 2263691 2311181 2383999 2393497 2406161 2444153 2548631 2554963 2583457 2653109 2659441 2662607 2678437 2725927 2748089 2871563 2881061 2947547 2953879 2991871 3124843 3137507 3166001 3324301 3346463 3412949 3438277 3517427 3609241 3612407 3678893 3694723,69653 79151 126641 136139 145637 221621 278609 307103 421079 478067 554051 573047 601541 687023 800999 838991 905477 1000457 1019453 1123931 1190417 1218911 1399373 1408871 1589333 1617827 1646321 1712807 1798289 1921763 1931261 1940759 1988249 2168711 2263691 2311181 2406161 2444153 2548631 2662607 2871563 2947547 3137507 3346463 3412949 3517427 3612407 3678893
1597,125,75,59,33,172,105,82,50,32,38329,38329,92627,38329 92627 124567 153313 159701 169283 249133 268297 351341 383281 421609 431191 440773 459937 475907 533399 536593 603667 638801 648383 667547 715457 744203 772949 804889 811277 830441 852799 871963 916679 964589 996529 1002917 1092349 1098737 1101931 1117901 1156229 1159423 1197751 1204139 1213721 1341481 1370227 1398973 1405361 1437301 1513957 1523539 1542703 1558673 1625747 1635329 1724761 1810999 1894043 1973893 1989863 2012221 2040967 2069713 2104847 2114429 2117623 2162339 2165533 2181503 2210249 2296487 2385919 2411471 2421053 2507291 2529649 2539231 2593529 2682961 2740453 2807527 2919317 2948063 2970421 2995973 2999167 3034301 3043883 3120539 3168449 3209971 3219553 3267463 3283433 3321761 3401611 3411193 3455909 3465491 3526177 3599639 3618803 3657131 3705041 3733787 3736981 3746563,92627 159701 169283 351341 475907 533399 638801 648383 667547 715457 744203 772949 830441 916679 964589 1002917 1098737 1117901 1156229 1204139 1213721 1405361 1625747 1635329 1989863 2104847 2114429 2162339 2181503 2296487 2411471 2421053 2507291 2593529 2919317 2948063 2995973 3034301 3043883 3120539 3168449 3283433 3321761 3455909 3465491 3599639 3618803 3657131 3705041 3733787
1601,116,69,59,32,170,105,82,46,36,19213,19213,89657,19213 57637 89657 147293 156899 211333 220939 233747 240151 272171 288181 336211 345817 393847 441877 464291 483503 493109 512321 569957 624391 627593 637199 653209 893359 896561 944591 960601 973409 989419 1066267 1107893 1155923 1184741 1200751 1203953 1219963 1232771 1251983 1434497 1450507 1488931 1492133 1517749 1536961 1556173 1594597 1613809 1626617 1761101 1770707 1789919 1825141 1834747 1857161 1876373 1885979 1892383 1998049 2036473 2084503 2126129 2289431 2324653 2334259 2363077 2411107 2529581 2555197 2574409 2577611 2587217 2593621 2644853 2660863 2699287 2702489 2721701 2804953 2843377 2862589 2949043 2961851 2977861 2981063 3045103 3073921 3086729 3105941 3141163 3150769 3163577 3169981 3198799 3374909 3477373 3486979 3499787 3535009 3595847 3634271 3653483 3663089 3698311 3701513,89657 147293 156899 233747 272171 464291 483503 493109 512321 569957 627593 637199 944591 973409 1107893 1155923 1184741 1203953 1232771 1251983 1434497 1492133 1626617 1761101 1770707 1789919 1857161 1876373 1885979 2126129 2289431 2529581 2577611 2587217 2644853 2721701 2961851 2981063 3086729 3105941 3163577 3374909 3499787 3634271 3663089 3701513
1607,113,70,47,31,161,98,66,41,25,57853,57853,70709,57853 70709 77137 134989 231409 241051 250693 253907 282833 366397 414607 417821 552809 572093 620303 655657 658871 665299 674941 713509 745649 800287 832427 877423 915991 1012411 1025267 1060621 1083119 1131329 1243819 1247033 1263103 1292029 1314527 1378807 1382021 1427017 1468799 1590931 1619857 1623071 1716277 1719491 1764487 1815911 1928401 1941257 1957327 1970183 2015179 2037677 2056961 2063389 2121241 2159809 2191949 2198377 2211233 2240159 2275513 2288369 2294797 2298011 2326937 2439427 2529419 2548703 2555131 2567987 2625839 2635481 2641909 2796181 2834749 2857247 2998663 3050087 3098297 3114367 3175433 3181861 3239713 3291137 3300779 3387557 3432553 3509689 3519331 3567541 3580397 3590039 3638249 3702529 3741097 3760381 3808591 3850373,70709 253907 282833 417821 552809 572093 620303 658871 745649 832427 1025267 1083119 1131329 1247033 1314527 1382021 1468799 1623071 1719491 1815911 1941257 1970183 2037677 2191949 2211233 2240159 2288369 2298011 2326937 2529419 2548703 2625839 2857247 3050087 3098297 3175433 3300779 3387557 3580397 3590039 3638249
1609,124,82,54,32,174,111,76,42,34,19309,19309,45053,19309 45053 67579 131939 151247 173773 222043 228479 279967 325019 344327 357199 366853 386161 431213 434431 498791 518099 521317 547061 550279 585677 617857 627511 691871 695089 730487 740141 762667 839899 875297 884951 933221 965401 994363 1042633 1129519 1158481 1203533 1255021 1271111 1283983 1300073 1322599 1390177 1406267 1438447 1525333 1531769 1573603 1599347 1628309 1637963 1660489 1689451 1805299 1824607 1840697 1863223 1901839 1911493 1930801 1937237 1998379 2008033 2072393 2075611 2162497 2172151 2191459 2207549 2236511 2268691 2316961 2323397 2362013 2432809 2497169 2510041 2529349 2564747 2574401 2635543 2751391 2780353 2786789 2799661 2844713 2902637 2915509 2944471 2973433 3012049 3086063 3118243 3137551 3153641 3182603 3185821 3230873 3263053 3272707 3288797 3349939 3494749 3523711 3636341 3658867 3703919 3723227 3803677,45053 131939 151247 325019 344327 431213 498791 518099 547061 585677 691871 730487 740141 875297 884951 933221 1203533 1271111 1300073 1406267 1531769 1599347 1628309 1637963 1840697 1937237 2072393 2207549 2323397 2497169 2564747 2574401 2786789 2844713 2902637 3086063 3153641 3182603 3288797 3636341 3703919 3723227
1613,110,66,54,31,162,98,72,43,29,32261,32261,32261,32261 38713 119363 212917 225821 241951 329053 338731 390347 493579 516161 632297 677461 687139 716173 758111 764563 880699 890377 893603 912959 922637 958123 971027 990383 1035547 1054903 1103293 1112971 1171039 1258141 1338791 1345243 1393633 1435571 1454927 1503317 1551707 1596871 1600097 1635583 1638809 1667843 1677521 1713007 1751719 1774301 1829143 1896889 1919471 1929149 1954957 1958183 2042059 2119483 2122709 2132387 2167873 2267879 2332399 2403371 2458213 2461439 2490473 2500151 2558219 2616287 2654999 2680807 2700163 2709841 2751779 2796943 2864689 2877593 2906627 3032441 3138899 3155029 3245357 3274391 3284069 3329233 3342137 3361493 3396979 3445369 3484081 3493759 3506663 3555053 3580861 3600217 3613121 3619573 3680867 3822811 3871201,32261 119363 225821 390347 516161 632297 758111 893603 912959 922637 971027 990383 1338791 1435571 1454927 1503317 1551707 1600097 1638809 1667843 1677521 1774301 1919471 1929149 1958183 2122709 2132387 2267879 2461439 2490473 2558219 2654999 2751779 2906627 3032441 3245357 3274391 3284069 3342137 3361493 3506663 3555053 3680867
1619,125,73,60,32,180,112,80,48,32,12953,12953,12953,12953 48571 71237 87427 100379 158663 178091 184567 216947 223423 323801 359419 362657 369133 372371 420941 427417 450083 456559 485701 553699 563413 602269 621697 634649 679981 692933 709123 728551 747979 757693 806263 896927 903403 906641 955211 984353 1019971 1100921 1120349 1155967 1178633 1266059 1350247 1411769 1476529 1518623 1525099 1544527 1576907 1787377 1810043 1819757 1835947 1858613 1884517 1926611 2107939 2117653 2247173 2253649 2266601 2295743 2363741 2370217 2383169 2399359 2431739 2467357 2477071 2574211 2587163 2603353 2694017 2700493 2742587 2771729 2787919 2836489 2904487 2933629 2936867 2966009 2995151 3040483 3043721 3050197 3059911 3082577 3092291 3127909 3137623 3140861 3176479 3179717 3286571 3293047 3335141 3351331 3380473 3403139 3422567 3477613 3519707 3526183 3607133 3613609 3633037 3655703 3772271 3811127 3820841,12953 71237 100379 158663 178091 216947 323801 362657 420941 450083 634649 692933 896927 906641 955211 984353 1120349 1178633 1266059 1411769 1518623 1576907 1810043 1819757 1858613 1926611 2247173 2266601 2295743 2383169 2431739 2587163 2694017 2742587 2771729 2936867 2966009 3043721 3082577 3092291 3179717 3286571 3403139 3519707 3655703 3772271 3811127 3820841
1621,109,71,56,39,157,100,76,50,26,29179,29179,45389,29179 45389 74567 194521 210731 252877 272329 278813 288539 317717 350137 366347 389041 414977 418219 531689 554383 658127 706757 716483 755387 778081 787807 807259 872099 891551 894793 911003 920729 923971 953149 969359 1030957 1037441 1056893 1066619 1147669 1186573 1202783 1231961 1293559 1309769 1348673 1377851 1397303 1436207 1478353 1484837 1507531 1552919 1650179 1672873 1727987 1799311 1864151 1980863 2003557 2019767 2052187 2058671 2078123 2110543 2120269 2155931 2233739 2236981 2301821 2399081 2489857 2564423 2574149 2626021 2635747 2642231 2655199 2694103 2703829 2710313 2781637 2791363 2817299 2963189 2995609 3034513 3089627 3147983 3160951 3190129 3225791 3323051 3342503 3374923 3391133 3478667 3663461 3666703 3789899 3802867 3819077 3906611,45389 74567 210731 278813 288539 317717 366347 414977 531689 706757 716483 755387 872099 891551 911003 920729 969359 1037441 1056893 1066619 1202783 1231961 1309769 1348673 1397303 1436207 1484837 1552919 1727987 1864151 1980863 2019767 2058671 2155931 2233739 2301821 2399081 2564423 2574149 2642231 2710313 2817299 2963189 3089627 3225791 3323051 3391133 3789899 3819077 3906611
1627,122,71,55,40,172,98,72,52,20,29287,29287,123653,29287 58573 123653 240797 309131 387227 400243 416513 445799 494609 553181 562943 575959 585721 634531 693103 761437 780961 787469 859057 966439 1041281 1070567 1080329 1103107 1138901 1148663 1177949 1197473 1216997 1220251 1246283 1259299 1269061 1356919 1373189 1441523 1454539 1480571 1509857 1513111 1519619 1571683 1607477 1685573 1705097 1708351 1783193 1815733 1822241 1900337 1978433 1991449 2001211 2050021 2137879 2147641 2163911 2193197 2255023 2290817 2333119 2339627 2352643 2359151 2447009 2466533 2479549 2515343 2534867 2544629 2652011 2681297 2733361 2772409 2778917 2879791 2905823 2967649 2993681 3042491 3162889 3280033 3315827 3364637 3377653 3416701 3481781 3530591 3589163 3611941 3650989 3657497 3709561 3719323 3755117 3764879 3934087,123653 240797 309131 387227 416513 445799 494609 553181 562943 787469 1041281 1070567 1080329 1138901 1148663 1177949 1197473 1216997 1246283 1373189 1441523 1480571 1509857 1607477 1685573 1705097 1783193 1822241 1900337 1978433 2163911 2193197 2290817 2339627 2359151 2447009 2466533 2515343 2534867 2544629 2652011 2778917 2905823 2993681 3042491 3315827 3364637 3481781 3589163 3657497 3755117 3764879
1637,120,74,62,36,178,104,84,47,37,62207,62207,62207,62207 78577 91673 111317 121139 147331 176797 186619 229181 337223 343771 376511 464909 500923 504197 530389 579499 599143 638431 680993 687541 720281 749747 759569 775939 808679 825049 913447 992023 1011667 1060777 1093517 1103339 1139353 1168819 1178641 1201559 1276861 1348889 1404547 1437287 1453657 1466753 1620631 1659919 1669741 1761413 1790879 1826893 1849811 1889099 1898921 1928387 1997141 2013511 2056073 2095361 2101909 2111731 2223047 2232869 2239417 2301623 2331089 2370377 2380199 2390021 2504611 2514433 2547173 2563543 2583187 2645393 2665037 2730517 2773079 2848381 2887669 2897491 2907313 2920409 3067739 3093931 3192151 3201973 3234713 3264179 3274001 3280549 3283823 3372221 3509729 3516277 3526099 3607949 3624319 3643963 3712717 3715991 3814211 3843677 3902609 3951719 3961541,62207 91673 111317 121139 229181 337223 376511 464909 504197 680993 720281 749747 759569 1093517 1103339 1201559 1437287 1466753 1761413 1790879 1849811 1889099 1898921 1928387 2056073 2095361 2223047 2232869 2301623 2331089 2370377 2380199 2390021 2547173 2645393 2665037 2920409 3067739 3264179 3274001 3283823 3509729 3607949 3715991 3814211 3902609 3961541
1657,115,68,56,31,169,98,79,46,33,26513,26513,26513,26513 79537 109363 159073 198841 225353 324773 394367 404309 457333 536869 553439 556753 576637 593207 603149 626347 705883 712511 775477 801989 921293 954433 974317 990887 1000829 1010771 1040597 1159901 1193041 1269263 1272577 1322287 1358741 1368683 1401823 1431649 1570837 1587407 1600663 1620547 1657001 1666943 1686827 1719967 1729909 1766363 1779619 1796189 1799503 1835957 1998343 2084507 2197183 2203811 2236951 2263463 2346313 2376139 2402651 2445733 2495443 2525269 2561723 2614747 2634631 2681027 2724109 2800331 2850041 3028997 3082021 3141673 3178127 3198011 3260977 3380281 3386909 3476387 3506213 3605633 3635459 3655343 3678541 3685169 3724937 3754763 3758077 3804473 3827671 3844241 3917149 3943661 3956917 3976801 4016569 4082849 4092791,26513 225353 324773 394367 404309 553439 593207 603149 712511 801989 921293 990887 1000829 1010771 1040597 1159901 1269263 1358741 1368683 1587407 1666943 1686827 1766363 1796189 1835957 2084507 2203811 2263463 2402651 2561723 2681027 2800331 2850041 3028997 3178127 3198011 3386909 3476387 3605633 3655343 3685169 3724937 3754763 3804473 3943661 4082849
1663,125,80,58,38,178,113,78,50,28,6653,6653,6653,6653 16631 36587 49891 69847 86477 116411 119737 166301 169627 189583 219517 226169 266081 385817 409099 449011 468967 475619 558769 598681 608659 655223 675179 705113 738373 804893 838153 884717 907999 947911 1047691 1064321 1074299 1154123 1157449 1164101 1174079 1217317 1287163 1303793 1357009 1373639 1413551 1456789 1466767 1483397 1503353 1616437 1633067 1646371 1653023 1716217 1722869 1732847 1865887 1912451 1915777 1922429 1945711 1985623 2005579 2015557 2035513 2105359 2121989 2205139 2251703 2284963 2311571 2361461 2421329 2504479 2561021 2564347 2644171 2664127 2684083 2694061 2750603 2853709 3003379 3059921 3109811 3143071 3192961 3199613 3202939 3229547 3259481 3262807 3312697 3329327 3399173 3412477 3492301 3528887 3602059 3668579 3678557 3701839 3711817 3751729 3761707 3781663 3801619 3881443 3918029 3947963 4027787 4061047 4077677 4097633,6653 16631 36587 86477 116411 166301 226169 266081 385817 475619 655223 675179 705113 804893 884717 1064321 1074299 1154123 1164101 1174079 1303793 1373639 1413551 1483397 1503353 1633067 1653023 1722869 1732847 1912451 1922429 2121989 2251703 2311571 2361461 2421329 2561021 2750603 3059921 3109811 3199613 3229547 3259481 3329327 3399173 3668579 3678557 3947963 4027787 4077677
1667,123,64,56,29,181,94,82,41,41,23339,23339,23339,23339 40009 60013 63347 113357 163367 230047 240049 263387 330067 433421 493433 590119 643463 690139 713477 760153 793493 800161 823499 930187 940189 973529 980197 983531 1033541 1080217 1113557 1143563 1180237 1193573 1213577 1313597 1333601 1380277 1430287 1490299 1493633 1600321 1650331 1673669 1700341 1710343 1750351 1773689 1790359 1833701 1863707 1890379 1943723 1950391 2113757 2143763 2163767 2190439 2200441 2240449 2290459 2333801 2363807 2383811 2410483 2510503 2660533 2813897 2830567 2843903 2900581 3033941 3100621 3130627 3240649 3330667 3400681 3410683 3424019 3544043 3574049 3584051 3600721 3610723 3614057 3634061 3660733 3724079 3780757 3800761 3874109 3894113 3984131 4014137 4034141 4074149 4114157,23339 63347 113357 163367 263387 433421 493433 643463 713477 793493 823499 973529 983531 1033541 1143563 1193573 1213577 1313597 1333601 1493633 1673669 1833701 1863707 1943723 2113757 2143763 2163767 2363807 2383811 2813897 2843903 3424019 3544043 3574049 3584051 3724079 3874109 4014137 4034141 4074149 4114157
1669,124,80,60,40,166,104,72,48,24,16691,16691,16691,16691 20029 56747 70099 130183 136859 140197 150211 156887 170239 270379 297083 320449 340477 380533 487349 530743 580813 600841 607517 617531 650911 697643 747713 757727 771079 831163 857867 917951 931303 951331 958007 968021 1001401 1018091 1038119 1058147 1091527 1098203 1168301 1191667 1198343 1248413 1301821 1398623 1442017 1458707 1488749 1492087 1502101 1532143 1588889 1602241 1618931 1642297 1672339 1782493 1792507 1889309 1899323 1922689 1959407 2042857 2049533 2102941 2119631 2132983 2139659 2169701 2189729 2309897 2403361 2420051 2470121 2500163 2523529 2560247 2673739 2693767 2733823 2800583 2904061 2920751 2950793 3020891 3060947 3070961 3074299 3171101 3174439 3361367 3471521 3474859 3491549 3511577 3571661 3585013 3595027 3785293 3995587 4002263 4052333 4055671 4095727,16691 56747 136859 156887 297083 487349 607517 617531 697643 747713 757727 857867 917951 958007 968021 1018091 1038119 1058147 1098203 1168301 1198343 1248413 1398623 1458707 1488749 1588889 1618931 1889309 1899323 1959407 2049533 2119631 2139659 2169701 2189729 2309897 2420051 2470121 2500163 2560247 2950793 3020891 3070961 3171101 3361367 3511577 3571661 4052333
1693,118,78,55,38,174,114,76,51,25,16931,16931,16931,16931 88037 128669 162529 193003 213319 260723 372461 413093 426637 443567 518059 548533 565463 585779 636569 660271 680587 768623 934537 954853 981941 1002257 1005643 1036117 1134311 1296839 1306997 1310383 1330699 1357787 1378103 1381489 1391647 1408577 1428893 1449209 1513543 1523701 1540631 1550789 1611737 1642211 1662527 1676071 1682843 1693001 1703159 1713317 1716703 1797967 1865687 1869073 1889389 1930021 1990969 2038373 2082391 2139953 2150111 2275393 2285551 2302481 2322797 2326183 2424377 2448079 2505641 2509027 2566589 2617379 2651239 2661397 2681713 2708801 2718959 2732503 2854399 2864557 2986453 2996611 3084647 3108349 3206543 3209929 3277649 3287807 3311509 3321667 3463879 3480809 3524827 3531599 3541757 3565459 3575617 3582389 3656881 3683969 3694127 3765233 3775391 3809251 3860041 3870199 3887129 3937919 4022569 4029341 4103833 4202027 4222343 4225729 4242659,16931 88037 128669 260723 372461 413093 443567 565463 585779 636569 768623 981941 1002257 1134311 1296839 1306997 1357787 1408577 1428893 1540631 1550789 1611737 1642211 1662527 1682843 1693001 1703159 1713317 1865687 2139953 2150111 2302481 2322797 2424377 2505641 2566589 2617379 2708801 3084647 3287807 3480809 3531599 3541757 3582389 3683969 3694127 3765233 3887129 3937919 4029341 4202027
1697,110,66,57,35,165,100,79,46,33,13577,13577,13577,13577 33941 44123 81457 91639 186671 315643 369947 420857 458191 509101 519283 624497 641467 655043 675407 797591 1018201 1052141 1160749 1184507 1204871 1235417 1282933 1306691 1316873 1354207 1367783 1398329 1418693 1425481 1459421 1622333 1652879 1693607 1724153 1775063 1792033 1863307 1883671 1944763 1968521 1985491 2060159 2077129 2138221 2148403 2172161 2182343 2250223 2253617 2273981 2304527 2341861 2352043 2385983 2436893 2525137 2528531 2535319 2538713 2576047 2589623 2691443 2823809 2840779 2935811 2945993 3013873 3095329 3119087 3200543 3207331 3271817 3288787 3319333 3370243 3383819 3410971 3434729 3444911 3451699 3522973 3563701 3628187 3675703 3767341 3862373 3882737 3903101 3909889 3920071 3943829 3960799 3964193 4021891 4103347 4235713 4290017 4306987,13577 33941 44123 186671 369947 420857 624497 655043 675407 797591 1052141 1184507 1204871 1235417 1306691 1316873 1367783 1398329 1418693 1459421 1622333 1652879 1693607 1724153 2060159 2172161 2182343 2253617 2304527 2385983 2436893 2528531 2538713 2691443 2823809 2945993 3119087 3200543 3271817 3383819 3444911 3882737 3903101 3943829 3964193 4290017
1699,129,75,57,38,193,110,78,47,31,20389,20389,37379,20389 37379 50971 67961 98543 118931 132523 159707 285433 305821 312617 336403 343199 394169 428149 455333 499507 540283 557273 598049 618437 730571 764551 805327 907267 968431 1009207 1036391 1039789 1056779 1060177 1117943 1240271 1294639 1304833 1321823 1332017 1355803 1376191 1447549 1467937 1484927 1515509 1525703 1549489 1566479 1586867 1627643 1678613 1699001 1824727 1831523 1892687 1943657 1974239 2008219 2018413 2035403 2069383 2079577 2127149 2140741 2157731 2161129 2198507 2222293 2229089 2249477 2324233 2381999 2517919 2538307 2606267 2701411 2854321 2925679 2942669 2952863 2973251 3024221 3088783 3190723 3282469 3333439 3350429 3370817 3435379 3472757 3588289 3635861 3656249 3676637 3710617 3792169 3809159 3911099 3945079 3972263 3975661 4057213 4094591 4108183 4159153 4165949 4179541 4199929 4261093 4267889 4281481 4298471,37379 67961 98543 118931 159707 312617 343199 394169 455333 557273 598049 618437 730571 1036391 1056779 1117943 1240271 1321823 1332017 1484927 1515509 1525703 1566479 1586867 1627643 1678613 1831523 1892687 1943657 1974239 2035403 2127149 2157731 2198507 2229089 2249477 2381999 2606267 2942669 2952863 2973251 3024221 3350429 3370817 3635861 3809159 4165949
1709,122,67,64,41,177,104,88,57,31,41017,41017,85451,41017 85451 123049 157229 194827 208499 246097 280277 331547 348637 362309 413579 434087 444341 475103 481939 495611 543463 546881 563971 567389 587897 598151 639167 646003 649421 687019 721199 844247 885263 922861 957041 987803 1097179 1168957 1192883 1233899 1244153 1281751 1285169 1322767 1356947 1435561 1438979 1466323 1500503 1521011 1609879 1654313 1674821 1695329 1835467 1896991 1910663 1938007 2033711 2084981 2143087 2218283 2238791 2443871 2584009 2614771 2638697 2730983 2771999 2823269 2925809 2963407 2994169 2997587 3004423 3055693 3079619 3117217 3182159 3199249 3219757 3243683 3253937 3294953 3301789 3414583 3418001 3459017 3486361 3500033 3537631 3592319 3609409 3619663 3674351 3705113 3776891 3783727 3817907 3858923 3937537 3951209 4132363 4204141 4258829 4310099 4327189,85451 157229 208499 280277 331547 362309 413579 434087 475103 495611 546881 567389 587897 598151 639167 649421 721199 844247 885263 957041 987803 1192883 1233899 1244153 1285169 1356947 1438979 1500503 1521011 1654313 1674821 1695329 1910663 2033711 2084981 2218283 2238791 2638697 2730983 2771999 2823269 2925809 3079619 3182159 3243683 3253937 3294953 3418001 3459017 3500033 3674351 3705113 3776891 3817907 3858923 3951209 4310099
1721,120,69,51,27,174,100,70,38,32,55073,55073,55073,55073 82609 175543 185869 189311 261593 271919 289129 320107 323549 330433 468113 509417 526627 536953 550721 561047 581699 602351 619561 753799 795103 846733 860501 922457 963761 1032601 1077347 1087673 1135861 1166839 1311403 1335497 1466293 1548901 1600531 1662487 1665929 1714117 1734769 1738211 1755421 1769189 1827703 1862123 1930963 1975709 2127157 2151251 2271721 2337119 2378423 2409401 2436937 2478241 2488567 2498893 2574617 2633131 2705413 2746717 2750159 2791463 2801789 2822441 2891281 2901607 2911933 2922259 2973889 3004867 3056497 3111569 3128779 3142547 3204503 3273343 3359393 3376603 3472979 3583123 3614101 3648521 3665731 3669173 3686383 3727687 3768991 3855041 3934207 3954859 4006489 4020257 4151053 4185473 4233661 4247429 4295617 4330037 4391993,55073 189311 261593 271919 323549 468113 509417 550721 561047 581699 602351 963761 1077347 1087673 1335497 1665929 1738211 1769189 1862123 1975709 2151251 2337119 2409401 2750159 2791463 2801789 2822441 3142547 3204503 3359393 3472979 3648521 3669173 3855041 4020257 4247429 4330037 4391993
1723,135,80,63,36,188,110,82,45,37,17231,17231,17231,17231 37907 51691 72367 79259 110273 244667 268789 286019 382507 389399 413521 423859 430751 465211 475549 482441 506563 523793 606497 640957 658187 689201 692647 723661 730553 740891 761567 827041 837379 864947 885623 992449 1002787 1044139 1106167 1113059 1154411 1178533 1278467 1292251 1299143 1330157 1485227 1557593 1561039 1681649 1695433 1774691 1785029 1829827 1850503 1888409 1902193 1912531 1974559 1984897 2026249 2043479 2088277 2139967 2212333 2274361 2291591 2346727 2456999 2481121 2508689 2522473 2560379 2622407 2653421 2656867 2708557 2756801 2780923 2801599 2915317 2922209 2932547 3108293 3139307 3215119 3256471 3308161 3328837 3380527 3452893 3463231 3501137 3542489 3573503 3763033 3794047 3835399 3945671 3987023 3997361 4031821 4049051 4083511 4090403 4093849 4100741 4204121 4228243 4245473 4310947 4369529 4403989,17231 37907 79259 110273 244667 286019 389399 430751 482441 523793 606497 658187 689201 730553 740891 761567 864947 885623 1113059 1154411 1278467 1299143 1330157 1485227 1557593 1774691 1785029 1888409 2043479 2291591 2456999 2560379 2622407 2653421 2756801 2932547 3108293 3139307 3542489 3987023 3997361 4049051 4090403 4204121 4369529
1733,128,78,55,34,196,116,88,52,36,3467,3467,3467,3467 41593 51991 55457 159437 180233 228757 242621 322339 346601 356999 398591 436717 450581 460979 564959 623881 634279 710531 717463 769453 783317 800647 925423 939287 970481 977413 1008607 1060597 1084859 1095257 1188839 1195771 1206169 1237363 1251227 1376003 1414129 1448789 1455721 1490381 1570099 1632487 1684477 1778059 1819651 1823117 1871641 1882039 1927097 1996417 2020679 2031077 2124659 2173183 2183581 2193979 2225173 2259833 2308357 2311823 2343017 2381143 2384609 2401939 2443531 2582171 2599501 2609899 2634161 2651491 2675753 2758937 2797063 2828257 2849053 2862917 2966897 3015421 3129799 3192187 3216449 3233779 3258041 3299633 3327361 3372419 3379351 3403613 3472933 3576913 3590777 3649699 3725951 3736349 3753679 3816067 3871523 3972037 4079483 4110677 4117609 4141871 4162667 4235453 4245851 4256249 4297841 4318637 4325569 4335967 4356763 4360229 4377559 4439947 4491937,3467 55457 159437 180233 242621 346601 356999 398591 450581 460979 564959 710531 783317 939287 970481 1084859 1095257 1188839 1251227 1376003 1448789 1823117 2020679 2031077 2124659 2259833 2311823 2343017 2384609 2582171 2634161 2675753 2862917 2966897 3216449 3258041 3299633 3372419 3403613 3590777 3725951 3736349 4079483 4110677 4141871 4162667 4235453 4245851 4256249 4297841 4318637 4360229
1741,121,78,54,33,187,120,76,46,30,38303,38303,38303,38303 90533 125353 174101 188029 247223 271597 313381 330791 344719 438733 501409 571049 626761 717293 741667 800861 814789 919249 936659 961033 1009781 1013263 1096831 1114241 1149061 1187363 1253521 1302269 1344053 1389319 1438067 1479851 1483333 1490297 1514671 1532081 1535563 1598239 1681807 1709663 1720109 1734037 1803677 1828051 1848943 1897691 1995187 2002151 2012597 2057863 2162323 2193661 2204107 2308567 2319013 2381689 2440883 2486149 2503559 2527933 2569717 2587127 2621947 2628911 2681141 2691587 2702033 2726407 2733371 2768191 2799529 2806493 2841313 2890061 2893543 2945773 3008449 3050233 3092017 3112909 3154693 3165139 3196477 3234779 3255671 3342721 3412361 3422807 3433253 3520303 3537713 3569051 3579497 3603871 3635209 3676993 3739669 3771007 3777971 3791899 3812791 3840647 3875467 3945107 3948589 4032157 4042603 4070459 4122689 4157509 4227149 4230631 4268933 4303753 4362947 4404731 4425623 4449997 4488299,38303 90533 174101 247223 330791 571049 717293 800861 936659 1009781 1114241 1187363 1302269 1344053 1438067 1479851 1490297 1532081 1709663 1720109 1803677 1897691 2002151 2012597 2440883 2503559 2628911 2681141 2691587 2702033 2733371 2806493 2890061 3234779 3255671 3412361 3422807 3537713 3569051 3579497 3777971 3945107 4227149 4268933 4404731 4488299
1747,125,81,59,36,193,120,84,49,35,17471,17471,17471,17471 83857 157231 185183 188677 220123 227111 262051 269039 321449 342413 345907 373859 377353 415787 419281 447233 450727 478679 520607 541571 618439 628921 670849 691813 723259 733741 775669 786151 793139 796633 838561 866513 870007 908441 1058683 1079647 1090129 1153021 1264829 1285793 1289287 1310251 1498927 1516397 1600253 1603747 1677121 1726037 1747001 1771459 1813387 1851821 1935677 1988087 1998569 2019533 2023027 2040497 2096401 2155799 2306041 2333993 2365439 2375921 2421343 2459777 2543633 2578573 2651947 2679899 2704357 2767249 2795201 2805683 2830141 2872069 2913997 2952431 2976889 2997853 3050263 3099179 3214481 3245927 3308819 3333277 3361229 3364723 3403157 3413639 3448579 3455567 3521953 3570869 3605809 3679183 3728099 3731593 3784003 3790991 3867859 3906293 3941233 4000631 4011113 4014607 4025089 4077499 4098463 4115933 4189307 4297621 4304609 4402441 4451357 4514249 4524731 4535213 4538707,17471 185183 227111 269039 321449 342413 373859 415787 447233 478679 520607 541571 793139 866513 908441 1264829 1285793 1516397 1600253 1747001 1851821 1935677 1988087 1998569 2019533 2040497 2155799 2333993 2365439 2375921 2459777 2543633 2679899 2795201 2805683 2952431 3099179 3214481 3361229 3403157 3413639 3455567 3790991 4000631 4011113 4115933 4304609 4524731 4535213
1753,132,82,59,41,190,115,81,53,28,7013,7013,7013,7013 38567 70121 147253 157771 178807 185819 196337 210361 290999 305023 333071 343589 357613 385661 410203 427733 448769 473311 546937 564467 585503 596021 652117 722237 757297 799369 806381 816899 827417 830923 869489 880007 922079 932597 957139 964151 1020247 1041283 1072837 1163993 1178017 1227101 1272679 1321763 1332281 1367341 1483039 1514593 1532123 1546147 1689893 1805591 1840651 1945831 2008939 2026469 2036987 2103601 2121131 2194757 2215793 2247347 2299937 2377069 2513803 2545357 2552369 2618983 2647031 2671573 2689103 2692609 2699621 2741693 2794283 2846873 2909981 2987113 3004643 3008149 3025679 3102811 3109823 3162413 3207991 3246557 3250063 3355243 3383291 3386797 3393809 3418351 3583133 3614687 3628711 3670783 3688313 3702337 3719867 3744409 3786481 3860107 3933733 3951263 4059949 4112539 4119551 4172141 4259791 4280827 4340429 4393019 4498199 4550789,7013 38567 70121 185819 196337 290999 333071 343589 385661 427733 448769 564467 585503 596021 722237 806381 816899 827417 869489 880007 922079 932597 964151 1163993 1227101 1321763 1332281 1532123 1805591 2026469 2036987 2121131 2215793 2299937 2552369 2689103 2741693 2794283 2846873 2909981 3004643 3109823 3162413 3383291 3393809 3583133 3614687 3951263 4172141 4340429 4393019 4498199 4550789
1759,127,84,57,41,191,130,80,58,22,38699,38699,38699,38699 49253 102023 105541 112577 197009 232189 249779 390499 401053 429197 453823 496039 506593 527701 580471 654349 671939 675457 686011 735263 745817 777479 788033 809141 844321 886537 967451 970969 1041329 1044847 1072991 1094099 1108171 1115207 1146869 1160941 1192603 1234819 1255927 1287589 1340359 1516259 1526813 1547921 1579583 1600691 1656979 1727339 1794181 1843433 1853987 1906757 1931383 1941937 1991189 2005261 2043959 2075621 2089693 2100247 2142463 2163571 2170607 2181161 2202269 2321881 2371133 2413349 2445011 2448529 2466119 2469637 2476673 2522407 2539997 2550551 2617393 2856617 2870689 2881243 2902351 2941049 3050107 3099359 3102877 3109913 3131021 3197863 3250633 3289331 3303403 3313957 3356173 3377281 3398389 3447641 3451159 3461713 3479303 3521519 3648167 3743153 3746671 3753707 3795923 3820549 3841657 3904981 3926089 3936643 3975341 3989413 4017557 4094953 4101989 4168831 4186421 4242709 4270853 4295479 4306033 4358803 4386947 4397501 4439717 4485451 4492487 4503041 4517113,38699 49253 102023 112577 197009 249779 429197 671939 735263 745817 777479 788033 809141 967451 1041329 1072991 1094099 1115207 1146869 1516259 1526813 1547921 1579583 1600691 1727339 1853987 1906757 1991189 2075621 2170607 2181161 2202269 2371133 2413349 2445011 2466119 2476673 2539997 2550551 2856617 2941049 3099359 3109913 3131021 3289331 3447641 3521519 3648167 3743153 3753707 4101989 4186421 4270853 4386947 4397501 4439717 4492487 4503041
1777,128,78,60,37,183,106,81,46,35,7109,7109,7109,7109 28433 42649 49757 71081 85297 103067 106621 209687 223903 277213 351847 373171 383833 415819 422927 476237 490453 522439 529547 593519 629059 657491 668153 764111 881393 977351 991567 1094633 1190591 1297211 1322089 1329197 1339859 1343413 1350521 1361183 1396723 1428709 1439371 1652611 1759231 1769893 1787663 1812541 1862297 1883621 1919161 1972471 2086199 2121739 2150171 2164387 2256791 2324317 2356303 2395397 2409613 2441599 2470031 2480693 2548219 2565989 2619299 2661947 2665501 2718811 2729473 2736581 2747243 2768567 2782783 2821877 2857417 2878741 2942713 3081319 3109751 3187939 3195047 3209263 3269681 3333653 3369193 3465151 3493583 3550447 3600203 3635743 3678391 3731701 3785011 3792119 3955603 3976927 4190167 4211491 4239923 4328773 4389191 4399853 4431839 4506473 4549121 4563337 4701943,7109 28433 49757 71081 103067 209687 422927 476237 529547 593519 657491 668153 881393 977351 1094633 1190591 1297211 1329197 1339859 1350521 1361183 1787663 1862297 1883621 2086199 2150171 2256791 2395397 2470031 2480693 2565989 2619299 2661947 2736581 2747243 2821877 3109751 3195047 3269681 3333653 3493583 3600203 4399853 4431839 4506473 4549121
1783,123,72,58,37,176,106,80,53,27,21397,21397,39227,21397 39227 60623 74887 92717 178301 188999 267451 285281 310243 360167 385129 392261 502807 509939 545599 627617 641881 702503 738163 748861 759559 788087 813049 823747 862973 873671 877237 884369 916463 927161 952123 1059103 1087631 1187479 1237403 1248101 1269497 1301591 1397873 1462061 1497721 1558343 1572607 1590437 1733077 1740209 1775869 1807963 1857887 2007659 2032621 2086111 2232317 2246581 2267977 2300071 2310769 2339297 2392787 2446277 2638841 2660237 2749387 2756519 2810009 2820707 2906291 2941951 2963347 2984743 3109553 3230797 3344909 3387701 3398399 3434059 3494681 3516077 3558869 3680113 3708641 3712207 3819187 3837017 3869111 3872677 3922601 4022449 4040279 4065241 4104467 4129429 4247107 4297031 4361219 4407577 4439671 4510991 4514557 4521689 4546651 4585877 4610839 4628669 4717819,39227 60623 92717 178301 188999 285281 360167 392261 509939 627617 702503 788087 862973 873671 884369 916463 927161 1087631 1237403 1248101 1269497 1301591 1397873 1462061 1558343 1740209 1857887 2007659 2232317 2339297 2392787 2446277 2638841 2660237 2756519 2820707 2906291 3344909 3387701 3398399 3494681 3516077 3558869 3708641 3837017 3922601 4040279 4104467 4297031 4361219 4510991 4521689 4585877
1787,137,81,63,32,205,120,88,46,42,10723,10723,185849,10723 53611 64333 171553 185849 225163 246607 321661 335957 407437 471769 525379 536101 571841 582563 589711 614729 657617 686209 707653 761263 782707 814873 836317 872057 882779 900649 954259 997147 1000721 1161551 1179421 1215161 1247327 1279493 1329529 1372417 1383139 1404583 1547543 1565413 1586857 1633319 1640467 1704799 1708373 1901369 1922813 1940683 1997867 2051477 2062199 2090791 2122957 2180141 2230177 2315953 2330249 2337397 2348119 2351693 2358841 2426747 2437469 2533967 2562559 2641187 2691223 2705519 2766277 2776999 2852053 2887793 2941403 2959273 3012883 3027179 3037901 3066493 3080789 3091511 3205879 3216601 3313099 3338117 3377431 3531113 3548983 3584723 3616889 3638333 3688369 3709813 3713387 3731257 3763423 3913531 3927827 3949271 3956419 3977863 3992159 4031473 4035047 4142267 4213747 4217321 4335263 4342411 4410317 4442483 4460353 4474649 4503241 4589017 4592591 4624757 4653349 4674793 4689089,185849 335957 571841 582563 614729 657617 882779 1000721 1161551 1215161 1247327 1279493 1547543 1633319 1708373 1901369 1922813 1997867 2051477 2062199 2180141 2330249 2351693 2437469 2533967 2641187 2705519 2941403 3027179 3037901 3080789 3091511 3338117 3531113 3584723 3616889 3638333 3713387 3927827 4035047 4142267 4217321 4410317 4474649 4592591 4689089
1789,118,71,60,36,180,107,79,47,32,17891,17891,17891,17891 32203 42937 50093 125231 157433 232571 254039 329177 343489 382847 425783 429361 450829 468719 500921 586793 611839 633307 640463 661931 686977 704867 719179 729913 790739 865877 876611 912391 1016153 1080557 1105603 1170007 1187897 1212943 1309549 1359641 1434779 1445513 1470559 1556431 1663771 1681661 1792579 1814047 1856983 1867717 1878451 1885607 1896341 1971479 1985791 2003681 2007259 2039461 2093131 2143223 2218361 2232673 2304233 2404417 2415151 2468821 2615519 2672767 2690657 2704969 2790841 2948273 3091393 3120017 3198733 3209467 3241669 3259559 3359743 3495707 3560111 3574423 3638827 3710387 3789103 3849929 3860663 3871397 3957269 3971581 3989471 3993049 4032407 4046719 4111123 4132591 4193417 4218463 4257821 4290023 4336537 4368739 4397363 4443877 4476079 4486813 4647823 4658557 4722961 4773053,17891 50093 125231 157433 232571 254039 329177 382847 425783 468719 500921 586793 640463 661931 704867 790739 865877 876611 1016153 1080557 1187897 1359641 1434779 1445513 1681661 1885607 1896341 1971479 2003681 2143223 2218361 2304233 2615519 2690657 2948273 3120017 3259559 3495707 3849929 3871397 3957269 3989471 4032407 4193417 4257821 4290023 4397363
1801,129,86,58,34,198,126,90,50,40,21613,21613,39623,21613 39623 82847 104459 158489 162091 234131 237733 255743 280957 334987 410629 432241 507883 515087 518689 540301 551107 569117 612341 633953 677177 702391 752819 756421 842869 882491 936521 1055387 1113019 1199467 1217477 1239089 1264303 1296721 1336343 1347149 1372363 1426393 1498433 1534453 1584881 1674931 1725359 1739767 1761379 1768583 1847827 1855031 1865837 1876643 1923469 1941479 1955887 1977499 1999111 2017121 2020723 2074753 2117977 2125181 2172007 2182813 2319689 2334097 2352107 2377321 2452963 2485381 2561023 2625859 2687093 2719511 2723113 2777143 2784347 2827571 2863591 2885203 2957243 2982457 3025681 3076109 3079711 3112129 3162557 3241801 3252607 3263413 3313841 3349861 3360667 3382279 3403891 3432707 3468727 3475931 3486737 3551573 3594797 3616409 3630817 3746081 3821723 3857743 3868549 3940589 3994619 3998221 4019833 4156709 4171117 4225147 4235953 4300789 4322401 4394441 4408849 4416053 4426859 4462879 4534919 4614163 4664591 4711417 4718621,39623 82847 104459 158489 234131 255743 515087 569117 612341 633953 677177 752819 882491 936521 1055387 1217477 1239089 1336343 1347149 1498433 1584881 1725359 1768583 1855031 1876643 1941479 2017121 2125181 2319689 2687093 2719511 2784347 2827571 2957243 3432707 3475931 3486737 3551573 3616409 3746081 3821723 3940589 3994619 4156709 4394441 4416053 4426859 4534919 4664591 4718621
1811,132,84,67,42,195,124,88,55,33,3623,3623,3623,3623 10867 14489 47087 54331 86929 231809 239053 271651 307871 380311 391177 402043 416531 449129 467239 536057 557789 579521 608497 619363 630229 644717 706291 709913 720779 738889 760621 807707 916367 927233 938099 959831 992429 1014161 1035893 1054003 1068491 1155419 1242347 1318409 1358251 1445179 1521241 1532107 1542973 1684231 1753049 1785647 1825489 1894307 1948637 1970369 1992101 2002967 2013833 2118871 2140603 2165957 2184067 2205799 2209421 2281861 2328947 2350679 2357923 2426741 2437607 2510047 2683903 2727367 2730989 2752721 2817917 2879491 2883113 2966419 2988151 3046103 3056969 3111299 3143897 3219959 3270667 3296021 3368461 3426413 3477121 3487987 3509719 3524207 3564049 3600269 3716173 3763259 3868297 3871919 3879163 3933493 3944359 3966091 3980579 4042153 4143569 4150813 4176167 4194277 4205143 4273961 4284827 4324669 4346401 4350023 4415219 4531123 4541989 4556477 4574587 4585453 4599941 4628917 4683247 4795529 4817261,3623 14489 47087 231809 307871 416531 449129 536057 557789 579521 644717 709913 720779 916367 927233 938099 959831 992429 1014161 1035893 1155419 1242347 1318409 1753049 1785647 1894307 1948637 1970369 1992101 2013833 2165957 2209421 2328947 2350679 2437607 2730989 2752721 2817917 3046103 3056969 3143897 3219959 3296021 3426413 3524207 3600269 3763259 4143569 4176167 4273961 4350023 4415219 4556477 4599941 4795529
1823,126,75,62,38,192,112,94,58,36,10939,10939,25523,10939 25523 43753 65629 98443 153133 185947 211469 262513 266159 277097 419291 426583 459397 473981 517733 572423 594299 601591 605237 638051 678157 703679 710971 787537 802121 918793 940669 966191 988067 1020881 1039111 1086509 1137553 1159429 1206827 1323499 1359959 1392773 1465693 1513091 1542259 1578719 1589657 1622471 1633409 1640701 1750081 1870399 1936027 1961549 2023531 2103743 2136557 2289689 2344379 2355317 2559493 2563139 2570431 2636059 2679811 2825651 2847527 2869403 2880341 2902217 2942323 3033473 3062641 3073579 3120977 3139207 3172021 3281401 3328799 3412657 3492869 3503807 3543913 3565789 3580373 3591311 3613187 3646001 3700691 3722567 3762673 3821009 3839239 3930389 3948619 3996017 4072583 4145503 4211131 4233007 4254883 4313219 4324157 4397077 4451767 4564793 4575731 4637713 4706987 4761677 4805429 4867411 4911163 4925747 4958561,25523 211469 266159 277097 419291 473981 517733 572423 594299 605237 638051 703679 802121 966191 988067 1020881 1206827 1359959 1392773 1513091 1578719 1589657 1622471 1633409 1961549 2103743 2136557 2289689 2344379 2355317 2563139 2825651 2847527 2869403 2880341 2902217 3033473 3120977 3492869 3503807 3580373 3591311 3613187 3646001 3700691 3722567 3821009 3930389 3996017 4313219 4324157 4564793 4575731 4706987 4761677 4805429 4925747 4958561
1831,132,77,66,37,181,112,83,49,34,10987,10987,40283,10987 40283 95213 194087 219721 260003 314933 347891 358877 413807 468737 472399 505357 523667 600569 670147 677471 725077 747049 856909 897191 911839 933811 999727 1029023 1065643 1116911 1208461 1237757 1263391 1314659 1347617 1391561 1402547 1424519 1461139 1479449 1505083 1523393 1556351 1570999 1578323 1666211 1669873 1680859 1809029 1831001 1834663 1852973 1922551 2010439 2028749 2043397 2065369 2142271 2230159 2248469 2263117 2318047 2361991 2438893 2526781 2548753 2592697 2724529 2819741 2852699 2929601 2951573 2966221 3017489 3043123 3054109 3061433 3152983 3207913 3259181 3372703 3471577 3478901 3566789 3647353 3746227 3768199 3863411 3929327 3954961 4006229 4009891 4094117 4105103 4240597 4280879 4295527 4372429 4390739 4471303 4500599 4504261 4570177 4592149 4643417 4647079 4669051 4709333 4753277 4808207 4811869 4855813 4874123 4983983 5009617,40283 95213 194087 260003 314933 347891 358877 413807 468737 523667 600569 677471 897191 1029023 1116911 1237757 1314659 1347617 1391561 1402547 1424519 1479449 1523393 1556351 1578323 1666211 1831001 1852973 2028749 2248469 2819741 2852699 2929601 2951573 3017489 3061433 3259181 3566789 3863411 3929327 4006229 4094117 4105103 4280879 4390739 4500599 4643417 4808207 4874123
1847,130,72,65,35,194,114,93,53,40,11083,11083,125597,11083 55411 88657 110821 125597 158843 254887 258581 269663 277051 302909 380483 424811 565183 568877 731413 735107 757271 786823 845927 930889 975217 1063873 1141447 1145141 1196857 1244879 1252267 1267043 1433273 1466519 1507153 1621667 1632749 1651219 1706629 1762039 1784203 1828531 1872859 1917187 1939351 2009537 2042783 2064947 2098193 2209013 2260729 2364161 2452817 2537779 2630129 2696621 2707703 2814829 2818523 2836993 2840687 2892403 2918261 2929343 2981059 2992141 3003223 3017999 3080797 3084491 3102961 3206393 3224863 3250721 3261803 3413257 3416951 3446503 3468667 3524077 3546241 3579487 3690307 3778963 3782657 3812209 3849149 3856537 3860231 4033849 4037543 4070789 4089259 4115117 4133587 4155751 4188997 4222243 4303511 4355227 4388473 4458659 4525151 4635971 4691381 4709851 4780037 4846529 4853917 4887163 4890857 4913021 4942573 4957349 4975819 4986901 5068169,125597 158843 258581 269663 302909 380483 424811 568877 735107 757271 845927 1145141 1244879 1267043 1433273 1466519 1621667 1632749 2009537 2042783 2064947 2098193 2209013 2364161 2452817 2707703 2818523 2840687 2918261 2929343 3017999 3084491 3206393 3250721 3261803 3416951 3782657 3849149 3860231 4037543 4070789 4115117 4303511 4458659 4525151 4635971 4691381 4780037 4846529 4890857 4913021 4957349 5068169
1861,143,86,64,41,207,128,84,56,28,74441,74441,74441,74441 85607 89329 133993 167491 200989 219599 241931 264263 290317 308927 375923 442919 610409 681127 703459 710903 722069 800231 856061 859783 867227 893281 915613 934223 945389 967721 1001219 1071937 1116601 1127767 1183597 1302701 1351087 1373419 1425527 1429249 1481357 1518577 1596739 1674901 1686067 1693511 1771673 1782839 1816337 1861001 1927997 1976383 2006159 2009881 2032213 2050823 2095487 2106653 2143873 2233201 2262977 2289031 2318807 2378359 2396969 2423023 2434189 2508629 2586791 2664953 2702173 2754281 2791501 2869663 2921771 2944103 2955269 2970157 2981323 2999933 3033431 3081817 3092983 3111593 3145091 3215809 3390743 3416797 3439129 3472627 3491237 3569399 3602897 3681059 3684781 3707113 3718279 3774109 3852271 3893213 3904379 3937877 3986263 4016039 4049537 4071869 4097923 4109089 4153753 4254247 4265413 4276579 4284023 4321243 4332409 4373351 4384517 4596671 4667389 4674833 4712053 4723219 4741829 4797659 4868377 4890709 4909319 4931651 4968871 5099141 5102863,74441 85607 219599 241931 264263 308927 375923 442919 610409 710903 722069 800231 856061 867227 934223 945389 967721 1001219 1302701 1425527 1481357 1693511 1771673 1782839 1816337 1861001 1927997 2006159 2106653 2262977 2318807 2396969 2508629 2586791 2664953 2754281 2921771 2955269 3111593 3145091 3390743 3491237 3569399 3602897 3681059 3893213 3904379 3937877 4016039 4049537 4071869 4284023 4384517 4596671 4797659 5099141
1867,142,76,56,27,199,109,77,40,37,67213,67213,175499,67213 175499 179233 186701 220307 224041 291253 365933 380869 410741 444347 466751 511559 649717 683323 728131 758003 795343 802811 814013 884959 996979 1041787 1071659 1097797 1108999 1150073 1221019 1232221 1265827 1318103 1489867 1586951 1669099 1769917 1803523 1867001 1881937 1900607 1960351 1971553 2023829 2128381 2139583 2236667 2251603 2315081 2326283 2341219 2427101 2460707 2494313 2527919 2628737 2639939 2643673 2695949 2722087 2755693 2789299 2845309 2890117 2912521 2919989 2946127 2957329 2968531 3035743 3076817 3136561 3181369 3192571 3203773 3360601 3394207 3435281 3491291 3528631 3592109 3659321 3707863 3782543 3804947 3816149 3864691 4066327 4077529 4144741 4230623 4301569 4357579 4413589 4469599 4544279 4548013 4701107 4757117 4779521 4805659 4824329 4850467 4872871 4981157 4992359 5037167 5048369 5108113 5126783 5149187,175499 186701 220307 365933 410741 444347 466751 511559 758003 802811 814013 1071659 1150073 1318103 1586951 1867001 1900607 2315081 2326283 2427101 2460707 2527919 2628737 2695949 2919989 3076817 3435281 3491291 3592109 3782543 3816149 4230623 4701107 4757117 4779521 4824329 4981157 5048369 5126783 5149187
1871,127,83,59,40,194,124,83,56,27,22453,22453,48647,22453 48647 56131 112261 160907 190843 235747 239489 291877 314329 351749 441557 508913 527623 583753 598721 733433 744659 767111 819499 823241 1044019 1077697 1100149 1126343 1137569 1201183 1216151 1257313 1305959 1362089 1403251 1474349 1519253 1627771 1676417 1687643 1698869 1807387 1833581 1856033 1863517 1919647 1968293 1987003 2013197 2031907 2099263 2125457 2132941 2144167 2147909 2204039 2260169 2293847 2316299 2451011 2484689 2518367 2525851 2596949 2615659 2630627 2727919 2761597 2784049 2840179 2967407 2974891 3045989 3124571 3180701 3191927 3199411 3259283 3277993 3322897 3367801 3379027 3427673 3461351 3483803 3491287 3513739 3547417 3596063 3603547 3648451 3704581 3708323 3798131 3872971 3951553 4041361 4075039 4108717 4191041 4220977 4224719 4243429 4265881 4333237 4370657 4378141 4389367 4467949 4494143 4527821 4557757 4583951 4640081 4658791 4774793 4819697 4830923 4883311 4931957 4954409 4976861 5018023 5107831 5156477 5167703 5175187,48647 160907 239489 351749 441557 508913 598721 733433 744659 767111 823241 1126343 1137569 1216151 1305959 1362089 1474349 1519253 1676417 1687643 1698869 1833581 1856033 1968293 2013197 2125457 2204039 2260169 2293847 2316299 2451011 2596949 2630627 3045989 3124571 3180701 3191927 3259283 3461351 3483803 3596063 3708323 3798131 4191041 4224719 4370657 4527821 4583951 4640081 4774793 4819697 4830923 4931957 4976861 5156477 5167703
1873,138,88,61,38,196,119,86,49,37,67429,67429,97397,67429 97397 134857 176063 191047 213523 254729 269713 299681 393331 400823 423299 471997 505711 513203 535679 550663 584377 648059 681773 685519 696757 741709 794153 827867 854089 884057 910279 917771 921517 929009 1067611 1108817 1153769 1209959 1221197 1224943 1247419 1258657 1277387 1292371 1348561 1356053 1367291 1427227 1460941 1505893 1685701 1704431 1741891 1786843 1843033 2022841 2045317 2064047 2123983 2142713 2210141 2221379 2236363 2255093 2288807 2333759 2348743 2378711 2404933 2446139 2483599 2502329 2551027 2595979 2625947 2715851 2742073 2772041 2929373 2978071 2989309 3034261 3157879 3191593 3232799 3266513 3281497 3356417 3360163 3416353 3502511 3584923 3596161 3637367 3738509 3753493 3832159 3839651 3963269 3978253 4045681 4053173 4124347 4131839 4169299 4176791 4203013 4281679 4326631 4513931 4615073 4776151 4817357 4851071 4877293 4907261 4929737 4967197 5079577 5124529 5176973 5236909,97397 176063 254729 299681 400823 423299 513203 535679 648059 681773 794153 827867 884057 917771 929009 1108817 1153769 1209959 1221197 1277387 1356053 1367291 1704431 2064047 2142713 2210141 2221379 2255093 2288807 2333759 2378711 2502329 2715851 2772041 3232799 3266513 3356417 3502511 3637367 3738509 3963269 4053173 4131839 4513931 4615073 4817357 4851071 4929737 5176973
1877,130,71,61,36,196,105,83,45,38,15017,15017,15017,15017 71327 93851 101359 112621 127637 138899 202717 236503 240257 251519 281551 337861 409187 427957 476759 488021 506791 555593 611903 653197 664459 713261 780833 833389 870929 889699 991057 994811 1013581 1047367 1081153 1175003 1197527 1208789 1231313 1276361 1287623 1310147 1321409 1332671 1407751 1591697 1610467 1621729 1625483 1726841 1734349 1914541 1948327 2072209 2121011 2233631 2267417 2334989 2413823 2582753 2601523 2729159 2774207 2995693 3097051 3134591 3153361 3187147 3202163 3224687 3265981 3311029 3367339 3416141 3592579 3615103 3705199 3727723 3731477 3765263 3772771 3817819 3829081 3922931 3975487 4013027 4065583 4099369 4121893 4125647 4257037 4272053 4290823 4380919 4392181 4418459 4549849 4587389 4594897 4684993 4730041 4835153 4880201 4887709 4992821 5101687 5112949 5263109,15017 71327 93851 127637 138899 240257 251519 409187 476759 488021 555593 611903 713261 780833 870929 994811 1175003 1197527 1208789 1231313 1276361 1310147 1321409 1332671 1591697 1726841 2121011 2233631 2267417 2334989 2582753 2774207 3134591 3202163 3224687 3416141 3731477 3765263 3922931 4013027 4125647 4418459 4587389 4880201 5263109
1879,132,83,57,35,190,120,80,53,27,78919,78919,154079,78919 112741 146563 154079 157837 169111 202933 270577 326947 402107 439687 458477 492299 514847 541153 597523 605039 616313 653893 774149 789181 834277 841793 909437 992113 1010903 1059757 1104853 1112369 1172497 1180013 1183771 1206319 1225109 1236383 1285237 1296511 1352881 1386703 1405493 1428041 1431799 1454347 1506959 1521991 1563329 1567087 1578361 1600909 1642247 1653521 1668553 1691101 1736197 1743713 1781293 1811357 1826389 1935371 2085691 2277349 2329961 2356267 2363783 2457733 2544167 2577989 2649391 2671939 2702003 2705761 2724551 2769647 2931241 3040223 3066529 3209333 3310799 3325831 3438571 3457361 3479909 3491183 3547553 3592649 3603923 3626471 3630229 3652777 3727937 3795581 3930869 4009787 4024819 4036093 4047367 4111253 4137559 4156349 4178897 4190171 4193929 4280363 4348007 4419409 4453231 4472021 4487053 4562213 4565971 4611067 4656163 4720049 4798967 4911707 5069543 5114639 5129671 5193557 5227379,154079 402107 458477 492299 514847 605039 616313 774149 841793 909437 1010903 1112369 1180013 1225109 1236383 1428041 1506959 1642247 1653521 1743713 1811357 1935371 2329961 2363783 2544167 2577989 2702003 2724551 2769647 3040223 3209333 3310799 3457361 3479909 3491183 3547553 3592649 3603923 3626471 3727937 3795581 4009787 4111253 4178897 4190171 4472021 4562213 4720049 4798967 4911707 5069543 5193557 5227379
1889,135,86,64,37,196,125,86,53,33,37781,37781,37781,37781 45337 56671 60449 83117 185123 204013 241793 309797 343799 366467 434471 468473 476029 487363 510031 612037 646039 706487 819827 895387 929389 952057 989837 1023839 1076731 1091843 1190071 1193849 1250519 1280743 1394083 1450753 1507423 1590539 1715213 1745437 1802107 1870111 1873889 2009897 2055233 2096791 2100569 2187463 2266801 2281913 2300803 2304581 2312137 2380141 2425477 2440589 2463257 2508593 2531261 2538817 2576597 2595487 2621933 2652157 2701271 2746607 2799499 2810833 2837279 2867503 2912839 2935507 2961953 2980843 2984621 3037513 3086627 3116851 3120629 3139519 3154631 3211301 3252859 3256637 3343531 3434203 3490873 3502207 3513541 3607991 3626881 3649549 3672217 3698663 3755333 3842227 3857339 3880007 3970679 3989569 4046239 4084019 4174691 4265363 4295587 4306921 4386259 4424039 4442929 4533601 4594049 4605383 4628051 4650719 4707389 4730057 4760281 4900067 5115413 5122969 5126747 5156971 5179639 5190973 5194751 5258977 5296757 5315647,37781 60449 83117 185123 241793 309797 343799 366467 434471 468473 706487 819827 989837 1023839 1091843 1193849 1250519 1590539 1715213 2009897 2100569 2304581 2440589 2463257 2508593 2531261 2621933 2701271 2746607 2837279 2961953 2984621 3086627 3120629 3154631 3211301 3256637 3607991 3698663 3755333 3857339 3880007 3970679 4084019 4174691 4265363 4628051 4650719 4707389 4730057 5115413 5126747 5296757
1901,124,78,56,33,189,116,80,49,31,91249,91249,152081,91249 148279 152081 186299 231923 239527 357389 364993 380201 410617 456241 631133 718579 809827 832639 866857 912481 1003729 1018937 1132997 1178621 1197631 1212839 1235651 1254661 1311691 1315493 1418147 1429553 1520801 1722307 1760327 1783139 1790743 1802149 1862981 1874387 1897199 1904803 1920011 1961833 1999853 2011259 2075893 2262191 2292607 2319221 2349637 2361043 2463697 2486509 2513123 2547341 2558747 2566351 2600569 2714629 2786867 2809679 2832491 2866709 2885719 2942749 2969363 2988373 3037799 3091027 3151859 3205087 3208889 3227899 3250711 3341959 3414197 3433207 3478831 3596693 3604297 3627109 3672733 3744971 3832417 3870437 3893249 3927467 3946477 3969289 3995903 4030121 4052933 4087151 4106161 4140379 4197409 4231627 4269647 4300063 4452143 4459747 4463549 4630837 4634639 4714481 4790521 4824739 4942601 4965413 4984423 5068067 5166919 5258167 5284781 5315197 5338009 5341811 5360821,152081 186299 231923 380201 631133 1132997 1178621 1212839 1235651 1315493 1418147 1429553 1520801 1760327 1783139 1862981 1874387 1897199 1920011 1999853 2011259 2262191 2319221 2513123 2547341 2558747 2786867 2832491 2866709 2969363 3037799 3151859 3208889 3744971 3870437 3893249 3927467 3995903 4030121 4052933 4269647 4452143 4634639 4714481 4942601 4965413 5068067 5284781 5341811
1907,142,92,73,51,204,140,95,66,29,34327,34327,72467,34327 72467 148747 205957 209771 240283 263167 274609 320377 335633 343261 369959 381401 389029 438611 472937 492007 495821 541589 583543 598799 675079 743731 758987 873407 903919 907733 949687 1006897 1041223 1056479 1067921 1121317 1170899 1212853 1228109 1361599 1373041 1388297 1411181 1468391 1487461 1582811 1594253 1613323 1628579 1640021 1647649 1670533 1697231 1742999 1788767 1800209 1811651 1937513 1956583 1960397 2036677 2074817 2143469 2223563 2265517 2337983 2372309 2383751 2395193 2429519 2475287 2494357 2509613 2601149 2704127 2723197 2814733 2818547 2837617 2875757 2955851 2963479 3081713 3104597 3116039 3157993 3173249 3196133 3253343 3375391 3459299 3470741 3505067 3535579 3630929 3649999 3718651 3730093 3775861 3859769 3871211 3947491 3962747 3993259 4031399 4050469 4077167 4100051 4130563 4153447 4176331 4187773 4244983 4317449 4386101 4393729 4565359 4611127 4626383 4634011 4660709 4668337 4717919 4817083 4832339 4855223 4874293 4908619 4912433 4920061 4946759 5068807 5072621 5118389 5137459 5164157 5244251 5251879 5278577 5297647 5366299 5389183 5415881,72467 209771 335633 369959 381401 438611 472937 495821 541589 598799 758987 873407 907733 1056479 1067921 1170899 1228109 1388297 1411181 1468391 1582811 1594253 1628579 1640021 1697231 1742999 1788767 1811651 1937513 1960397 2074817 2143469 2223563 2372309 2383751 2395193 2475287 2509613 2601149 2818547 2875757 2955851 3104597 3116039 3173249 3196133 3253343 3459299 3470741 3505067 3630929 3859769 3962747 4077167 4100051 4317449 4626383 4660709 4717919 4855223 4912433 5072621 5118389 5164157 5244251 5415881
1913,130,72,61,35,195,107,86,55,31,49739,49739,49739,49739 80347 137737 172171 198953 218083 229561 355819 382601 505033 573901 642769 669551 726941 922067 967979 1094237 1174583 1209017 1228147 1262581 1289363 1300841 1312319 1323797 1381187 1480663 1618399 1668137 1691093 1714049 1782917 1805873 1825003 1828829 1863263 1997173 2035433 2092823 2111953 2184647 2203777 2226733 2238211 2410381 2414207 2517509 2551943 2571073 2582551 2586377 2620811 2651419 2689679 2708809 2743243 2815937 2823589 2861849 2972803 2984281 3087583 3091409 3202363 3225319 3320969 3328621 3355403 3412793 3539051 3619397 3653831 3699743 3711221 3826001 3959911 3998171 4067039 4120603 4135907 4177993 4181819 4200949 4235383 4308077 4350163 4373119 4422857 4480247 4514681 4583549 4591201 4595027 4671547 4709807 4751893 4832239 4847543 4870499 5019713 5061799 5145971 5176579 5226317 5318141 5387009 5398487,49739 198953 382601 669551 726941 922067 1094237 1174583 1209017 1289363 1300841 1312319 1323797 1381187 1668137 1691093 1714049 1782917 1805873 1828829 1863263 2035433 2092823 2184647 2414207 2517509 2551943 2586377 2689679 2861849 3320969 3355403 3412793 3539051 3619397 3711221 3826001 3998171 4067039 4135907 4181819 4308077 4422857 4480247 4583549 4595027 4709807 4847543 4870499 5019713 5145971 5226317 5318141 5387009 5398487
1931,142,85,68,43,200,120,88,57,31,11587,11587,73379,11587 23173 34759 73379 127447 139033 281927 301237 328271 455717 544543 559991 594749 687437 710609 729919 753091 822607 868951 892123 977087 1104533 1139291 1162463 1181773 1197221 1220393 1274461 1324667 1382597 1425079 1498457 1510043 1521629 1564111 1587283 1622041 1625903 1633627 1660661 1730177 1830589 1834451 1869209 1927139 2008241 2019827 2085481 2108653 2158859 2239961 2251547 2309477 2378993 2390579 2413751 2425337 2433061 2564369 2687953 2703401 2803813 2815399 2850157 2861743 2877191 2966017 3004637 3023947 3120497 3247943 3294287 3302011 3305873 3375389 3383113 3487387 3491249 3533731 3549179 3568489 3614833 3630281 3641867 3699797 3730693 3769313 3804071 3931517 4058963 4078273 4105307 4147789 4182547 4186409 4290683 4325441 4337027 4402681 4425853 4472197 4518541 4522403 4645987 4727089 4812053 4823639 4846811 5039911 5055359 5078531 5148047 5225287 5271631 5321837 5379767 5410663 5445421 5457007 5484041,73379 281927 328271 455717 559991 594749 687437 710609 977087 1104533 1139291 1162463 1197221 1220393 1324667 1382597 1498457 1510043 1660661 1730177 1834451 1869209 1927139 2008241 2019827 2158859 2239961 2251547 2309477 2378993 2413751 2425337 2703401 2877191 3004637 3120497 3247943 3294287 3305873 3375389 3549179 3630281 3699797 3769313 3804071 3931517 4058963 4105307 4290683 4325441 4337027 4823639 4846811 5055359 5078531 5321837 5379767
1933,146,86,71,39,215,131,101,58,43,23197,23197,88919,23197 88919 104383 115981 127579 139177 158507 185569 251291 313147 332477 359539 463921 483251 494849 533509 568303 591499 610829 726809 784799 811861 831191 881449 939439 1005161 1063151 1086347 1090213 1101811 1132739 1171399 1322173 1353101 1380163 1399493 1530937 1596659 1654649 1693309 1747433 1762897 1875011 2060579 2076043 2145631 2168827 2188157 2226817 2234549 2269343 2308003 2342797 2350529 2377591 2385323 2396921 2454911 2466509 2539963 2570891 2574757 2597953 2679139 2737129 2748727 2841511 2922697 2965223 2969089 3081203 3119863 3189451 3208781 3212647 3371153 3405947 3433009 3444607 3521927 3548989 3560587 3614711 3626309 3641773 3684299 3734557 3780949 3885331 3893063 3896929 4020641 4078631 4128889 4256467 4264199 4275797 4356983 4360849 4380179 4418839 4426571 4465231 4511623 4523221 4554149 4569613 4627603 4670129 4681727 4739717 4762913 4836367 4859563 4878893 4971677 5010337 5052863 5087657 5103121 5161111 5203637 5308019 5335081 5416267 5439463 5458793 5462659 5470391 5509051 5520649,88919 158507 251291 332477 483251 494849 610829 726809 784799 831191 1005161 1063151 1086347 1132739 1353101 1399493 1596659 1654649 1747433 1875011 2060579 2188157 2234549 2269343 2350529 2385323 2396921 2454911 2466509 2570891 2965223 3081203 3208781 3371153 3405947 3521927 3614711 3626309 3684299 3893063 4020641 4078631 4264199 4275797 4356983 4380179 4426571 4681727 4739717 4762913 4878893 4971677 5052863 5087657 5203637 5308019 5458793 5470391
1949,148,92,69,46,218,134,94,59,35,93553,93553,132533,93553 132533 155921 233881 261167 315739 327433 339127 397597 409291 526231 573007 608089 623681 647069 666559 678253 682151 728927 799091 818581 853663 865357 892643 916031 962807 1114829 1126523 1169401 1184993 1216177 1227871 1266851 1333117 1372097 1391587 1418873 1485139 1500731 1520221 1524119 1535813 1582589 1594283 1602079 1664447 1672243 1757999 1793081 1839857 1906123 1991879 2034757 2062043 2120513 2140003 2143901 2198473 2280331 2284229 2315413 2327107 2366087 2401169 2483027 2494721 2529803 2549293 2572681 2619457 2654539 2658437 2670131 2751989 2829949 2853337 2900113 2962481 2970277 2997563 3063829 3102809 3180769 3192463 3395159 3449731 3570569 3582263 3601753 3629039 3699203 3730387 3894103 3898001 3917491 4011043 4120187 4155269 4174759 4237127 4268311 4303393 4307291 4354067 4373557 4408639 4482701 4517783 4564559 4623029 4634723 4646417 4654213 4693193 4700989 4712683 4775051 4927073 4958257 5016727 5032319 5067401 5168749 5238913 5266199 5289587 5309077 5320771 5344159 5414323 5484487 5531263 5628713 5659897,132533 155921 261167 623681 647069 682151 728927 799091 892643 916031 962807 1114829 1126523 1184993 1266851 1372097 1418873 1500731 1524119 1535813 1582589 1594283 1664447 1757999 1793081 1839857 1991879 2062043 2120513 2143901 2284229 2366087 2401169 2483027 2494721 2529803 2658437 2670131 2751989 2962481 2997563 3102809 3395159 3570569 3582263 3629039 3898001 4237127 4307291 4354067 4482701 4517783 4564559 4623029 4634723 4646417 4775051 5032319 5266199
1951,133,83,67,48,194,124,93,65,28,42923,42923,42923,42923 78041 113159 128767 140473 206807 218513 234121 265337 312161 421417 491653 503359 557987 604811 667243 678949 737479 760891 780401 792107 803813 815519 838931 850637 932579 979403 1014521 1026227 1084757 1108169 1123777 1147189 1299367 1404721 1424231 1435937 1552997 1634939 1670057 1740293 1814431 1826137 1857353 1943197 1962707 2021237 2044649 2068061 2091473 2130493 2224141 2235847 2294377 2317789 2341201 2372417 2430947 2528497 2540203 2594831 2598733 2782127 2828951 2832853 2840657 2887481 2899187 2949913 3074777 3125503 3156719 3160621 3172327 3180131 3254269 3390839 3554723 3566429 3718607 3730313 3765431 3788843 3894197 3917609 3991747 4011257 4015159 4058081 4069787 4073689 4097101 4155631 4354633 4413163 4467791 4471693 4483399 4619969 4647283 4658989 4717519 4725323 4783853 4830677 4939933 5029679 5076503 5092111 5193563 5205269 5267701 5287211 5302819 5345741 5454997 5513527 5544743 5556449 5560351 5572057 5583763 5618881 5650097,42923 78041 113159 206807 218513 265337 312161 557987 604811 780401 792107 803813 815519 838931 850637 932579 979403 1014521 1026227 1084757 1108169 1424231 1435937 1552997 1634939 1670057 1740293 1857353 1962707 2021237 2044649 2068061 2091473 2372417 2430947 2594831 2782127 2828951 2840657 2899187 3074777 3156719 3180131 3390839 3554723 3718607 3730313 3765431 3894197 4011257 4058081 4069787 4467791 4619969 4725323 4783853 4830677 5029679 5076503 5193563 5205269 5345741 5544743 5556449 5650097
1973,133,89,60,37,192,119,77,45,32,3947,3947,3947,3947 11839 23677 39461 47353 122327 142057 157841 201247 228869 240707 295951 335411 343303 378817 382763 394601 414331 497197 544549 603739 615577 639253 643199 655037 714227 722119 773417 832607 876013 891797 911527 994393 1006231 1029907 1128557 1136449 1164071 1302181 1349533 1467913 1483697 1550779 1598131 1609969 1649429 1704673 1720457 1740187 1767809 1779647 1823053 1965109 2036137 2288681 2347871 2355763 2367601 2438629 2592523 2616199 2631983 2651713 2726687 2746417 2774039 2809553 2900311 3042367 3077881 3160747 3188369 3200207 3243613 3267289 3342263 3425129 3460643 3484319 3610591 3622429 3673727 3681619 3697403 3732917 3740809 3752647 3768431 3859189 3894703 3906541 3918379 3969677 3977569 4107787 4143301 4194599 4230113 4309033 4735201 4798337 4857527 4881203 4912771 4952231 5078503 5149531 5295533 5390237 5409967 5425751 5445481 5587537 5591483 5670403 5709863 5729593 5769053 5824297,3947 39461 122327 157841 228869 240707 335411 382763 394601 643199 655037 714227 773417 832607 891797 1128557 1164071 1483697 1649429 1720457 1767809 1779647 2288681 2347871 2631983 2726687 2774039 3188369 3200207 3342263 3425129 3460643 3484319 3673727 3697403 3732917 3768431 3969677 4194599 4230113 4798337 4952231 5295533 5425751 5769053
1979,133,77,66,41,195,113,93,58,35,106867,106867,193943,106867 193943 205817 261229 300809 403717 439339 455171 550163 609533 657029 668903 692651 716399 819307 854929 878677 890551 918257 973669 1009291 1084493 1108241 1128031 1151779 1163653 1203233 1413007 1488209 1618823 1626739 1662361 1690067 1737563 1769227 1856303 1876093 1927547 1994833 2006707 2018581 2081909 2093783 2165027 2172943 2212523 2291683 2351053 2600407 2628113 2671651 2675609 2699357 2790391 2924963 3103073 3122863 3126821 3150569 3162443 3174317 3233687 3281183 3293057 3364301 3431587 3483041 3490957 3530537 3585949 3704689 3740311 3756143 3779891 3823429 3863009 3882799 3981749 4041119 4100489 4112363 4120279 4310263 4349843 4452751 4456709 4488373 4539827 4571491 4611071 4618987 4670441 4729811 4737727 4832719 4951459 4955417 5062283 5093947 5165191 5169149 5181023 5260183 5347259 5371007 5390797 5537243 5580781 5644109 5739101 5794513 5806387 5865757,193943 205817 300809 455171 550163 609533 657029 668903 692651 716399 918257 1084493 1108241 1203233 1488209 1618823 1690067 1737563 1856303 1927547 2081909 2165027 2212523 2628113 2675609 2699357 2924963 3103073 3126821 3150569 3162443 3174317 3233687 3281183 3293057 3364301 3483041 3530537 3756143 3779891 3863009 3981749 4041119 4100489 4112363 4349843 4456709 4539827 4611071 4670441 4729811 5062283 5169149 5347259 5371007 5537243 5644109 5739101
1987,140,82,69,36,207,122,89,50,39,31793,31793,31793,31793 59611 139091 151013 178831 190753 234467 286129 353687 417271 437141 536491 663659 675581 723269 751087 774931 842489 914021 925943 941839 973631 1069007 1140539 1168357 1180279 1188227 1192201 1223993 1247837 1283603 1299499 1371031 1390901 1510121 1569731 1665107 1681003 1728691 1764457 1915469 1979053 1998923 2014819 2022767 2034689 2086351 2141987 2193649 2217493 2253259 2420167 2511569 2535413 2539387 2583101 2595023 2610919 2702321 2833463 2897047 3040111 3052033 3095747 3171253 3278551 3290473 3358031 3433537 3445459 3457381 3489173 3513017 3608393 3624289 3691847 3695821 3751457 3791197 3815041 3886573 3934261 3946183 3954131 3989897 4061429 4065403 4073351 4109117 4148857 4192571 4204493 4323713 4347557 4423063 4502543 4542283 4562153 4649581 4697269 4709191 4804567 4840333 4860203 5003267 5015189 5138383 5241707 5281447 5293369 5313239 5341057 5444381 5519887 5575523 5599367 5603341 5674873 5698717 5730509 5782171 5817937,31793 139091 151013 234467 353687 437141 663659 675581 723269 842489 914021 925943 973631 1069007 1188227 1223993 1247837 1283603 1510121 1569731 1665107 1915469 1998923 2034689 2511569 2535413 2583101 2595023 2702321 2833463 3095747 3358031 3489173 3513017 3691847 3751457 3954131 3989897 4061429 4073351 4192571 4204493 4323713 4502543 4562153 5003267 5015189 5241707 5313239 5730509
1993,146,88,70,43,217,135,102,59,43,11959,11959,67763,11959 23917 59791 67763 167413 223217 263077 283007 330839 366713 406573 478321 522167 605873 609859 669649 737411 765313 801187 849019 904823 916781 976571 980557 1064263 1147969 1195801 1267549 1287479 1299437 1387129 1454891 1562513 1614331 1662163 1694051 1757827 1801673 1937197 1945169 2056777 2112581 2164399 2172371 2196287 2232161 2279993 2339783 2459363 2471321 2523139 2535097 2555027 2559013 2578943 2654677 2734397 2774257 2818103 2834047 2917753 2929711 2997473 3061249 3097123 3129011 3176843 3228661 3236633 3252577 3308381 3312367 3332297 3336283 3368171 3380129 3487751 3511667 3527611 3571457 3619289 3726911 3738869 3750827 3798659 3850477 3874393 3946141 4029847 4113553 4173343 4245091 4288937 4292923 4312853 4352713 4376629 4456349 4468307 4484251 4516139 4603831 4627747 4651663 4663621 4731383 4771243 4914739 4950613 4982501 5042291 5054249 5066207 5070193 5129983 5149913 5333269 5341241 5345227 5440891 5452849 5500681 5572429 5580401 5652149 5692009 5711939 5723897 5739841 5751799 5759771 5823547 5831519 5847463 5931169,67763 223217 283007 330839 366713 522167 605873 737411 904823 916781 976571 1287479 1299437 1454891 1562513 1694051 1801673 1945169 2112581 2172371 2196287 2232161 2279993 2339783 2459363 2471321 2578943 2734397 2997473 3129011 3176843 3236633 3308381 3332297 3368171 3380129 3487751 3511667 3619289 3726911 3738869 3750827 3798659 4288937 4312853 4468307 4516139 4731383 4982501 5042291 5054249 5066207 5149913 5341241 5580401 5711939 5723897 5759771 5831519
1997,145,87,64,41,208,128,89,55,34,87869,87869,87869,87869 107839 147779 239641 251623 291563 315527 395407 399401 515227 527209 531203 555167 575137 627059 659011 674987 734897 770843 806789 826759 934597 946579 1018471 1066399 1154267 1178231 1198201 1274087 1330003 1369943 1377931 1509733 1525709 1569643 1609583 1645529 1765349 1773337 1813277 1845229 1869193 1917121 1933097 2036941 2052917 2064899 2076881 2112827 2132797 2168743 2288563 2316521 2348473 2384419 2436341 2532197 2628053 2723909 2747873 2755861 2827753 2875681 2891657 2903639 2963549 3047423 3083369 3107333 3163249 3187213 3223159 3275081 3283069 3342979 3370937 3550667 3574631 3606583 3610577 3630547 3694451 3706433 3726403 3742379 3894151 3922109 4121809 4193701 4245623 4265593 4293551 4425353 4473281 4529197 4545173 4581119 4629047 4641029 4649017 4664993 4720909 4724903 4732891 4748867 4780819 4808777 4840729 4868687 4900639 5044423 5128297 5152261 5168237 5188207 5252111 5272081 5439829 5463793 5559649 5563643 5607577 5683463 5743373 5763343 5803283 5887157 5907127,87869 147779 291563 315527 399401 531203 555167 627059 674987 734897 770843 806789 1154267 1178231 1274087 1369943 1525709 1609583 1645529 1765349 1933097 2052917 2064899 2076881 2316521 2436341 2628053 2747873 2891657 2903639 2963549 3047423 3107333 3275081 3370937 3550667 3574631 3610577 3706433 3742379 3922109 4245623 4425353 4545173 4629047 4664993 4748867 4868687 5168237 5252111 5563643 5683463 5743373 5803283 5887157
1999,132,75,63,36,202,118,94,56,38,47977,47977,67967,47977 67967 167917 215893 295853 335833 379811 395803 475763 479761 487757 547727 595703 707647 715643 739631 763619 895553 923539 1007497 1039481 1043479 1067467 1079461 1103449 1147427 1159421 1175413 1279361 1307347 1355323 1399301 1543229 1555223 1643179 1663169 1687157 1835083 1919041 1963019 2022989 2026987 2086957 2158921 2166917 2202899 2254873 2314843 2362819 2418791 2442779 2562719 2658671 2698651 2722639 2806597 2862569 2886557 2922539 2994503 3094453 3118441 3222389 3274363 3358321 3418291 3462269 3486257 3498251 3514243 3618191 3654173 3778111 3814093 3934033 4001999 4017991 4037981 4041979 4073963 4085957 4133933 4181909 4313843 4401799 4421789 4425787 4521739 4533733 4545727 4577711 4653673 4685657 4761619 4785607 4793603 4833583 4853573 4985507 5025487 5121439 5165417 5273363 5301349 5321339 5325337 5441279 5493253 5513243 5597201 5625187 5661169 5673163 5721139 5757121 5777111 5805097 5837081,67967 295853 379811 475763 487757 547727 595703 715643 739631 763619 895553 1039481 1147427 1159421 1279361 1399301 1543229 1555223 1663169 1687157 1963019 2022989 2166917 2202899 2418791 2442779 2562719 2658671 2862569 2922539 2994503 3222389 3462269 3486257 3498251 3654173 4001999 4037981 4073963 4085957 4133933 4181909 4313843 4421789 4577711 4685657 4793603 4853573 4985507 5165417 5273363 5321339 5441279 5513243 5777111 5837081
2003,144,90,76,48,217,136,105,66,39,4007,4007,4007,4007 72109 120181 132199 168253 172259 288433 304457 360541 400601 468703 604907 664997 733099 745117 793189 809213 869303 929393 973459 1025537 1069603 1085627 1093639 1109663 1129693 1153729 1181771 1249873 1261891 1289933 1309963 1333999 1350023 1362041 1434149 1506257 1590383 1602401 1626437 1662491 1686527 1734599 1814719 1854779 1962941 1994989 2023031 2043061 2083121 2103151 2131193 2203301 2215319 2275409 2383571 2391583 2427637 2551823 2587877 2643961 2684021 2744111 2756129 2828237 2864291 2968447 2996489 3032543 3064591 3176759 3256879 3284921 3308957 3328987 3353023 3365041 3389077 3425131 3437149 3533293 3549317 3597389 3665491 3737599 3837749 3849767 3869797 3953923 4006001 4114163 4146211 4258379 4266391 4270397 4290427 4318469 4374553 4378559 4474703 4486721 4510757 4566841 4570847 4590877 4594883 4614913 4679009 4739099 4759129 4795183 4799189 4831237 4855273 5015513 5039549 5107651 5147711 5167741 5267891 5275903 5287921 5360029 5400089 5520269 5540299 5576353 5580359 5588371 5612407 5628431 5640449 5756623 5768641 5796683 5940899,4007 172259 304457 400601 604907 809213 869303 929393 1025537 1085627 1109663 1181771 1289933 1350023 1362041 1434149 1506257 1590383 1602401 1662491 1686527 1734599 1854779 1962941 2023031 2083121 2131193 2203301 2215319 2275409 2383571 2551823 2587877 2684021 2744111 2756129 2828237 2864291 2996489 3032543 3176759 3284921 3308957 3549317 3597389 3837749 3849767 4006001 4114163 4270397 4378559 4474703 4486721 4510757 4570847 4594883 4679009 4799189 5015513 5267891 5400089 5520269 5580359 5640449 5796683 5940899
2011,140,92,64,44,208,130,85,54,31,116639,116639,116639,116639 152837 193057 201101 241321 253387 261431 297629 313717 325783 374047 422311 434377 466553 506773 615367 627433 663631 707873 744071 768203 820489 876797 880819 900929 1025611 1037677 1178447 1190513 1226711 1278997 1443899 1492163 1508251 1544449 1580647 1612823 1665109 1701307 1713373 1721417 1773703 1785769 1805879 1809901 1830011 1834033 1846099 1942627 2023067 2095463 2107529 2228189 2256343 2292541 2304607 2336783 2364937 2377003 2397113 2449399 2590169 2626367 2630389 2771159 2775181 2795291 2811379 2819423 2831489 2907907 2915951 2928017 2952149 3012479 3040633 3161293 3193469 3253799 3354349 3378481 3414679 3422723 3458921 3519251 3555449 3583603 3603713 3700241 3776659 3953627 4001891 4042111 4062221 4219079 4315607 4375937 4416157 4460399 4520729 4536817 4641389 4681609 4766071 4850533 4858577 4930973 4971193 5007391 5051633 5140117 5224579 5280887 5309041 5381437 5389481 5393503 5429701 5449811 5654933 5691131 5703197 5731351 5755483 5803747 5815813 5864077 5972671 6053111 6057133,116639 152837 201101 261431 297629 466553 707873 744071 768203 876797 900929 1178447 1190513 1226711 1443899 1492163 1612823 1721417 1805879 1830011 2023067 2095463 2107529 2228189 2336783 2397113 2590169 2626367 2771159 2795291 2819423 2831489 2915951 2928017 3012479 3193469 3253799 3422723 3458921 3519251 3603713 3700241 3953627 4001891 4062221 4219079 4641389 4930973 5051633 5280887 5389481 5449811 5654933 5691131
2017,137,85,68,40,191,115,90,54,36,8069,8069,8069,8069 48409 56477 72613 80681 121021 157327 189599 201701 229939 278347 338857 363061 375163 419537 480047 532489 540557 556693 564761 601067 613169 734189 758393 879413 907651 927821 1121453 1157759 1181963 1185997 1230371 1266677 1379629 1464343 1512751 1561159 1609567 1645873 1666043 1694281 1871777 1908083 1944389 1972627 1984729 2008933 2125919 2210633 2226769 2259041 2287279 2359891 2392163 2452673 2601931 2674543 2759257 2795563 2819767 2839937 2916583 2936753 2940787 2960957 2997263 3021467 3045671 3086011 3178793 3215099 3243337 3324017 3376459 3497479 3505547 3618499 3679009 3723383 3747587 3783893 3848437 3929117 3933151 4042069 4066273 4183259 4211497 4352687 4356721 4413197 4425299 4477741 4538251 4546319 4780291 4848869 4860971 4933583 4949719 4961821 5022331 5078807 5284541 5324881 5373289 5397493 5502377 5599193 5635499 5748451 5821063 5978389 6022763 6087307,8069 56477 80681 189599 201701 419537 480047 540557 564761 601067 613169 734189 758393 879413 927821 1121453 1157759 1181963 1266677 1666043 1871777 1908083 1944389 2125919 2210633 2259041 2392163 2452673 2839937 2936753 2960957 2997263 3021467 3045671 3178793 3324017 3505547 3747587 3783893 3929117 4183259 4352687 4413197 4425299 4546319 4848869 4860971 4933583 5078807 5284541 5502377 5599193 5635499 6022763
2027,145,84,65,37,214,123,91,55,36,16217,16217,16217,16217 48649 60811 72973 121621 182431 198647 231079 271619 316213 320267 401347 405401 486481 498643 514859 547291 583777 595939 709451 721613 741883 758099 831071 887827 940529 1183769 1439171 1520251 1536467 1617547 1654033 1739167 1743221 1852679 1913489 1933759 1974299 2140513 2217539 2225647 2229701 2359429 2387807 2509427 2529697 2582399 2590507 2643209 2655371 2704019 2736451 2752667 2809423 2813477 2825639 2858071 2906719 2991853 3020231 3093203 3129689 3149959 3198607 3263471 3275633 3360767 3393199 3397253 3441847 3466171 3502657 3539143 3563467 3579683 3636439 3640493 3689141 3697249 3701303 3810761 3891841 3952651 4013461 4151297 4208053 4236431 4293187 4475617 4516157 4597237 4682371 4759397 4795883 4803991 4864801 4893179 4917503 4966151 4998583 5002637 5014799 5026961 5099933 5148581 5185067 5326957 5339119 5363443 5399929 5412091 5525603 5549927 5647223 5708033 5939111 5959381 5971543 5995867 5999921 6048569 6093163 6121541,16217 198647 271619 320267 405401 514859 709451 721613 758099 831071 940529 1439171 1536467 1743221 1852679 1913489 1974299 2217539 2229701 2387807 2509427 2582399 2643209 2655371 2704019 2752667 2813477 3020231 3129689 3275633 3360767 3397253 3579683 3640493 3689141 3701303 3810761 4151297 4236431 4759397 4795883 4893179 4917503 4966151 5002637 5014799 5099933 5185067 5525603 5549927 5708033 5939111 5999921 6048569 6121541
2029,131,83,66,41,192,118,91,55,36,36523,36523,56813,36523 56813 109567 219133 267829 353047 389569 401743 426091 474787 543773 547831 592469 608701 653339 677687 775079 791311 848123 860297 872471 876529 908993 961747 969863 1018559 1034791 1144357 1225517 1286387 1363489 1420301 1424359 1444649 1456823 1505519 1529867 1542041 1570447 1582621 1643491 1680013 1724651 1911319 1984363 2069581 2248133 2394221 2410453 2422627 2564657 2576831 2613353 2641759 2674223 2698571 2795963 2921761 3019153 3067849 3088139 3100313 3213937 3234227 3372199 3416837 3433069 3457417 3465533 3489881 3550751 3579157 3599447 3640027 3676549 3713071 3757709 3895681 3915971 3920029 3940319 3952493 4013363 4159451 4175683 4281191 4285249 4427279 4439453 4480033 4540903 4573367 4585541 4889891 4893949 4938587 4975109 5040037 5076559 5109023 5169893 5210473 5218589 5234821 5259169 5320039 5332213 5380909 5417431 5575693 5595983 5624389 5989609 6022073 6034247 6070769 6082943 6155987,56813 543773 592469 653339 677687 775079 848123 860297 872471 908993 969863 1018559 1225517 1286387 1420301 1444649 1456823 1505519 1529867 1542041 1724651 2248133 2394221 2564657 2576831 2613353 2674223 2698571 2795963 3088139 3100313 3234227 3416837 3465533 3550751 3599447 3757709 3915971 3940319 3952493 4013363 4159451 4281191 4427279 4439453 4585541 4975109 5109023 5218589 5595983 6022073 6034247 6070769 6082943 6155987
2039,139,92,67,46,210,131,94,60,34,4079,4079,4079,4079 28547 85639 224291 293617 342553 367021 407801 456737 489361 538297 628013 701417 750353 774821 795211 831913 856381 921629 1015423 1039891 1056203 1064359 1068437 1088827 1125529 1211167 1251947 1321273 1325351 1431379 1435457 1443613 1606733 1627123 1639357 1651591 1712761 1716839 1778009 1822867 1859569 1863647 1912583 1920739 1985987 1994143 2067547 2083859 2177653 2202121 2238823 2365241 2414177 2434567 2487581 2536517 2548751 2556907 2597687 2654779 2715949 2801587 2830133 2838289 2891303 2899459 2923927 2936161 3034033 3038111 3135983 3184919 3209387 3258323 3266479 3319493 3405131 3490769 3527471 3551939 3576407 3633499 3637577 3735449 3772151 3808853 3853711 4004597 4037221 4065767 4139171 4220731 4224809 4237043 4269667 4298213 4392007 4420553 4453177 4465411 4481723 4551049 4604063 4677467 4856899 4991473 5032253 5064877 5093423 5154593 5162749 5179061 5203529 5227997 5338103 5346259 5382961 5407429 5423741 5460443 5505301 5542003 5749981 5835619 5876399 5888633 6059909 6092533 6104767 6194483,4079 28547 224291 407801 456737 628013 701417 750353 774821 921629 1056203 1068437 1251947 1325351 1435457 1606733 1716839 1778009 1863647 1912583 1985987 2083859 2365241 2414177 2487581 2536517 2548751 2597687 2891303 3038111 3135983 3184919 3209387 3319493 3405131 3490769 3527471 3551939 3576407 3637577 3735449 3772151 3808853 4004597 4065767 4139171 4237043 4298213 4420553 4481723 4604063 4677467 5093423 5179061 5338103 5423741 5460443 5888633 6059909 6194483
2053,139,87,62,44,210,137,93,70,23,94439,94439,94439,94439 143711 168347 217619 246361 320269 328481 353117 381859 414707 418813 492721 500933 599477 628219 698021 702127 849943 862261 907427 923851 948487 956699 1005971 1047031 1059349 1079879 1276967 1301603 1437101 1478161 1490479 1625977 1695779 1712203 1798429 1868231 1933927 1942139 1958563 2020153 2044789 2053001 2077637 2139227 2250089 2385587 2389693 2426647 2471813 2525191 2599099 2631947 2816717 2841353 2882413 2902943 2915261 2944003 2968639 2989169 3026123 3050759 3104137 3223211 3247847 3264271 3309437 3420299 3457253 3473677 3531161 3559903 3678977 3695401 3707719 3740567 3744673 3888383 3974609 4023881 4036199 4077259 4126531 4134743 4196333 4200439 4233287 4262029 4294877 4311301 4344149 4385209 4467329 4541237 4582297 4602827 4606933 4631569 4652099 4701371 4742431 4750643 4767067 4787597 4890247 4898459 5033957 5095547 5120183 5124289 5198197 5235151 5243363 5247469 5317271 5329589 5346013 5378861 5444557 5489723 5502041 5543101 5617009 5690917 5736083 5760719 5789461 5851051 5871581 5875687 5896217 5933171 5937277 6068669 6191849 6265757,94439 143711 168347 217619 328481 353117 414707 500933 599477 698021 907427 956699 1005971 1079879 1276967 1301603 1695779 1868231 1942139 2077637 2139227 2250089 2385587 2471813 2631947 2816717 2841353 2902943 2915261 2989169 3026123 3050759 3223211 3247847 3309437 3420299 3531161 3678977 3740567 3888383 3974609 4036199 4134743 4196333 4233287 4294877 4344149 4467329 4541237 4602827 4652099 4701371 4750643 4787597 4898459 5033957 5095547 5120183 5243363 5317271 5329589 5378861 5489723 5502041 5736083 5871581 5896217 5933171 6068669 6265757
2063,134,81,63,41,196,115,92,58,34,4127,4127,4127,4127 12379 165041 173293 189797 272317 321829 350711 371341 457987 462113 474491 482743 507499 581767 647783 693169 709673 746807 804571 833453 854083 866461 895343 928351 1002619 1167659 1188289 1217171 1241927 1262557 1328573 1373959 1464731 1534873 1600889 1609141 1621519 1638023 1662779 1724669 1757677 1807189 1848449 1910339 1930969 2054749 2096009 2104261 2157899 2207411 2256923 2294057 2364199 2479727 2500357 2525113 2529239 2714909 2776799 2785051 2875823 2912957 2995477 3020233 3403951 3519479 3527731 3593747 3692771 3742283 3779417 3841307 3890819 3923827 3973339 4002221 4088867 4175513 4187891 4212647 4361183 4373561 4505593 4608743 4769657 4777909 4856303 5054351 5066729 5074981 5103863 5186383 5202887 5227643 5310163 5326667 5376179 5475203 5561849 5631991 5644369 5681503 5743393 5830039 5883677 5933189 6106481 6151867 6238513 6263269 6279773 6312781 6337537 6366419,4127 165041 189797 350711 462113 474491 709673 746807 833453 895343 1167659 1217171 1241927 1328573 1464731 1600889 1638023 1662779 1724669 1848449 1910339 2096009 2157899 2207411 2256923 2294057 2479727 2529239 2714909 2776799 3519479 3692771 3742283 3779417 3841307 3890819 4002221 4088867 4175513 4187891 4212647 4361183 4373561 4608743 4769657 4856303 5054351 5066729 5103863 5202887 5227643 5376179 5475203 5561849 5883677 5933189 6106481 6279773
2069,143,92,62,41,212,129,84,55,29,4139,4139,4139,4139 62071 78623 103451 153107 211039 252419 277247 351731 422077 537941 583459 595873 699323 761393 782083 831739 844153 856567 910361 960017 972431 1055191 1084157 1092433 1179331 1208297 1228987 1257953 1266229 1282781 1320023 1390369 1452439 1576579 1580717 1655201 1663477 1700719 1779341 1816583 1837273 1862101 1866239 1899343 1911757 1961413 1990379 2011069 2097967 2201417 2358661 2362799 2482801 2507629 2549009 2561423 2606941 2635907 2644183 2673149 2697977 2768323 2855221 2896601 2946257 2983499 3103501 3107639 3128329 3194537 3231779 3277297 3331091 3339367 3368333 3430403 3513163 3517301 3537991 3579371 3629027 3678683 3749029 3786271 3835927 3910411 3926963 4075931 4084207 4125587 4146277 4286969 4382143 4431799 4609733 4634561 4655251 4671803 4680079 4758701 4870427 4932497 4944911 4965601 4990429 5002843 5126983 5193191 5201467 5292503 5342159 5387677 5400091 5404229 5478713 5511817 5549059 5565611 5623543 5627681 5809753 5871823 5921479 6008377 6024929 6161483 6298037 6372521,4139 78623 103451 153107 252419 277247 351731 537941 699323 910361 960017 972431 1084157 1208297 1257953 1282781 1320023 1580717 1655201 1816583 1866239 1990379 2201417 2362799 2549009 2561423 2635907 2673149 2697977 2896601 2946257 2983499 3107639 3231779 3331091 3430403 3517301 3579371 3629027 3678683 3926963 4609733 4634561 4671803 4932497 4944911 5292503 5342159 5478713 5565611 5627681 6024929 6161483 6298037 6372521
2081,151,106,71,51,218,145,104,74,30,12487,12487,41621,12487 41621 66593 87403 116537 129023 141509 191453 249721 274693 303827 324637 412039 416201 437011 453659 478631 541061 640949 649273 665921 678407 686731 699217 703379 774133 790781 828239 849049 936451 978071 1036339 1115417 1123741 1136227 1140389 1165361 1265249 1327679 1336003 1385947 1460863 1489997 1523293 1573237 1585723 1598209 1664801 1689773 1760527 1852091 1960303 2064353 2101811 2114297 2126783 2251643 2259967 2272453 2309911 2314073 2364017 2451419 2476391 2488877 2509687 2534659 2538821 2559631 2576279 2659519 2696977 2751083 2771893 2813513 2913401 2959183 3096529 3113177 3133987 3175607 3188093 3200579 3308791 3387869 3408679 3412841 3437813 3446137 3521053 3620941 3625103 3637589 3762449 3824879 3874823 3908119 3933091 3958063 3999683 4020493 4195297 4220269 4236917 4282699 4307671 4349291 4432531 4445017 4486637 4494961 4532419 4561553 4619821 4673927 4736357 4761329 4848731 4861217 4882027 4911161 4986077 4998563 5019373 5360657 5368981 5448059 5631187 5693617 5872583 5910041 5947499 6009929 6055711 6097331 6155599 6222191 6234677 6309593 6380347 6384509 6421967 6446939 6455263 6484397,41621 66593 116537 129023 141509 191453 303827 416201 453659 478631 541061 640949 665921 678407 703379 790781 828239 978071 1115417 1140389 1165361 1265249 1327679 1489997 1664801 1689773 1852091 2064353 2101811 2114297 2126783 2251643 2364017 2451419 2476391 2488877 2538821 2576279 2813513 3113177 3175607 3188093 3200579 3387869 3412841 3625103 3637589 3762449 3824879 3999683 4236917 4349291 4486637 4561553 4673927 4736357 4761329 4861217 4911161 4986077 4998563 5360657 5448059 5872583 5910041 6009929 6097331 6222191 6234677 6309593 6384509 6421967 6446939 6484397
2083,140,91,66,39,212,135,100,61,39,33329,33329,33329,33329 45827 49993 70823 95819 124981 187471 212467 233297 262459 270791 283289 295787 324949 358277 362443 399937 449929 487423 512419 545747 570743 649897 670727 708221 799873 837367 895691 920687 937351 949849 1049833 1149817 1187311 1258133 1283129 1333121 1383113 1399777 1508093 1545587 1637239 1674733 1770551 1799713 1845539 1887199 2020511 2132993 2137159 2157989 2220479 2324629 2345459 2382953 2424613 2449609 2482937 2574589 2612083 2624581 2699569 2712067 2732897 2774557 2837047 2862043 2887039 2907869 2920367 2924533 2957861 3007853 3012019 3020351 3062011 3074509 3236983 3249481 3336967 3399457 3445283 3586927 3632753 3657749 3707741 3811891 3882713 3945203 3982697 4149337 4420127 4511779 4532609 4582601 4624261 4674253 4832561 4899217 4961707 5007533 5020031 5032529 5082521 5145011 5211667 5299153 5311651 5324149 5382473 5386639 5394971 5407469 5461627 5549113 5574109 5611603 5657429 5794907 5844899 5894891 5924053 6011539 6049033 6094859 6169847 6211507 6269831 6319823 6336487 6357317 6373981 6407309 6419807 6486463,33329 45827 70823 95819 233297 270791 283289 295787 358277 545747 570743 670727 708221 895691 920687 1258133 1283129 1333121 1383113 1508093 1545587 1770551 1845539 2020511 2132993 2157989 2220479 2345459 2382953 2482937 2907869 2920367 2957861 3007853 3020351 3445283 3632753 3657749 3982697 4420127 4532609 4582601 4832561 5007533 5020031 5032529 5082521 5145011 5382473 5394971 5407469 5794907 5844899 5894891 6094859 6169847 6269831 6319823 6357317 6407309 6419807
2087,138,85,61,34,197,124,80,46,34,37567,37567,154439,37567 75133 125221 137743 154439 242093 288007 354791 367313 388183 438271 454967 475837 500881 517577 555143 576013 642797 730451 751321 763843 805583 813931 893237 905759 1039327 1043501 1051849 1101937 1139503 1168721 1252201 1344029 1377421 1389943 1427509 1469249 1540207 1627861 1665427 1682123 1702993 1790647 1803169 1815691 1932563 2170481 2308223 2354137 2370833 2420921 2429269 2471009 2541967 2596229 2608751 2629621 2704753 2733971 2767363 3055369 3067891 3293287 3297461 3393463 3456073 3481117 3485291 3535379 3581293 3731557 3735731 3806689 3919387 3998693 4023737 4098869 4144783 4148957 4169827 4194871 4274177 4286699 4311743 4332613 4374353 4399397 4633141 4670707 4683229 4800101 4896103 4900277 4925321 4937843 5046367 5108977 5238371 5321851 5338547 5401157 5438723 5463767 5522203 5547247 5676641 5714207 5726729 5760121 5822731 5835253 5860297 5876993 5902037 5947951 5989691 6123259 6135781 6190043 6261001 6373699 6386221 6461353 6465527,154439 242093 354791 367313 454967 517577 555143 642797 730451 805583 893237 1043501 1168721 1344029 1469249 1682123 1932563 2170481 2308223 2370833 2420921 2471009 2596229 2608751 2733971 3297461 3535379 3735731 3998693 4023737 4098869 4148957 4274177 4311743 4374353 4399397 4800101 4925321 4937843 5338547 5438723 5463767 5676641 5714207 5902037 5989691
2089,159,92,67,45,213,131,96,65,31,45959,45959,45959,45959 87739 133697 171299 225613 233969 288283 309173 321707 371843 488827 522251 572387 614167 626701 635057 710261 739507 777109 802177 810533 885737 927517 948407 1011077 1136417 1199087 1228333 1253401 1274291 1303537 1316071 1424699 1441411 1479013 1566751 1675379 1712981 1750583 1779829 1800719 1825787 1855033 1951127 2155849 2176739 2189273 2201807 2243587 2251943 2281189 2293723 2377283 2439953 2452487 2544403 2590361 2594539 2640497 2815973 2866109 2907889 2932957 2941313 2995627 3091721 3129323 3158569 3233773 3267197 3409249 3597259 3634861 3643217 3697531 3705887 3722599 3847939 3881363 3906431 3944033 4061017 4073551 4132043 4136221 4194713 4198891 4219781 4286629 4307519 4324231 4349299 4382723 4424503 4470461 4533131 4750387 4833947 4846481 4934219 4938397 4950931 5001067 5138941 5176543 5272637 5301883 5314417 5335307 5377087 5410511 5565097 5636123 5661191 5686259 5748929 5761463 5790709 5811599 5890981 5936939 5991253 6016321 6037211 6053923 6062279 6325493 6329671 6400697 6475901 6500969,45959 133697 171299 233969 309173 321707 371843 522251 572387 635057 710261 810533 885737 948407 1011077 1136417 1199087 1274291 1424699 1675379 1712981 1750583 1800719 1825787 2176739 2189273 2201807 2251943 2377283 2439953 2452487 2590361 2815973 2866109 2941313 3091721 3129323 3267197 3643217 3881363 3944033 4132043 4194713 4219781 4307519 4382723 4470461 4533131 4833947 4846481 4934219 5272637 5335307 5410511 5636123 5661191 5686259 5748929 5761463 5936939 6037211 6062279 6325493 6400697 6500969
2099,157,83,77,44,225,124,109,63,46,25189,25189,41981,25189 41981 50377 62971 67169 176317 188911 205703 293861 314851 319049 344237 356831 407207 419801 491167 583523 596117 654889 671681 680077 743047 806017 847997 944551 1024313 1057897 1137659 1171243 1183837 1196431 1225817 1238411 1263599 1389539 1561657 1612033 1616231 1624627 1654013 1666607 1725379 1742171 1851319 1863913 1876507 1893299 1981457 1994051 2057021 2065417 2203951 2254327 2266921 2271119 2329891 2371871 2392861 2581771 2611157 2707711 2863037 2871433 2900819 2938601 3089729 3324817 3417173 3492737 3694241 3740419 3765607 3820181 3904141 3908339 3920933 3941923 4009091 4109843 4181209 4193803 4235783 4361723 4475069 4496059 4613603 4621999 4663979 4684969 4802513 4886473 4890671 4899067 4911661 4991423 5066987 5104769 5125759 5150947 5167739 5192927 5289481 5293679 5314669 5318867 5419619 5520371 5633717 5709281 5797439 5822627 5873003 5919181 6124883 6133279 6175259 6234031 6263417 6347377 6376763 6490109 6502703 6527891 6548881,41981 67169 205703 293861 319049 344237 356831 407207 419801 583523 596117 671681 847997 1024313 1137659 1225817 1238411 1263599 1389539 1616231 1654013 1666607 1742171 1893299 1981457 1994051 2057021 2271119 2371871 2611157 2863037 2900819 2938601 3089729 3417173 3492737 3694241 3820181 3908339 3920933 4009091 4109843 4235783 4361723 4475069 4613603 4663979 4802513 4890671 4991423 5066987 5167739 5192927 5293679 5419619 5633717 5797439 6124883 6175259 6263417 6376763 6490109 6527891
2111,149,87,68,41,222,131,97,59,38,63331,63331,295541,63331 75997 88663 227989 265987 295541 333539 392647 434867 455977 519307 650189 688187 759961 802181 835957 840179 865511 890843 949951 1055501 1228603 1241269 1270823 1321487 1397483 1405927 1469257 1498811 1524143 1536809 1545253 1587473 1625471 1646581 1714133 1878791 1891457 1899901 1942121 1963231 1988563 2051893 2106779 2216551 2220773 2292547 2317879 2322101 2423429 2482537 2495203 2550089 2575421 2621863 2659861 2664083 2799187 2828741 2854073 2875183 2917403 2989177 2993399 3077839 3103171 3170723 3208721 3242497 3272051 3297383 3381823 3411377 3436709 3445153 3457819 3487373 3584479 3652031 3774469 3799801 3930683 3951793 4002457 4027789 4053121 4285331 4572427 4699087 4741307 4829969 4889077 4943963 4956629 5003071 5015737 5066401 5121287 5129731 5146619 5171951 5205727 5231059 5235281 5247947 5260613 5323943 5357719 5399939 5408383 5425271 5437937 5547709 5589929 5615261 5712367 5767253 5881247 5927689 6007907 6033239 6105013 6134567 6206341 6282337 6311891 6324557 6358333 6370999 6413219 6628541,295541 333539 434867 650189 688187 802181 840179 865511 1055501 1270823 1321487 1397483 1498811 1524143 1536809 1587473 1625471 1714133 1878791 1891457 2106779 2220773 2322101 2423429 2550089 2575421 2664083 2828741 2854073 2917403 2993399 3170723 3208721 3272051 3297383 3411377 3436709 3487373 3652031 3930683 4285331 4741307 4829969 4943963 5121287 5146619 5171951 5235281 5260613 5399939 5437937 5615261 5881247 6007907 6033239 6134567 6324557 6413219 6628541
2113,156,90,71,45,217,129,98,63,35,25357,25357,33809,25357 33809 63391 71843 84521 139459 173267 240883 266239 329629 363437 367663 388793 443731 604319 621223 680387 743777 748003 836749 849427 900139 908591 1174829 1217089 1225541 1238219 1255123 1293157 1356547 1428389 1483327 1567847 1605881 1783373 1800277 1935509 1952413 1965091 2049611 2062289 2079193 2091871 2125679 2167939 2231329 2282041 2290493 2315849 2379239 2480663 2493341 2582087 2586313 2645477 2662381 2789161 2899037 2941297 3051173 3076529 3118789 3139919 3169501 3177953 3203309 3245569 3258247 3279377 3308959 3410383 3570971 3689299 3748463 3765367 3837209 3866791 3875243 3913277 3938633 3976667 4027379 4141481 4166837 4209097 4234453 4255583 4268261 4323199 4361233 4462657 4509143 4724669 4737347 4800737 4969777 5058523 5083879 5117687 5219111 5244467 5307857 5345891 5358569 5536061 5565643 5603677 5675519 5793847 5857237 6030503 6068537 6085441 6119249 6136153 6161509 6182639 6220673 6246029 6262933 6275611 6360131 6385487 6491137 6579883 6592561 6601013 6617917 6655951,33809 71843 84521 173267 363437 388793 604319 680387 743777 908591 1174829 1225541 1238219 1428389 1567847 1605881 1783373 1935509 2049611 2062289 2125679 2315849 2379239 2480663 2493341 2582087 2645477 2899037 3051173 3076529 3139919 3177953 3203309 3279377 3570971 3748463 3837209 3875243 3913277 3976667 4027379 4141481 4166837 4255583 4268261 4509143 4724669 4737347 5219111 5244467 5307857 5345891 5358569 5536061 5675519 6030503 6068537 6119249 6182639 6220673 6246029 6385487 6601013
2129,158,92,73,43,218,136,95,59,36,106451,106451,106451,106451 114967 144773 166063 195869 285287 383221 413027 472639 527993 591863 613153 617411 625927 706829 740893 830311 860117 881407 898439 919729 923987 958051 962309 1038953 1047469 1102823 1128371 1149661 1179467 1192241 1243337 1315723 1358303 1392367 1520107 1647847 1698943 1788361 1805393 1894811 1933133 1954423 1958681 2005519 2031067 2073647 2082163 2086421 2209903 2239709 2363191 2380223 2401513 2490931 2507963 2554801 2644219 2661251 2669767 2763443 2771959 2797507 2840087 2878409 2912473 2938021 2967827 3027439 3104083 3159437 3210533 3308467 3389369 3448981 3512851 3542657 3551173 3640591 3670397 3849233 3862007 3900329 3913103 4011037 4104713 4130261 4240969 4266517 4321871 4458127 4509223 4534771 4636963 4700833 4768961 4815799 4828573 4854121 4879669 4947797 4956313 4981861 5032957 5113859 5152181 5275663 5369339 5390629 5492821 5531143 5535401 5543917 5684431 5688689 5837719 5905847 5927137 6008039 6054877 6067651 6118747 6174101 6276293 6297583 6327389 6387001 6416807 6455129 6493451 6544547 6621191 6706351 6710609 6736157 6774479,106451 144773 195869 285287 413027 527993 591863 617411 706829 860117 898439 923987 962309 1038953 1102823 1128371 1179467 1192241 1243337 1358303 1805393 1894811 1933133 1958681 2073647 2086421 2380223 2507963 2661251 2763443 2840087 2878409 2967827 3159437 3210533 3389369 3542657 3670397 3849233 3862007 3900329 4104713 4130261 4768961 4947797 5152181 5369339 5535401 5905847 6008039 6174101 6276293 6327389 6416807 6455129 6493451 6710609 6736157 6774479
2131,146,77,63,33,215,115,92,52,40,59669,59669,59669,59669 76717 161957 166219 217363 230149 268507 353747 443249 460297 468821 532751 635039 652087 703231 737327 767161 814043 907807 941903 1022881 1112383 1150741 1278601 1291387 1338269 1342531 1380889 1444819 1453343 1483177 1534321 1619561 1683491 1751683 1772993 1879543 1951997 2007403 2045761 2169359 2194931 2327053 2335577 2429341 2514581 2531629 2552939 2582773 2795873 2889637 2940781 3051593 3153881 3158143 3260431 3273217 3422387 3426649 3447959 3563033 3592867 3605653 3767609 3771871 3784657 3810229 3938089 4010543 4053163 4176761 4253477 4266263 4308883 4372813 4487887 4496411 4679677 4692463 4730821 4752131 4816061 4828847 4833109 5007851 5012113 5084567 5097353 5139973 5148497 5199641 5382907 5429789 5455361 5468147 5561911 5659937 5664199 5711081 5715343 5723867 5877299 5894347 5907133 6171377 6286451 6354643 6414311 6542171 6559219 6584791 6644459 6674293 6772319 6797891,59669 161957 353747 443249 468821 532751 635039 737327 814043 941903 1338269 1453343 1619561 1683491 1772993 1951997 2169359 2194931 2335577 2514581 2552939 2795873 3051593 3153881 3422387 3447959 3563033 3767609 4010543 4176761 4253477 4266263 4496411 4752131 4816061 4828847 5007851 5084567 5097353 5148497 5199641 5429789 5455361 5468147 5659937 5723867 5877299 6171377 6286451 6414311 6644459 6772319
2137,156,104,68,50,215,140,93,67,26,115399,115399,136769,115399 136769 162413 423127 457319 521429 551347 641101 692389 700937 765047 803513 807787 867623 906089 936007 974473 1000117 1021487 1034309 1047131 1230913 1239461 1269379 1320667 1423243 1444613 1525819 1560011 1611299 1641217 1688231 1752341 1765163 1803629 1807903 1880561 1961767 1987411 2111357 2128453 2179741 2218207 2239577 2243851 2252399 2329331 2380619 2406263 2513113 2572949 2598593 2731087 2842211 2855033 2936239 3021719 3051637 3077281 3137117 3218323 3243967 3256789 3290981 3308077 3419201 3474763 3500407 3590161 3598709 3602983 3624353 3667093 3688463 3692737 3726929 3769669 3778217 3803861 3855149 3897889 3906437 3919259 3949177 4013287 4026109 4051753 4073123 4077397 4098767 4115863 4124411 4162877 4201343 4231261 4282549 4291097 4295371 4333837 4355207 4380851 4436413 4474879 4521893 4586003 4654387 4731319 4859539 4945019 4949293 5000581 5034773 5252747 5462173 5551927 5637407 5654503 5663051 5701517 5714339 5739983 5808367 5898121 5910943 5919491 5970779 6026341 6098999 6111821 6193027 6278507 6346891 6398179 6462289 6470837 6547769 6641797 6740099 6765743 6804209,136769 162413 457319 700937 765047 803513 867623 906089 1021487 1034309 1047131 1239461 1444613 1560011 1611299 1688231 1752341 1765163 1803629 1880561 2111357 2239577 2252399 2329331 2380619 2406263 2572949 2842211 2855033 3137117 3290981 3419201 3598709 3624353 3688463 3726929 3778217 3803861 3855149 3906437 3919259 4073123 4098767 4124411 4162877 4201343 4291097 4355207 4380851 4521893 4586003 4945019 5034773 5252747 5637407 5663051 5701517 5714339 5739983 5919491 5970779 6098999 6111821 6278507 6740099 6765743 6804209
2141,166,106,77,53,237,150,106,77,29,42821,42821,42821,42821 55667 81359 128461 205537 209819 248357 295459 488149 492431 505277 513841 518123 530969 552379 569507 697967 710813 749351 770761 775043 834991 980579 1001989 1044809 1070501 1117603 1168987 1194679 1211807 1263191 1284601 1297447 1310293 1361677 1391651 1404497 1438753 1622879 1777031 1836979 1841261 1901209 1926901 1982567 1991131 2029669 2033951 2072489 2158129 2183821 2200949 2286589 2402203 2419331 2466433 2483561 2509253 2543509 2547791 2569201 2650559 2671969 2697661 2843249 2851813 2933171 2958863 2967427 3031657 3035939 3061631 3160117 3202937 3211501 3237193 3275731 3352807 3382781 3408473 3429883 3447011 3481267 3485549 3536933 3575471 3622573 3652547 3661111 3665393 3802417 3828109 3909467 3999389 4025081 4059337 4089311 4217771 4294847 4384769 4431871 4444717 4500383 4521793 4560331 4564613 4667381 4727329 4778713 4795841 4937147 5027069 5065607 5129837 5219759 5271143 5283989 5438141 5450987 5459551 5463833 5579447 5626549 5720753 5844931 5887751 5913443 5986237 5990519 5999083 6016211 6037621 6063313 6093287 6114697 6140389 6170363 6230311 6243157 6268849 6465821 6500077 6568589 6632819 6654229 6684203 6697049 6722741 6748433 6825509,42821 55667 81359 209819 248357 492431 505277 518123 530969 569507 697967 710813 749351 775043 980579 1044809 1070501 1211807 1263191 1391651 1404497 1622879 1777031 1841261 1982567 2033951 2200949 2419331 2483561 2509253 2547791 2650559 2843249 2933171 2958863 3035939 3061631 3202937 3382781 3408473 3447011 3485549 3536933 3575471 3665393 3909467 3999389 4025081 4089311 4217771 4294847 4384769 4564613 4667381 4795841 4937147 5027069 5065607 5219759 5271143 5283989 5438141 5450987 5463833 5720753 5913443 5990519 6016211 6170363 6465821 6568589 6632819 6684203 6697049 6722741 6748433 6825509
2143,145,89,72,43,216,140,98,63,35,8573,8573,8573,8573 47147 90007 141439 150011 227159 244303 278591 347167 385741 420029 527179 591469 630043 741479 754337 771481 848629 857201 870059 887203 900061 921491 985781 1075787 1080073 1555819 1590107 1641539 1654397 1697257 1705829 1735831 1800121 1847267 1915843 2078711 2185861 2387303 2400161 2430163 2520169 2541599 2554457 2635891 2687323 2708753 2725897 2785901 2790187 2811617 2815903 2927339 2978771 2991629 3008773 3068777 3085921 3175927 3278791 3325937 3351653 3505949 3518807 3557381 3651673 3698819 3728821 3840257 3904547 3947407 3955979 3994553 4007411 4075987 4135991 4148849 4191709 4230283 4290287 4316003 4328861 4354577 4358863 4380293 4461727 4534589 4547447 4577449 4590307 4637453 4641739 4650311 4654597 4714601 4757461 4911757 4920329 4950331 4958903 5078911 5091769 5126057 5130343 5156059 5177489 5190347 5228921 5284639 5306069 5464651 5541799 5580373 5640377 5666093 5708953 5734669 5768957 5820389 5897537 5927539 5940397 5966113 5991829 6180413 6218987 6257561 6270419 6326137 6334709 6347567 6351853 6390427 6398999 6441859 6501863 6604727 6776167 6836171 6866173,8573 47147 150011 227159 278591 420029 741479 754337 857201 870059 921491 985781 1075787 1590107 1641539 1654397 1705829 1847267 2078711 2400161 2541599 2554457 2708753 2785901 2811617 2927339 2978771 2991629 3351653 3505949 3518807 3557381 3698819 3955979 3994553 4007411 4135991 4148849 4290287 4316003 4328861 4380293 4534589 4637453 4714601 4920329 5126057 5177489 5190347 5228921 5306069 5640377 5768957 5820389 5897537 6180413 6218987 6257561 6334709 6347567 6501863 6604727 6836171
2153,159,98,66,46,233,136,99,65,34,12919,12919,68897,12919 64591 68897 77509 142099 219607 271279 322951 378929 430601 516721 542557 559781 572699 607147 645901 710491 714797 787999 805223 826753 895649 917179 981769 1037747 1076501 1166927 1205681 1369309 1420981 1485571 1498489 1515713 1550161 1644893 1709483 1731013 1748237 1795603 1851581 1860193 1942007 1963537 1980761 1993679 2109941 2122859 2247733 2260651 2325241 2441503 2454421 2523317 2691251 2717087 2725699 2764453 2781677 2790289 2841961 2867797 2885021 2932387 2936693 2958223 3001283 3035731 3104627 3113239 3164911 3169217 3259643 3358681 3479249 3500779 3530921 3621347 3840953 3905543 3931379 3952909 3965827 3970133 4008887 4017499 4030417 4112231 4133761 4241411 4293083 4331837 4340449 4370591 4448099 4469629 4482547 4525607 4616033 4680623 4702153 4779661 4835639 4857169 4870087 4921759 4951901 4964819 5042327 5050939 5102611 5145671 5197343 5244709 5322217 5326523 5404031 5416949 5520293 5709757 5778653 5869079 6049931 6075767 6123133 6269537 6321209 6372881 6463307 6514979 6618323 6665689 6708749 6721667 6786257 6911131 6936967,68897 378929 430601 559781 572699 714797 805223 895649 1037747 1076501 1166927 1205681 1515713 1644893 1709483 1748237 1851581 1980761 1993679 2109941 2122859 2523317 2691251 2717087 2781677 2885021 2936693 3001283 3104627 3169217 3259643 3479249 3530921 3621347 3840953 3905543 3931379 4008887 4112231 4241411 4293083 4331837 4370591 4448099 4525607 4616033 4680623 4951901 4964819 5145671 5197343 5326523 5404031 5416949 5520293 5778653 6049931 6075767 6269537 6321209 6372881 6463307 6618323 6721667 6786257
2161,152,94,65,42,225,145,94,61,33,47543,47543,47543,47543 125339 207457 259321 319829 358727 414913 423557 427879 436523 466777 475421 540251 609403 631013 695843 726097 890333 985417 1032959 1058891 1071857 1084823 1102111 1141009 1162619 1179907 1214483 1231771 1253381 1270669 1296601 1318211 1361431 1387363 1396007 1452193 1473803 1517023 1529989 1538633 1577531 1594819 1616429 1789309 2100493 2165323 2204221 2230153 2282017 2303627 2316593 2329559 2346847 2372779 2463541 2511083 2567269 2614811 2679641 2757437 2848199 2891419 2900063 3016757 3021079 3072943 3172349 3198281 3289043 3327941 3340907 3345229 3405737 3448957 3461923 3513787 3535397 3613193 3643447 3656413 3889801 4015139 4097257 4105901 4149121 4162087 4170731 4175053 4209629 4291747 4421407 4430051 4641829 4693693 4780133 4862251 4875217 4927081 4965979 4987589 5004877 5056741 5078351 5095639 5277163 5285807 5311739 5406823 5415467 5445721 5480297 5536483 5596991 5609957 5653177 5769871 5834701 5869277 5882243 5925463 5934107 5990293 6024869 6050801 6068089 6193427 6206393 6219359 6236647 6284189 6288511 6353341 6521899 6547831 6560797 6569441 6677491 6699101 6828761 6841727 6871981 6884947 6932489 6984353,47543 125339 319829 358727 423557 436523 475421 540251 631013 695843 890333 1032959 1058891 1071857 1084823 1162619 1214483 1253381 1318211 1473803 1538633 1577531 1616429 2303627 2329559 2511083 2614811 2679641 2757437 2848199 2900063 3016757 3172349 3198281 3289043 3405737 3535397 3613193 4105901 4170731 4209629 4430051 4780133 5078351 5285807 5311739 5415467 5480297 5609957 5869277 5882243 5934107 6024869 6050801 6193427 6206393 6219359 6569441 6699101 6841727 6932489
2179,141,81,69,44,212,125,102,64,38,47939,47939,47939,47939 104593 152531 196111 248407 287629 313777 374789 379147 392221 444517 496813 522961 823663 832379 915181 976193 1002341 1067711 1085143 1159229 1185377 1289969 1464289 1529659 1551449 1590671 1621177 1686547 1804213 1878299 1904447 1917521 1921879 1956743 1982891 2009039 2048261 2087483 2196433 2205149 2375111 2440481 2444839 2545073 2667097 2688887 2719393 2819627 2832701 2902429 3033169 3081107 3094181 3242353 3251069 3277217 3342587 3355661 3386167 3525623 3538697 3551771 3582277 3604067 3656363 3660721 3800177 3909127 3974497 4074731 4100879 4127027 4235977 4244693 4301347 4366717 4440803 4453877 4641271 4702283 4758937 4859171 4924541 4941973 4968121 4976837 5125009 5203453 5225243 5277539 5281897 5290613 5447501 5478007 5530303 5647969 5669759 5687191 5735129 5761277 5813573 5883301 5957387 6009683 6035831 6170929 6197077 6218867 6236299 6388829 6454199 6584939 6598013 6663383 6676457 6715679 6837703 6859493 6937937 6955369 6968443 7033813 7086109 7107899,47939 152531 374789 832379 976193 1002341 1067711 1185377 1289969 1551449 1590671 1878299 1904447 1917521 1956743 1982891 2009039 2048261 2087483 2205149 2375111 2440481 2545073 2688887 2819627 2832701 3081107 3251069 3277217 3342587 3355661 3525623 3538697 3551771 3604067 3656363 3800177 4074731 4100879 4127027 4244693 4440803 4453877 4702283 4859171 4924541 4976837 5277539 5290613 5735129 5761277 5813573 5957387 6035831 6218867 6388829 6454199 6584939 6598013 6676457 6715679 6859493 6937937 7107899
2203,146,90,59,35,222,137,92,55,37,13219,13219,22031,13219 22031 74903 79309 145399 154211 167429 180647 220301 251143 277579 352481 356887 603623 616841 696149 753427 762239 894419 907637 1017787 1110313 1123531 1176403 1189621 1268929 1277741 1308583 1440763 1480417 1555319 1586161 1678687 1731559 1806461 1850521 1916611 2031167 2062009 2097257 2114881 2128099 2189783 2273497 2299933 2379241 2392459 2432113 2480579 2546669 2577511 2612759 2625977 2855089 2929991 3022517 3053359 3075389 3088607 3291283 3352967 3397027 3405839 3445493 3471929 3582079 3621733 3687823 3753913 3767131 3815597 3846439 3886093 4000649 4031491 4057927 4106393 4132829 4150453 4163671 4190107 4212137 4361941 4370753 4428031 4476497 4494121 4507339 4516151 4569023 4859819 4903879 4939127 4965563 5009623 5229923 5256359 5287201 5296013 5335667 5340073 5353291 5379727 5494283 5577997 5586809 5696959 5771861 5785079 5802703 5829139 5882011 5948101 6027409 6036221 6089093 6093499 6159589 6168401 6221273 6234491 6287363 6344641 6357859 6569347 6661873 6675091 6688309 6829301 7005541 7027571 7031977 7080443 7084849 7120097 7172969 7190593,22031 74903 154211 167429 180647 220301 352481 603623 616841 696149 762239 894419 907637 1277741 1555319 1806461 2031167 2097257 2189783 2480579 2546669 2625977 2929991 3022517 3075389 3088607 3352967 3445493 3471929 3815597 4106393 4212137 4370753 4476497 4516151 4859819 4939127 4965563 5229923 5256359 5296013 5335667 5494283 5586809 5771861 5785079 6036221 6089093 6168401 6234491 6287363 7027571 7080443 7120097 7172969
2207,158,102,80,52,234,147,108,68,40,39727,39727,123593,39727 123593 132421 211873 344293 476713 494369 503197 520853 529681 542923 582649 635617 653273 719483 772451 878387 984323 1006393 1046119 1077017 1143227 1182953 1209437 1222679 1249163 1315373 1324201 1337443 1377169 1403653 1408067 1421309 1500761 1553729 1602283 1646423 1699391 1708219 1805327 1818569 1831811 1867123 1893607 1911263 1986301 2052511 2158447 2202587 2224657 2237899 2242313 2357077 2427701 2436529 2440943 2595433 2599847 2621917 2661643 2877929 2904413 3010349 3036833 3045661 3076559 3103043 3125113 3191323 3208979 3222221 3231049 3275189 3341399 3394367 3407609 3495889 3566513 3592997 3628309 3641551 3654793 3681277 3685691 3804869 3937289 3972601 3985843 4056467 4171231 4268339 4387517 4414001 4422829 4436071 4555249 4608217 4612631 4745051 4784777 4798019 4864229 4930439 5009891 5023133 5062859 5164381 5204107 5208521 5248247 5283559 5287973 5349769 5363011 5376253 5393909 5402737 5486603 5574883 5747029 5751443 5773513 5777927 5870621 5932417 5936831 5945659 5976557 6011869 6104563 6281123 6422371 6435613 6462097 6501823 6673969 6678383 6793147 6797561 6837287 6929981 6996191 7031503 7102127 7137439 7203649 7256617,123593 494369 520853 653273 719483 772451 878387 984323 1077017 1143227 1182953 1209437 1222679 1249163 1315373 1408067 1421309 1500761 1553729 1646423 1818569 1831811 1911263 2202587 2242313 2427701 2440943 2599847 2877929 2904413 3036833 3076559 3103043 3208979 3222221 3275189 3341399 3394367 3407609 3566513 3592997 3685691 3804869 3937289 4056467 4268339 4387517 4414001 4612631 4784777 4798019 4864229 5023133 5062859 5248247 5393909 5486603 5751443 5777927 5870621 5936831 5976557 6281123 6797561 6837287 6929981 6996191 7102127
2213,154,92,60,35,225,130,93,51,42,26557,26557,97373,26557 79669 97373 110651 119503 146059 159337 185893 243431 265561 269987 402767 442601 531121 535547 544399 562103 628493 650623 708161 774551 801107 823237 840941 876349 907331 1048963 1141909 1195021 1208299 1239281 1287967 1327801 1358783 1465007 1513693 1540249 1584509 1646473 1730567 1858921 1863347 1951867 2062517 2115629 2155463 2204149 2288243 2350207 2381189 2487413 2536099 2575933 2642323 2748547 2841493 2881327 2934439 2952143 3067219 3107053 3133609 3253111 3306223 3385891 3439003 3465559 3655877 3695711 3770953 3797509 3850621 3908159 3983401 4116181 4120607 4186997 4240109 4253387 4262239 4492391 4558781 4594189 4607467 4634023 4638449 4647301 4678283 4740247 4766803 4771229 4833193 5010233 5023511 5143013 5191699 5204977 5209403 5258089 5443981 5448407 5514797 5541353 5709541 5753801 5846747 5908711 5921989 5979527 6160993 6174271 6205253 6253939 6298199 6386719 6506221 6537203 6577037 6639001 6652279 6669983 6776207 6842597 6882431 6935543 7050619 7063897 7267493 7302901 7333883,97373 110651 243431 269987 402767 442601 535547 562103 628493 708161 774551 801107 840941 907331 1239281 1358783 1465007 1584509 1730567 1863347 2062517 2155463 2288243 2381189 2487413 2952143 3655877 3695711 3908159 4120607 4186997 4240109 4253387 4492391 4638449 5010233 5023511 5143013 5209403 5448407 5514797 5541353 5753801 5846747 5979527 6205253 6537203 6577037 6776207 6842597 6882431
2221,171,102,80,51,240,144,102,65,37,35537,35537,35537,35537 39979 133261 248753 262079 266521 288731 328709 399781 439759 501947 555251 635207 688511 701837 728489 848423 959473 995009 999451 1021661 1039429 1194899 1221551 1239319 1354811 1399231 1425883 1439209 1461419 1465861 1679077 1727939 1745707 1767917 1772359 1799011 1838989 1914503 1945597 1994459 2025553 2114393 2145487 2394239 2487521 2491963 2500847 2514173 2580803 2691853 2771809 2780693 2794019 2798461 2833997 2847323 2865091 2953931 2971699 2980583 2993909 3025003 3091633 3180473 3238219 3353711 3420341 3460319 3478087 3486971 3491413 3513623 3526949 3553601 3571369 3611347 3620231 3646883 3704629 3780143 3944497 4020011 4077757 4193249 4246553 4290973 4370929 4393139 4397581 4419791 4486421 4504189 4566377 4597471 4677427 4690753 4744057 4757383 4797361 4886201 4899527 4992809 5023903 5037229 5046113 5077207 5130511 5143837 5192699 5223793 5259329 5445893 5490313 5543617 5552501 5565827 5579153 5690203 5725739 5730181 5756833 5810137 5903419 5952281 6089983 6129961 6356503 6409807 6618581 6711863 6729631 6791819 6796261 6822913 6969499 6978383 7036129 7076107 7102759 7151621 7156063 7191599 7289323,35537 248753 262079 288731 328709 501947 555251 635207 688511 701837 728489 848423 995009 1021661 1194899 1221551 1354811 1461419 1727939 1767917 1914503 1994459 2114393 2394239 2487521 2500847 2514173 2580803 2794019 2833997 2847323 2953931 2980583 2993909 3180473 3353711 3420341 3460319 3513623 3553601 3620231 3646883 3780143 4020011 4246553 4393139 4419791 4486421 4566377 4886201 4899527 5046113 5192699 5259329 5445893 5552501 5565827 5579153 5725739 5952281 6618581 6711863 6978383 7151621 7191599
2237,145,99,65,44,217,147,95,61,34,31319,31319,31319,31319 44741 98429 107377 187909 192383 241597 255019 447401 456349 523459 577147 644257 648731 738211 751633 791899 930593 1024547 1064813 1140871 1181137 1207981 1252721 1288513 1333253 1409311 1449577 1462999 1516687 1574849 1668803 1758283 1865659 1892503 1977509 2013301 2058041 2066989 2071463 2111729 2192261 2259371 2268319 2299637 2326481 2393591 2496493 2514389 2523337 2541233 2550181 2630713 2684401 2742563 2809673 2903627 2917049 3006529 3011003 3087061 3104957 3145223 3185489 3261547 3306287 3333131 3436033 3476299 3543409 3614993 3655259 3682103 3771583 3883433 3932647 3977387 4013179 4017653 4044497 4147399 4178717 4227931 4245827 4268197 4281619 4295041 4406891 4487423 4527689 4603747 4648487 4782707 4822973 4872187 4885609 4899031 4979563 4984037 5051147 5073517 5154049 5158523 5167471 5198789 5207737 5248003 5252477 5301691 5359853 5426963 5467229 5503021 5655137 5717773 5771461 5811727 5878837 5963843 5990687 6053323 6084641 6124907 6147277 6205439 6375451 6429139 6460457 6487301 6527567 6594677 6608099 6643891 6675209 6702053 6751267 6755741 6778111 6876539 6966019 7100239 7113661 7221037 7247881 7328413 7435789 7440263,31319 44741 98429 192383 447401 648731 930593 1024547 1064813 1252721 1333253 1574849 1668803 2071463 2111729 2192261 2259371 2299637 2326481 2514389 2541233 2742563 2809673 2903627 2917049 3104957 3145223 3185489 3306287 3333131 3614993 3682103 3883433 3977387 4017653 4044497 4178717 4245827 4406891 4487423 4527689 4648487 4782707 4822973 5051147 5158523 5198789 5359853 5467229 5655137 5963843 6084641 6124907 6205439 6487301 6527567 6594677 6608099 6675209 6702053 6876539
2239,157,93,76,45,233,138,109,65,44,22391,22391,22391,22391 107473 255247 322417 344807 376153 385109 398543 429889 479147 546317 631399 653789 680657 747827 779173 788129 806041 828431 846343 913513 1061287 1097111 1123979 1150847 1191149 1204583 1218017 1235929 1249363 1258319 1419527 1450873 1594169 1607603 1634471 1701641 1732987 1809113 1840459 1997189 2091227 2122573 2176309 2189743 2216611 2225567 2256913 2265869 2346473 2552461 2574851 2579329 2592763 2668889 2740537 2762927 2821141 2848009 2874877 2888311 2955481 3076387 3116689 3156991 3165947 3206249 3224161 3358501 3367457 3421193 3582401 3694351 3757043 3891383 3922729 4003333 4039157 4097371 4119761 4285447 4298881 4348139 4455611 4482479 4486957 4589951 4616819 4791461 4863109 4889977 4912367 4943713 5010883 5104921 5288519 5292997 5395991 5427337 5449727 5494507 5530331 5570633 5642281 5651237 5664671 5799011 5825879 5870659 5893049 5933351 5978131 6045301 6175163 6206509 6309503 6340849 6376673 6390107 6488623 6511013 6564749 6658787 6717001 6824473 6900599 6958813 6967769 7061807 7075241 7093153 7146889 7214059 7263317 7281229 7317053 7496173 7505129,22391 344807 385109 398543 479147 546317 653789 680657 747827 788129 828431 1097111 1123979 1150847 1191149 1204583 1218017 1258319 1419527 1594169 1607603 1634471 1701641 1809113 1997189 2091227 2225567 2265869 2346473 2668889 2762927 3165947 3206249 3367457 3421193 3582401 3757043 3891383 4119761 4348139 4455611 4482479 4616819 4791461 4912367 5395991 5449727 5530331 5570633 5651237 5664671 5799011 5933351 6175163 6376673 6390107 6511013 6564749 6658787 6900599 6967769 7061807 7075241 7263317 7505129
2243,152,85,70,38,221,129,101,63,38,71777,71777,71777,71777 80749 121123 134581 165983 215329 314021 327479 363367 435143 484489 524863 565237 686359 699817 704303 744677 794023 1036267 1081127 1090099 1265053 1332343 1399633 1444493 1471409 1493839 1534213 1547671 1682251 1776457 1816831 1875149 1911037 2063561 2090477 2144309 2157767 2292347 2301319 2467301 2476273 2624311 2637769 2723003 2745433 2749919 2758891 2965247 3032537 3054967 3059453 3072911 3095341 3126743 3189547 3342071 3445249 3597773 3633661 3638147 3714409 3768241 3799643 3893849 3907307 4014971 4028429 4037401 4041887 4095719 4163009 4185439 4239271 4360393 4454599 4521889 4687871 4696843 4701329 4782077 4943573 4970489 4992919 5006377 5140957 5194789 5275537 5347313 5383201 5396659 5450491 5589557 5643389 5697221 5724137 5746567 5764511 5791427 5818343 5858717 5926007 5966381 6069559 6114419 6154793 6168251 6248999 6338719 6419467 6423953 6459841 6531617 6625823 6652739 6800777 6863581 6894983 6998161 7025077 7092367 7159657 7177601 7191059 7204517 7366013 7388443 7406387 7523023,71777 165983 314021 327479 435143 704303 744677 1081127 1444493 1471409 1875149 2063561 2090477 2144309 2157767 2292347 2467301 2723003 2965247 3032537 3059453 3072911 3126743 3342071 3597773 3638147 3799643 3893849 3907307 4014971 4028429 4095719 4163009 4687871 4701329 4782077 4943573 4970489 5347313 5589557 5643389 5697221 5724137 5764511 5791427 5858717 5926007 5966381 6114419 6154793 6168251 6248999 6423953 6531617 6625823 6652739 6800777 6894983 7177601 7191059 7204517 7366013 7406387
2251,158,105,75,53,234,151,107,73,34,22511,22511,22511,22511 36017 63029 117053 157571 202591 270121 292631 297133 337651 351157 387173 445699 472711 508727 522233 580759 630281 648289 702313 711317 778847 805859 810361 837373 850879 913907 967931 981437 1026457 1080481 1102991 1238051 1265063 1305581 1386617 1431637 1440641 1499167 1521677 1526179 1553191 1589207 1643231 1701757 1737773 1805303 1953869 1994387 2066419 2129447 2156459 2345543 2386061 2404069 2512117 2566141 2669687 2696699 2701201 2714707 2791241 2809249 2836261 2872277 2885783 2966819 2971321 2993831 3106381 3128891 3277457 3344987 3371999 3376501 3507059 3574589 3592597 3606103 3687139 3754669 3763673 3862717 3889729 3912239 4047299 4209371 4348933 4429969 4479491 4492997 4506503 4551523 4560527 4605547 4655069 4673077 4808137 4857659 4889173 4956703 4970209 5010727 5024233 5060249 5127779 5199811 5249333 5267341 5294353 5357381 5375389 5550967 5618497 5654513 5780569 5830091 5848099 5897621 5911127 5978657 6010171 6091207 6104713 6145231 6208259 6212761 6262283 6343319 6374833 6388339 6428857 6464873 6572921 6640451 6653957 6680969 6712483 6721487 6734993 6780013 6870053 6883559 7005113 7140173 7185193 7423799 7428301 7522843 7536349 7585871,22511 36017 63029 117053 157571 292631 387173 508727 522233 630281 711317 778847 805859 913907 967931 981437 1102991 1238051 1265063 1305581 1386617 1440641 1521677 1589207 1643231 1737773 1805303 1953869 1994387 2129447 2156459 2345543 2386061 2669687 2696699 2791241 2872277 2885783 2966819 3128891 3277457 3344987 3371999 3574589 3763673 3912239 4047299 4479491 4492997 4560527 4655069 4857659 5060249 5127779 5357381 5654513 5830091 5897621 5978657 6208259 6262283 6343319 6464873 6572921 6640451 6653957 6680969 6721487 6734993 6870053 6883559 7423799 7585871
2267,166,99,79,51,236,141,108,69,39,45341,45341,45341,45341 54409 58943 194963 285643 326449 330983 353653 426197 467003 507809 535013 598489 603023 657431 711839 766247 816121 834257 856927 884131 952141 992947 1051889 1074559 1088161 1133501 1156171 1174307 1237783 1242317 1310327 1332997 1360201 1378337 1401007 1459949 1473551 1537027 1550629 1555163 1645843 1754659 1781863 1836271 1854407 1904281 2004029 2053903 2072039 2126447 2140049 2149117 2194457 2312341 2507303 2629721 2711333 2802013 2897227 2901761 2924431 3060451 3146597 3173801 3228209 3241811 3278083 3391433 3468511 3486647 3568259 3595463 3704279 3867503 3894707 3908309 3944581 3976319 4003523 4026193 4053397 4071533 4148611 4189417 4298233 4370777 4384379 4393447 4665487 4738031 4819643 4869517 4896721 4942061 5019139 5078081 5087149 5100751 5146091 5486141 5526947 5549617 5554151 5590423 5617627 5662967 5676569 5753647 5780851 5848861 5916871 5971279 5975813 6139037 6152639 6311329 6370271 6433747 6501757 6519893 6528961 6710321 6764729 6773797 6859943 6882613 6887147 6914351 6923419 6977827 7018633 7073041 7141051 7186391 7227197 7331479 7363217 7426693 7499237 7608053,45341 58943 194963 330983 426197 467003 507809 535013 603023 657431 711839 766247 834257 1051889 1133501 1174307 1242317 1310327 1378337 1459949 1473551 1555163 1854407 2004029 2072039 2126447 2140049 2194457 2507303 2629721 2711333 2901761 3146597 3173801 3228209 3241811 3391433 3486647 3568259 3595463 3704279 3867503 3908309 3976319 4003523 4370777 4384379 4738031 4819643 4942061 5078081 5146091 5486141 5526947 5554151 5662967 5676569 5975813 6139037 6370271 6710321 6764729 6859943 6887147 6914351 7186391 7363217 7499237 7608053
2269,166,90,78,39,235,133,100,51,49,22691,22691,22691,22691 117989 226901 326737 335813 435649 485567 571789 735157 771461 844069 866759 952981 975671 993823 1075507 1129963 1143577 1198033 1247951 1275179 1361401 1424933 1615529 1674523 1724441 1756207 1797049 1865119 1878733 1996721 2069329 2092019 2382451 2405141 2500439 2514053 2518591 2568509 2573047 2695573 2718263 2750029 2763643 2854403 2899783 2927011 2949701 2995081 3017771 3022309 3058613 3072227 3131221 3199291 3262823 3308203 3376273 3498799 3512413 3526027 3566869 3648553 3662167 3725699 3743851 3811921 3820997 3875453 3943523 3970751 4106891 4193113 4229417 4274797 4329253 4379171 4410937 4451779 4488083 4610609 4678679 4760363 4764901 4819357 4828433 4896503 4910117 4955497 5037181 5196011 5227777 5264081 5268619 5336689 5400221 5513671 5563589 5608969 5622583 5645273 5672501 5704267 5745109 5863097 5908477 5949319 5972009 5976547 5999237 6053693 6148991 6244289 6262441 6316897 6421271 6453037 6625481 6643633 6725317 6915913 6943141 6952217 6965831 6997597 7020287 7147351 7406017 7514929 7582999 7596613 7673759 7691911,22691 117989 226901 335813 485567 771461 866759 975671 1247951 1275179 1424933 1615529 1724441 1996721 2092019 2405141 2500439 2514053 2568509 2718263 2854403 2949701 3017771 3058613 3072227 3262823 3820997 3875453 3943523 3970751 4106891 4229417 4379171 4488083 4678679 4760363 4828433 4896503 4910117 5196011 5264081 5400221 5563589 5645273 5672501 5863097 5999237 6053693 6148991 6244289 7673759
2273,169,96,76,43,244,146,107,63,44,27277,27277,195479,27277 122743 195479 250031 272761 372773 386411 468239 490969 504607 600073 604619 618257 627349 809189 886471 941023 959207 1118317 1159231 1241059 1259243 1322887 1395623 1418353 1422899 1500181 1513819 1527457 1545641 1595647 1636561 1691113 1704751 1718389 1763849 1804763 1872953 2004787 2009333 2022971 2100253 2118437 2145713 2186627 2263909 2277547 2500301 2691233 2718509 2786699 2795791 2850343 2854889 2877619 2891257 2959447 3054913 3195839 3327673 3341311 3400409 3423139 3468599 3577703 3645893 3736813 3750451 3809549 3818641 3823187 3864101 3873193 3914107 4055033 4136861 4323247 4350523 4423259 4500541 4568731 4600553 4636921 4641467 4664197 4696019 4759663 4786939 4827853 4841491 4855129 4914227 4977871 5023331 5091521 5159711 5168803 5209717 5264269 5414287 5468839 5623403 5637041 5759783 5841611 5877979 5891617 5937077 5987083 6096187 6100733 6205291 6209837 6259843 6264389 6273481 6414407 6464413 6505327 6509873 6523511 6578063 6687167 6696259 6714443 6750811 6846277 6941743 6955381 6987203 7037209 7096307 7146313 7173589 7187227 7378159 7446349 7464533 7500901 7505447 7559999 7600913 7650919 7664557 7719109 7737293,195479 250031 372773 386411 468239 604619 618257 809189 959207 1259243 1395623 1422899 1545641 1763849 1804763 1872953 2009333 2022971 2118437 2186627 2500301 2691233 2718509 2786699 2854889 3195839 3400409 3468599 3577703 3645893 3809549 3823187 3864101 4055033 4136861 4423259 4600553 4641467 4696019 4914227 5023331 5091521 5159711 5623403 5637041 5759783 5841611 6100733 6209837 6264389 6414407 6509873 6523511 6578063 6687167 6714443 6987203 7096307 7464533 7505447 7559999 7600913 7737293
2281,167,96,81,47,225,130,101,58,43,13687,13687,132299,13687 95803 132299 173357 232663 255473 314779 323903 437953 643243 748169 789227 802913 862219 1067509 1108567 1204369 1313857 1405097 1418783 1432469 1478089 1500899 1541957 1555643 1587577 1596701 1637759 1656007 1938851 1952537 1984471 2011843 2048339 2066587 2103083 2135017 2203447 2281001 2299249 2353993 2395051 2422423 2513663 2559283 2568407 2582093 2600341 2682457 2691581 2787383 2869499 2887747 3033731 3038293 3047417 3061103 3375881 3394129 3416939 3489931 3517303 3558361 3585733 3608543 3649601 3736279 3827519 3895949 3923321 3950693 3991751 4060181 4242661 4279157 4416017 4470761 4475323 4530067 4543753 4557439 4612183 4621307 4676051 4758167 4803787 4826597 4922399 4954333 5009077 5018201 5059259 5077507 5114003 5173309 5196119 5214367 5264549 5360351 5405971 5433343 5469839 5474401 5556517 5624947 5770931 5853047 5976221 6131329 6254503 6414173 6473479 6514537 6637711 6651397 6719827 6934241 6961613 7153217 7212523 7249019 7253581 7290077 7486243 7609417 7636789 7659599 7732591 7769087 7782773,132299 173357 255473 323903 748169 789227 802913 1405097 1418783 1432469 1500899 1541957 1555643 1596701 1637759 1938851 2048339 2281001 2513663 2568407 2582093 2691581 2787383 2869499 3033731 3047417 3061103 3375881 3416939 3608543 3649601 3827519 3895949 3923321 3950693 3991751 4060181 4279157 4416017 4621307 4676051 4758167 4922399 5018201 5059259 5114003 5196119 5264549 5360351 5770931 5853047 6414173 6934241 6961613 7249019 7290077 7769087 7782773
2287,162,85,75,45,229,130,106,66,40,13723,13723,64037,13723 64037 123499 132647 146369 311033 558029 571751 672379 740989 763859 837043 914801 946819 1024577 1029151 1070317 1180093 1202963 1276147 1312739 1326461 1427089 1440811 1454533 1504847 1532291 1564309 1632919 1646641 1683233 1710677 1724399 1779287 1847897 1998839 2072023 2126911 2149781 2163503 2204669 2259557 2373907 2547719 2552293 2579737 2662069 2808437 2822159 2918213 2963953 3110321 3156061 3165209 3220097 3265837 3288707 3425927 3439649 3471667 3567721 3604313 3672923 3714089 3746107 3814717 3965659 4047991 4070861 4112027 4130323 4226377 4262969 4336153 4391041 4400189 4473373 4564853 4633463 4679203 4720369 4734091 4871311 4962791 5017679 5250953 5278397 5374451 5456783 5497949 5566559 5626021 5648891 5735797 5758667 5776963 5818129 5845573 5923331 5955349 6010237 6051403 6120013 6161179 6170327 6197771 6229789 6238937 6403601 6531673 6641449 6650597 6696337 6737503 6746651 6952481 6966203 7007369 7075979 7130867 7135441 7240643 7268087 7350419 7364141 7487639 7569971 7601989 7679747 7835263,64037 132647 146369 311033 558029 571751 763859 914801 1024577 1202963 1312739 1326461 1504847 1532291 1683233 1710677 1724399 1779287 1847897 1998839 2149781 2163503 2204669 2259557 2547719 2808437 2822159 2918213 3110321 3165209 3220097 3288707 3425927 3439649 3604313 3672923 3714089 4070861 4112027 4262969 4400189 4564853 4633463 4962791 5017679 5250953 5278397 5374451 5456783 5497949 5566559 5648891 5758667 6197771 6403601 6746651 6952481 7007369 7075979 7130867 7240643 7268087 7364141 7487639 7569971 7679747
2293,145,98,70,53,218,141,102,74,28,68791,68791,325607,68791 275161 325607 343951 353123 366881 421913 481531 495289 531977 687901 715417 793379 834653 852997 880513 903443 921787 949303 985991 1109813 1137329 1329941 1389559 1398731 1426247 1458349 1513381 1522553 1550069 1582171 1595929 1660133 1742681 1838987 1935293 1939879 1962809 1981153 1994911 2031599 2118733 2182937 2201281 2228797 2251727 2279243 2393893 2430581 2458097 2572747 2581919 2705741 2733257 2760773 2857079 2875423 2889181 3104723 3118481 3145997 3214787 3246889 3370711 3421157 3448673 3563323 3577081 3668801 3673387 3765107 3833897 3861413 3902687 3971477 3998993 4003579 4182433 4205363 4370459 4388803 4402561 4416319 4485109 4563071 4705237 4851989 4911607 4934537 4962053 4966639 5058359 5072117 5113391 5117977 5145493 5159251 5214283 5306003 5374793 5443583 5489443 5539889 5558233 5649953 5695813 5732501 5778361 5938871 6039763 6466261 6502949 6557981 6617599 6695561 6723077 6727663 6750593 6796453 6888173 6934033 7002823 7071613 7112887 7259639 7305499 7328429 7342187 7360531 7397219 7456837 7498111 7534799 7548557 7649449 7658621 7754927 7782443 7842061 7864991 7869577,325607 353123 366881 421913 531977 793379 834653 903443 985991 1109813 1137329 1329941 1398731 1426247 1522553 1550069 1660133 1742681 1838987 1935293 1962809 2031599 2182937 2251727 2279243 2430581 2458097 2581919 2733257 2760773 2857079 3104723 3118481 3145997 3214787 3421157 3448673 3668801 3765107 3833897 3861413 3902687 3971477 3998993 4205363 4370459 4563071 4851989 4934537 4962053 5058359 5072117 5113391 5306003 5374793 5443583 5539889 5649953 5732501 5938871 6502949 6557981 6695561 6723077 6750593 6888173 7259639 7328429 7342187 7397219 7534799 7548557 7754927 7782443
2297,172,102,80,51,252,151,115,70,45,59723,59723,59723,59723 151603 179167 183761 192949 248077 376709 404273 427243 445619 514529 523717 597221 638567 675319 840703 868267 886643 941771 996899 1065809 1148501 1212817 1231193 1272539 1281727 1323073 1626277 1640059 1667623 1722751 1741127 1777879 1901917 1929481 1989203 2012173 2154587 2191339 2223497 2246467 2251061 2260249 2402663 2494543 2499137 2581829 2604799 2636957 2774777 2802341 2866657 2926379 2963131 3022853 3032041 3091763 3270929 3408749 3431719 3445501 3459283 3491441 3569539 3624667 3684389 3707359 3721141 3780863 3835991 3877337 3914089 3946247 3960029 3973811 3987593 4028939 4042721 4180541 4189729 4249451 4304579 4327549 4332143 4373489 4396459 4465369 4525091 4534279 4589407 4594001 4603189 4630753 4727227 4745603 4754791 4883423 5021243 5113123 5154469 5186627 5214191 5283101 5388763 5393357 5443891 5462267 5526583 5581711 5668997 5682779 5760877 5765471 5779253 5788441 5820599 5857351 5940043 5944637 6013547 6082457 6243247 6247841 6302969 6339721 6408631 6440789 6564827 6647519 6661301 6698053 6822091 7042603 7207987 7235551 7322837 7350401 7405529 7433093 7456063 7502003 7511191 7524973 7552537 7598477 7690357 7777643 7800613 7818989 7841959 7869523,59723 183761 376709 404273 445619 514529 597221 638567 886643 941771 996899 1065809 1148501 1231193 1272539 1741127 1989203 2223497 2251061 2402663 2499137 2636957 2774777 2802341 2926379 3022853 3091763 3270929 3408749 3491441 3684389 3780863 3835991 3877337 3946247 3960029 3973811 3987593 4028939 4042721 4180541 4249451 4304579 4332143 4373489 4525091 4594001 4883423 5021243 5186627 5214191 5283101 5393357 5682779 5765471 5779253 5820599 6013547 6082457 6247841 6302969 6564827 6647519 6661301 7322837 7350401 7405529 7502003 7598477 7777643
2309,169,98,75,42,239,138,106,59,47,32327,32327,32327,32327 46181 87743 143159 184721 193957 207811 226283 235519 263227 304789 540307 572633 581869 628049 651139 711173 835859 1025197 1163737 1302277 1431581 1510087 1556267 1736369 1777931 1801021 1888763 1902617 1916471 1971887 1985741 1994977 2105809 2165843 2175079 2202787 2258203 2318237 2327473 2387507 2493721 2498339 2535283 2609171 2678441 2687677 2706149 2743093 2789273 2937049 2955521 3034027 3094061 3103297 3163331 3172567 3191039 3204893 3214129 3255691 3324961 3343433 3352669 3394231 3421939 3435793 3565097 3578951 3602041 3629749 3657457 3712873 3772907 3842177 3851413 3879121 3953009 3966863 3976099 4045369 4049987 4073077 4128493 4197763 4267033 4336303 4364011 4368629 4618001 4668799 4742687 4779631 4876609 4918171 5019767 5112127 5264521 5333791 5403061 5458477 5472331 5490803 5504657 5518511 5527747 5560073 5569309 5573927 5657051 5684759 5846389 5957221 6100379 6114233 6280481 6308189 6335897 6345133 6349751 6414403 6585269 6599123 6654539 6760753 6816169 6830023 6954709 7093249 7347239 7374947 7398037 7508869 7638173 7665881 7688971 7730533 7896781,32327 46181 87743 143159 184721 226283 572633 628049 711173 835859 1431581 1556267 1736369 1777931 1888763 1902617 1916471 1971887 1985741 2165843 2318237 2387507 2498339 2609171 2678441 2706149 2789273 2955521 3163331 3191039 3204893 3343433 3565097 3578951 3772907 3953009 3966863 4049987 4368629 4618001 4742687 5019767 5490803 5504657 5518511 5560073 5657051 6100379 6114233 6280481 6308189 6335897 6349751 6585269 6599123 7347239 7374947 7638173 7665881
2311,166,98,78,44,241,140,106,56,50,27733,27733,64709,27733 64709 166393 180259 235723 249589 300431 318919 397493 526909 554641 647081 674813 688679 716411 730277 868937 896669 915157 929023 942889 998353 1104659 1109281 1150879 1215587 1284917 1354247 1381979 1520639 1525261 1539127 1576103 1589969 1636189 1677787 1747117 1756361 2010571 2047547 2061413 2075279 2232427 2301757 2426551 2491259 2606809 2657651 2726981 2842531 2856397 2865641 2884129 2962703 2976569 3004301 3008923 3032033 3092119 3161449 3203047 3272377 3350951 3392549 3434147 3503477 3517343 3558941 3563563 3688357 3780797 3854749 3882481 3924079 3947189 4035007 4071983 4085849 4159801 4210643 4279973 4409389 4418633 4464853 4534183 4626623 4645111 4714441 4936297 4945541 5088823 5111933 5130421 5144287 5236727 5241349 5282947 5292191 5366143 5380009 5389253 5407741 5421607 5430851 5527913 5569511 5597243 5791367 6045577 6054821 6114907 6151883 6221213 6309031 6336763 6401471 6447691 6544753 6558619 6627949 6697279 6794341 6946867 7030063 7168723 7251919 7302761 7307383 7316627 7483019 7556971 7570837 7580081 7607813 7626301 7723363 7792693 7857401 7945219 8000683,64709 300431 397493 647081 674813 688679 716411 730277 868937 896669 1104659 1284917 1354247 1381979 1520639 1576103 1589969 1756361 2047547 2061413 2491259 2657651 2726981 2865641 2962703 2976569 3004301 3032033 3350951 3392549 3434147 3503477 3517343 3558941 3780797 3947189 4210643 4279973 4418633 4626623 4945541 5111933 5236727 5292191 5389253 5430851 5527913 5569511 5597243 5791367 6054821 6151883 6221213 7316627 7483019 7857401
2333,154,86,77,39,220,123,102,54,48,13999,13999,60659,13999 60659 97987 130649 172643 195973 200639 223969 237967 335953 340619 363949 517927 620579 634577 746561 825883 900539 923869 1007857 1012523 1026521 1054517 1063849 1175833 1189831 1259821 1334477 1376471 1390469 1404467 1497787 1572443 1609771 1684427 1735753 1894397 1959721 1964387 2085703 2169691 2216351 2225683 2295673 2454317 2477647 2519641 2575633 2659621 2757607 2860259 2925583 2986241 3084227 3135553 3163549 3196211 3345523 3434177 3527497 3560159 3569491 3574157 3672143 3723469 3742133 3854117 3905443 3933439 4017427 4050089 4092083 4120079 4176071 4227397 4316051 4409371 4479361 4749989 4969291 5095273 5123269 5235253 5319241 5365901 5421893 5519879 5603867 5683189 5753179 5981813 6023807 6051803 6121793 6145123 6243109 6331763 6485741 6565063 6569729 6635053 6639719 6961673 7026997 7073657 7138981 7166977 7264963 7278961 7348951 7418941 7423607 7432939 7451603 7474933 7479599 7493597 7521593 7675571 7726897 7899539 7936867 8006857,60659 130649 172643 200639 340619 620579 634577 746561 900539 1012523 1026521 1054517 1334477 1376471 1390469 1404467 1572443 1684427 1894397 1964387 2216351 2454317 2860259 2986241 3084227 3196211 3434177 3560159 3574157 3672143 3742133 3854117 4092083 4120079 4176071 4316051 4749989 5365901 5421893 5519879 5603867 5981813 6023807 6051803 6121793 6485741 6569729 6639719 6961673 7073657 7423607 7493597 7675571 7899539
2339,155,103,74,45,230,151,103,63,40,4679,4679,4679,4679 18713 88883 168409 173087 182443 196477 229223 266647 280681 299393 322783 378919 631531 720413 743803 748481 842041 870109 912211 940279 982381 1001093 1052551 1211603 1239671 1281773 1305163 1333231 1365977 1408079 1436147 1459537 1543741 1590521 1599877 1632623 1688759 1712149 1758929 1824421 1997507 2062999 2250119 2264153 2292221 2413849 2427883 2432561 2460629 2474663 2484019 2530799 2544833 2806801 2876971 2975209 3021989 3045379 3106193 3199753 3269923 3340093 3372839 3396229 3400907 3424297 3494467 3508501 3527213 3611417 3667553 3676909 3719011 3817249 3929521 4018403 4069861 4182133 4196167 4256981 4308439 4378609 4439423 4453457 4462813 4476847 4603153 4635899 4673323 4701391 4748171 4804307 4888511 4911901 4930613 4968037 5038207 5099021 5169191 5197259 5337599 5431159 5491973 5562143 5599567 5660381 5683771 5758619 5824111 5828789 5866213 5922349 6034621 6067367 6081401 6090757 6193673 6231097 6249809 6273199 6385471 6427573 6474353 6483709 6525811 6614693 6698897 6778423 6918763 7035713 7073137 7157341 7470767 7484801 7508191 7550293 7667243 7704667 7737413 7760803 7788871 7830973 7835651 7859041 7863719 7891787 7961957 8041483 8046161 8144399,4679 18713 88883 173087 229223 299393 720413 748481 1001093 1211603 1239671 1281773 1365977 1408079 1436147 1590521 1632623 1688759 1758929 1997507 2250119 2264153 2292221 2432561 2460629 2474663 2530799 2544833 3021989 3106193 3372839 3400907 3527213 3667553 4018403 4256981 4453457 4635899 4804307 4888511 4930613 5099021 5169191 5197259 5337599 5491973 5562143 5660381 5828789 6081401 6193673 6249809 6474353 6614693 6698897 7035713 7470767 7484801 7667243 7737413 7863719 7891787 7961957
2341,175,99,77,47,253,151,110,68,42,107687,107687,107687,107687 163871 177917 206009 224737 252829 262193 280921 318377 346469 435427 444791 449473 486929 491611 505657 519703 557159 585251 589933 753803 795941 800623 884899 912991 936401 997267 1067497 1161137 1165819 1207957 1287551 1357781 1371827 1376509 1502923 1652747 1657429 1680839 1685521 1783843 1849391 1896211 1924303 1961759 2050717 2064763 2120947 2149039 2242679 2261407 2270771 2312909 2387821 2458051 2472097 2481461 2542327 2556373 2598511 2621921 2650013 2664059 2734289 2776427 2804519 2874749 2893477 3015209 3244627 3268037 3328903 3366359 3469363 3483409 3506819 3539593 3548957 3605141 3633233 3703463 3886061 4026521 4368307 4377671 4424491 4475993 4602407 4719457 4817779 4869281 4883327 4939511 5126791 5168929 5290661 5295343 5351527 5435803 5501351 5562217 5712041 5824409 5857183 5899321 5927413 5950823 5983597 6021053 6077237 6110011 6180241 6217697 6273881 6287927 6301973 6334747 6414341 6433069 6442433 6456479 6545437 6573529 6629713 6639077 6653123 6667169 6713989 6770173 6779537 6807629 6849767 6976181 7163461 7229009 7303921 7374151 7439699 7566113 7626979 7650389 7655071 7720619 7748711 7753393 7847033 7959401 8090497 8118589 8146681 8160727,107687 163871 177917 206009 262193 318377 346469 444791 486929 557159 585251 753803 795941 936401 1161137 1287551 1357781 1371827 1652747 1680839 1849391 1961759 2242679 2312909 2481461 2621921 2664059 2734289 2776427 2804519 2874749 3015209 3268037 3366359 3506819 3548957 3605141 3633233 3703463 4026521 4377671 4475993 4602407 4869281 4883327 4939511 5290661 5712041 5824409 6077237 6217697 6273881 6287927 6301973 6414341 6442433 6456479 6639077 6653123 6667169 6779537 6807629 6849767 7229009 7720619 7748711 7847033 7959401
2347,153,83,63,27,228,131,84,40,44,14083,14083,164291,14083 112657 126739 164291 183067 211231 281641 305111 337969 366133 408379 460013 492871 577363 718183 830839 1027987 1079621 1098397 1121867 1182889 1408201 1450447 1478611 1661677 1675759 1746169 1854131 1938623 1971481 2041891 2267203 2276591 2309449 2337613 2459657 2530067 2577007 2605171 2614559 2699051 2713133 2811707 2952527 3041713 3051101 3083959 3238861 3332741 3421927 3450091 3492337 3515807 3586217 3675403 3731731 3745813 3980513 4093169 4140109 4210519 4224601 4233989 4248071 4351339 4374809 4421749 4473383 4529711 4576651 4647061 4684613 4703389 4783187 4797269 4830127 4914619 4970947 4994417 5219729 5318303 5322997 5421571 5534227 5599943 5689129 5717293 5759539 5815867 5858113 5928523 5984851 6050567 6064649 6078731 6196081 6304043 6308737 6350983 6393229 6444863 6548131 6557519 6632623 6698339 6712421 6754667 6801607 6815689 6872017 7026919 7111411 7238149 7332029 7388357 7463461 7477543 7519789 7529177 7571423 7627751 7674691 7740407 7787347 7829593 7881227 7895309 8012659 8026741 8167561 8247359,164291 305111 460013 1079621 1121867 1854131 1938623 2459657 2530067 2614559 2811707 2952527 3051101 3332741 3515807 3586217 3980513 4233989 4248071 4374809 4529711 4684613 4783187 4797269 4994417 5219729 5318303 5599943 6050567 6064649 6078731 6304043 6557519 6698339 6754667 7388357 7740407 7881227 7895309 8247359
2351,157,99,74,46,227,142,105,65,40,4703,4703,4703,4703 14107 141061 155167 159869 239803 253909 258611 310333 324439 357353 427883 470201 521923 554837 653579 747619 804043 846361 935699 945103 978017 1119077 1133183 1189607 1340071 1415303 1424707 1551661 1556363 1579873 1626893 1739741 1791463 1946629 2087689 2177027 2200537 2205239 2271067 2303981 2374511 2398021 2412127 2557889 2680141 2769479 2792989 2835307 2863519 2910539 2962261 3051599 3075109 3093917 3249083 3258487 3263189 3291401 3385441 3517097 3554713 3615839 3625243 3742793 3766303 3799217 3813323 3879151 3893257 3907363 3926171 4161271 4245907 4321139 4344649 4443391 4513921 4598557 4603259 4683193 4697299 4730213 4772531 4810147 4843061 4913591 5035843 5068757 5096969 5176903 5209817 5238029 5247433 5289751 5332069 5421407 5430811 5435513 5562467 5576573 5585977 5600083 5703527 5966839 6056177 6136111 6225449 6248959 6277171 6291277 6324191 6507569 6813199 6902537 6911941 7001279 7053001 7071809 7081213 7184657 7264591 7269293 7283399 7339823 7410353 7518499 7551413 7636049 7678367 7706579 7734791 7899361 7904063 7927573 8012209 8031017 8068633 8172077 8195587 8209693 8270819,4703 159869 258611 357353 427883 470201 554837 653579 935699 978017 1119077 1133183 1189607 1415303 1556363 1626893 1739741 2177027 2205239 2303981 2374511 2557889 2769479 2910539 3051599 3093917 3249083 3263189 3291401 3517097 3615839 3742793 3799217 3813323 4321139 4603259 4730213 4772531 4843061 4913591 5068757 5096969 5209817 5238029 5421407 5435513 5562467 5576573 5703527 6056177 6225449 6324191 6507569 6902537 7001279 7071809 7184657 7283399 7410353 7551413 7706579 7734791 8031017 8172077 8270819
2357,159,97,83,49,230,148,112,69,43,32999,32999,32999,32999 56569 89567 117851 212131 245129 296983 386549 410119 443117 542111 622249 626963 810809 824951 919231 952229 961657 1121933 1150217 1216213 1343491 1433057 1456627 1484911 1602761 1612189 1687613 1697041 1767751 1781893 1871459 1880887 1885601 1942169 1951597 2036449 2111873 2140157 2206153 2225009 2295719 2347573 2422997 2446567 2474851 2804831 2861399 2960393 2969821 3026389 3031103 3054673 3073529 3130097 3158381 3181951 3427079 3436507 3450649 3719347 3761773 3790057 3808913 3818341 3865481 4049327 4077611 4148321 4157749 4186033 4289741 4313311 4445303 4468873 4473587 4487729 4544297 4586723 4652719 4681003 4822423 4841279 4850707 4869563 4897847 4996841 5067551 5076979 5152403 5204257 5274967 5350391 5392817 5444671 5529523 5548379 5604947 5628517 5633231 5689799 5699227 5760509 5788793 5812363 5854789 5911357 5925499 6095203 6099917 6123487 6128201 6307333 6326189 6335617 6363901 6481751 6519463 6547747 6623171 6637313 6665597 6703309 6764591 6821159 6891869 6929581 6948437 7047431 7132283 7184137 7226563 7254847 7316129 7325557 7396267 7415123 7471691 7537687 7551829 7683821 7778101 7891237 7990231 8075083 8117509 8216503 8306069,32999 89567 117851 245129 386549 443117 542111 626963 810809 824951 952229 1121933 1150217 1433057 1602761 1687613 1871459 1885601 1942169 2111873 2140157 2295719 2422997 2804831 2861399 2960393 3031103 3073529 3130097 3158381 3427079 3808913 4049327 4077611 4148321 4289741 4445303 4473587 4487729 4544297 4586723 4841279 4897847 4996841 5067551 5152403 5350391 5392817 5548379 5633231 5689799 5760509 5788793 6099917 6128201 6326189 6481751 6637313 6665597 6764591 6821159 6891869 6948437 7047431 7132283 7316129 7415123 7471691 7683821
2371,174,109,89,56,242,155,119,76,43,94841,94841,94841,94841 113809 156487 279779 369877 478943 493169 512137 550073 564299 654397 663881 825109 919949 976853 991079 1019531 1109629 1161791 1223437 1261373 1332503 1346729 1379923 1394149 1422601 1451053 1465279 1493731 1517441 1673927 1688153 1721347 1730831 1745057 1759283 1792477 1806703 1863607 1877833 1986899 2105449 2114933 2148127 2162353 2171837 2228741 2247709 2257193 2314097 2389969 2418421 2456357 2461099 2612843 2774071 2840459 2845201 2887879 3039623 3053849 3172399 3253013 3286207 3324143 3338369 3343111 3366821 3409499 3414241 3442693 3499597 3509081 3523307 3599179 3622889 3651341 3765149 3769891 3798343 3807827 3812569 3836279 3883699 3997507 4054411 4263059 4282027 4353157 4362641 4367383 4410061 4433771 4447997 4452739 4462223 4576031 4580773 4594999 4675613 4817873 4936423 4979101 5007553 5145071 5230427 5434333 5500721 5600303 5657207 5704627 5756789 5927501 5946469 6012857 6027083 6069761 6074503 6088729 6112439 6287893 6425411 6501283 6558187 6572413 6586639 6629317 6653027 6657769 6667253 6686221 6738383 6757351 6923321 7065581 7108259 7136711 7250519 7425973 7449683 7468651 7482877 7734203 7753171 7781623 7862237 8037691 8061401 8137273 8203661 8217887 8232113 8279533 8293759 8417051,94841 279779 478943 493169 550073 564299 663881 919949 976853 991079 1019531 1161791 1261373 1332503 1346729 1517441 1673927 1688153 1730831 1745057 1759283 1986899 2114933 2171837 2228741 2257193 2314097 2456357 2612843 2840459 3039623 3053849 3253013 3324143 3338369 3366821 3409499 3509081 3523307 3622889 3651341 3765149 3807827 3836279 4263059 4362641 4433771 4447997 4462223 4576031 4675613 4817873 5145071 5230427 5500721 5600303 5657207 5756789 6012857 6027083 6069761 6112439 6653027 6667253 6738383 7065581 7108259 7136711 7250519 7449683 7734203 7862237 8061401 8203661 8232113 8417051
2377,157,94,78,45,236,140,105,62,43,42787,42787,137867,42787 137867 223439 280487 323273 351797 370813 556219 613267 679823 736871 751133 779657 784411 855721 869983 1083913 1178993 1364399 1369153 1483249 1507019 1535543 1554559 1606853 1611607 1635377 1640131 1649639 1735211 1896847 1911109 1920617 1949141 1968157 2006189 2082253 2153563 2163071 2177333 2305691 2338969 2348477 2434049 2448311 2495851 2609947 2709781 2852401 2861909 2895187 2933219 2961743 3037807 3052069 3132887 3147149 3180427 3346817 3494191 3503699 3536977 3551239 3646319 3708121 3845987 3907789 3936313 3960083 3964837 4007623 4150243 4174013 4178767 4264339 4292863 4335649 4430729 4464007 4649413 4715969 4844327 4849081 4915637 4977439 5015471 5048749 5058257 5191369 5229401 5343497 5500379 5533657 5642999 5657261 5700047 5742833 5771357 5890207 6132661 6203971 6213479 6270527 6356099 6360853 6370361 6460687 6503473 6603307 6741173 6745927 6774451 6812483 6831499 6860023 6940841 7097723 7131001 7169033 7226081 7259359 7330669 7440011 7454273 7630171 7644433 7668203 7687219 7839347 7844101 7901149 7986721 8043769 8072293 8167373 8224421 8400319 8424089 8438351 8457367,137867 223439 280487 323273 351797 679823 736871 751133 779657 1178993 1364399 1507019 1535543 1606853 1635377 1649639 1735211 1920617 1949141 2006189 2163071 2177333 2305691 2348477 2434049 2448311 2861909 2933219 2961743 3132887 3346817 3503699 3646319 3845987 3960083 4174013 4430729 4715969 4844327 4915637 5015471 5058257 5229401 5343497 5500379 5657261 5700047 5742833 5771357 6356099 6370361 6741173 6812483 7097723 7169033 7226081 7440011 7668203 7839347 8167373 8224421 8438351
2381,164,106,76,47,238,150,111,68,43,28573,28573,133337,28573 85717 100003 133337 242863 285721 300007 376199 419057 457153 471439 561917 576203 585727 590489 642871 671443 690491 704777 785731 885733 900019 919067 976211 990497 1019069 1100023 1133357 1204787 1285741 1385743 1428601 1442887 1504793 1571461 1585747 1671463 1742893 1761941 1800037 1885753 2004803 2071471 2085757 2190521 2233379 2290523 2300047 2328619 2376239 2442907 2457193 2500051 2633387 2657197 2690531 2704817 2761961 2919107 2933393 2971489 3000061 3119111 3133397 3204827 3242923 3371497 3561977 3571501 3585787 3642931 3661979 3690551 3833411 3861983 3876269 3928651 3957223 4000081 4042939 4061987 4071511 4185799 4219133 4233419 4419137 4433423 4504853 4519139 4619141 4642951 4742953 4790573 4828669 4919147 4942957 4957243 4971529 5000101 5157247 5171533 5233439 5333441 5385823 5419157 5576303 5685829 5733449 5742973 5862023 5876309 5885833 5990597 6000121 6071551 6276317 6300127 6371557 6542989 6590609 6600133 6642991 6690611 6719183 6804899 6857281 6871567 6876329 6904901 6933473 6942997 6957283 7100143 7228717 7262051 7328719 7419197 7585867 7657297 7671583 7719203 7762061 7785871 7857301 8076353 8119211 8162069 8219213 8243023 8290643,133337 376199 419057 561917 576203 590489 690491 704777 919067 976211 990497 1019069 1133357 1204787 1504793 1761941 2004803 2190521 2233379 2290523 2376239 2633387 2690531 2704817 2761961 2919107 3119111 3204827 3561977 3661979 3690551 3833411 3861983 3876269 4061987 4219133 4233419 4419137 4433423 4504853 4519139 4619141 4919147 5233439 5333441 5419157 5576303 5733449 5862023 5876309 5990597 6276317 6590609 6690611 6719183 6804899 6876329 6904901 6933473 7262051 7419197 7719203 7762061 8076353 8119211 8162069 8219213 8290643
2383,158,97,70,43,239,141,108,67,41,28597,28597,81023,28597 81023 157279 195407 324089 343153 366983 386047 414643 486133 500431 509963 524261 624347 629113 652943 667241 681539 729199 867413 910307 986563 1000861 1015159 1110479 1158139 1181969 1196267 1224863 1243927 1267757 1301119 1324949 1429801 1558483 1625207 1715761 1744357 1753889 1787251 1825379 1858741 1915933 1944529 2097041 2158999 2297213 2411597 2459257 2502151 2525981 2583173 2630833 2645131 2730919 2816707 2845303 3016879 3102667 3159859 3288541 3326669 3360031 3369563 3398159 3483947 3584033 3698417 3846163 3869993 3898589 4060633 4160719 4170251 4184549 4203613 4217911 4246507 4298933 4413317 4446679 4518169 4527701 4613489 4627787 4670681 4732639 4913747 4918513 4947109 5028131 5061493 5104387 5147281 5156813 5199707 5204473 5733499 5771627 5871713 5886011 5890777 6057587 6090949 6133843 6157673 6162439 6186269 6200567 6448399 6648571 6686699 6700997 6820147 6958361 6972659 6991723 7015553 7063213 7187129 7201427 7301513 7315811 7401599 7558877 7616069 7630367 7663729 7730453 7735219 7749517 7806709 7873433 7902029 8035477 8116499 8130797 8164159 8173691 8259479 8435821,81023 195407 324089 366983 509963 524261 624347 652943 667241 681539 867413 910307 1110479 1181969 1196267 1224863 1267757 1324949 1625207 1753889 1825379 2297213 2411597 2525981 2583173 3326669 3369563 3398159 3483947 3584033 3698417 3869993 3898589 4170251 4184549 4298933 4413317 4527701 4613489 4627787 4913747 5028131 5199707 5771627 5871713 5886011 6057587 6157673 6186269 6200567 6700997 6958361 6972659 7015553 7187129 7201427 7301513 7315811 7558877 7616069 7630367 7730453 7873433 7902029 8116499 8130797 8259479
2389,155,102,66,41,231,150,105,67,38,43003,43003,210233,43003 71671 210233 267569 272347 296237 310571 315349 329683 344017 382241 415687 501691 654587 711923 740591 769259 817039 831373 840929 869597 1003381 1032049 1055939 1285283 1385621 1390399 1476403 1490737 1500293 1600631 1691413 1705747 1748749 1786973 1820419 1834753 1849087 1858643 1892089 1935091 2078431 2150101 2207437 2221771 2250439 2274329 2489339 2494117 2623123 2647013 2704349 2747351 2780797 2819021 2852467 2962361 2995807 3053143 3091367 3153481 3210817 3225151 3354157 3363713 3378047 3397159 3421049 3492719 3540499 3578723 3679061 3726841 3879737 4080413 4128193 4166417 4223753 4228531 4252421 4309757 4424429 4443541 4496099 4754111 4811447 4859227 4945231 5016901 5203243 5212799 5284469 5289247 5303581 5427809 5446921 5470811 5528147 5561593 5614151 5618929 5690599 5848273 5857829 5900831 5905609 5972501 6020281 6048949 6101507 6158843 6192289 6431189 6517193 6564973 6588863 6794317 6808651 6837319 6851653 7104887 7152667 7167001 7190891 7233893 7377233 7434569 7439347 7520573 7577909 7597021 7620911 7625689 7640023 7654357 7721249 7735583 7840699 7855033 7864589 7936259 7979261 8122601 8170381 8194271 8242051 8337611 8366279 8409281 8509619,210233 267569 296237 310571 382241 654587 711923 740591 769259 840929 869597 1055939 1285283 1385621 1500293 1600631 1786973 1858643 2274329 2489339 2647013 2704349 2747351 2819021 2962361 3091367 3363713 3378047 3421049 3679061 3879737 4080413 4166417 4223753 4309757 4424429 4496099 4811447 5212799 5528147 5614151 5857829 5900831 5972501 6101507 6158843 6431189 6517193 6588863 7104887 7190891 7377233 7434569 7520573 7577909 7620911 7721249 7735583 7864589 7936259 7979261 8122601 8194271 8337611 8366279 8409281 8509619
2393,149,94,75,45,231,140,111,68,43,4787,4787,4787,4787 33503 148367 191441 244087 349379 406811 430741 507317 579107 607823 674827 708329 794477 909341 918913 1033777 1110353 1182143 1196501 1234789 1277863 1282649 1435801 1440587 1651171 1665529 1713389 1756463 1842611 1871327 1880899 1900043 1952689 2168059 2225491 2282923 2345141 2369071 2440861 2445647 2527009 2589227 2646659 2670589 2814169 2847671 2929033 2948177 2972107 2976893 3063041 3072613 3292769 3316699 3359773 3493781 3508139 3565571 3618217 3675649 3780941 3790513 3819229 3934093 3981953 4053743 4120747 4211681 4249969 4336117 4393549 4427051 4450981 4498841 4551487 4671137 4699853 4814717 4915223 5015729 5030087 5054017 5058803 5073161 5125807 5326819 5341177 5484757 5518259 5590049 5657053 5661839 5671411 5819777 5843707 5934641 6030361 6135653 6159583 6202657 6303163 6346237 6394097 6422813 6532891 6566393 6604681 6676471 6690829 6709973 6738689 6781763 6805693 6896627 6968417 7035421 7107211 7111997 7169429 7179001 7250791 7265149 7384799 7442231 7480519 7614527 7671959 7715033 7753321 7782037 7896901 8002193 8016551 8270209 8318069 8332427 8432933 8519081 8571727,4787 33503 148367 191441 349379 406811 507317 579107 607823 708329 794477 909341 1110353 1182143 1196501 1282649 1440587 1713389 1756463 1842611 1871327 1900043 2345141 2445647 2589227 2646659 2847671 2948177 2976893 3063041 3292769 3493781 3508139 3565571 3780941 4053743 4427051 4498841 4699853 4814717 4915223 5015729 5058803 5518259 5590049 5819777 5934641 6135653 6394097 6422813 6566393 6709973 6738689 6781763 6896627 6968417 7111997 7169429 7384799 7442231 7671959 7715033 8002193 8016551 8318069 8332427 8432933 8519081
2399,164,100,83,47,256,148,115,63,52,4799,4799,4799,4799 28789 33587 91163 105557 201517 249497 321467 451013 460609 465407 503791 561367 594953 705307 767681 777277 820459 839651 863641 906823 1012379 1036369 1041167 1113137 1170713 1257077 1271471 1401017 1425007 1439401 1458593 1468189 1472987 1482583 1511371 1559351 1674503 1770463 1799251 1900009 1947989 1986373 2015161 2019959 2207081 2235869 2250263 2264657 2279051 2331829 2375011 2432587 2446981 2518951 2523749 2638901 2754053 2840417 2850013 2950771 2969963 2984357 3008347 3027539 3094711 3123499 3185873 3440167 3473753 3584107 3598501 3632087 3646481 3843199 3943957 4030321 4078301 4102291 4145473 4337393 4346989 4447747 4462141 4466939 4481333 4495727 4534111 4582091 4591687 4663657 4682849 4706839 5023507 5201033 5210629 5426539 5431337 5455327 5575277 5815177 5877551 5901541 6064673 6151037 6160633 6175027 6333361 6362149 6405331 6477301 6506089 6510887 6520483 6549271 6678817 6765181 6822757 6837151 6957101 6966697 7024273 7081849 7144223 7216193 7240183 7288163 7326547 7345739 7388921 7528063 7614427 7657609 7672003 7806347 7815943 7844731 7878317 7959883 8022257 8065439 8118217 8209379 8295743 8382107 8564431 8612411 8622007,4799 33587 91163 105557 249497 321467 451013 594953 767681 839651 1012379 1041167 1113137 1170713 1257077 1271471 1401017 1458593 1472987 1559351 1674503 1947989 2019959 2207081 2235869 2250263 2264657 2279051 2523749 2638901 2754053 2840417 2969963 2984357 3027539 3185873 3473753 3632087 3646481 4078301 4466939 4481333 4495727 4582091 4682849 5431337 5575277 5877551 6064673 6151037 6957101 7144223 7216193 7288163 7345739 7388921 7806347 7878317 8022257 8065439 8209379 8382107 8612411
2411,160,105,63,36,229,148,90,55,35,19289,19289,19289,19289 28933 48221 62687 77153 120551 135017 216991 352007 361651 405049 433981 535243 554531 597929 607573 626861 641327 699191 737767 824563 839029 858317 1113883 1128349 1147637 1171747 1200679 1301941 1330873 1374271 1436957 1465889 1518931 1706989 1711811 1813073 1851649 1923979 1952911 1967377 2025241 2068639 2140969 2174723 2218121 2242231 2247053 2256697 2271163 2329027 2362781 2430289 2546017 2608703 2618347 2623169 2647279 2695499 2767829 2893201 2979997 2994463 3066793 3124657 3182521 3283783 3317537 3418799 3471841 3491129 3500773 3544171 3630967 3664721 3809381 3925109 3968507 4026371 4098701 4171031 4199963 4383199 4571257 4585723 4619477 4744849 4749671 4817179 4822001 4846111 4889509 4947373 4990771 5125787 5164363 5212583 5294557 5381353 5468149 5511547 5569411 5598343 5757469 5805689 5815333 5849087 5950349 6051611 6066077 6104653 6123941 6176983 6268601 6292711 6307177 6321643 6427727 6466303 6644717 6683293 6717047 6745979 6770089 6813487 6871351 7035299 7044943 7102807 7165493 7237823 7324619 7368017 7377661 7469279 7512677 7522321 7695913 7739311 7826107 7859861 7946657 8144359 8163647 8187757 8250443 8264909 8607271,19289 48221 62687 77153 120551 135017 352007 554531 597929 626861 641327 699191 858317 1147637 1436957 1465889 1711811 1813073 2218121 2247053 2362781 2623169 2695499 2767829 3317537 3418799 3664721 3925109 3968507 4026371 4098701 4171031 4619477 5125787 5212583 5805689 5849087 5950349 6051611 6066077 6123941 6268601 6427727 6717047 6745979 7035299 7237823 7368017 7469279 7512677 7859861 7946657 8163647 8250443 8264909
2417,161,106,69,48,231,143,88,61,27,48341,48341,48341,48341 87013 120851 135353 164357 178859 236867 280373 290041 323879 352883 468899 507571 522073 570413 580081 652591 710599 797611 845951 855619 932963 1000639 1034477 1131157 1160161 1203667 1223003 1363189 1450201 1484039 1522711 1566217 1740241 1827253 1904597 1928767 1991609 2006111 2078621 2093123 2102791 2117293 2247811 2262313 2320321 2339657 2383163 2407333 2499179 2537851 2581357 2653867 2658701 2716709 2818223 2847227 2963243 3016417 3079259 3151769 3180773 3296789 3325793 3378967 3393469 3451477 3586829 3688343 3756019 3843031 3876869 3886537 3934877 4021889 4036391 4046059 4205581 4224917 4249087 4365103 4398941 4466617 4485953 4543961 4611637 4655143 4713151 4756657 4775993 4843669 4877507 4988689 5003191 5051531 5095037 5293231 5341571 5351239 5365741 5414081 5457587 5481757 5510761 5718623 5791133 5936153 6153683 6269699 6414719 6438889 6501731 6516233 6525901 6598411 6617747 6704759 6743431 6951293 7018969 7067309 7226831 7396021 7444361 7516871 7541041 7589381 7599049 7729567 7734401 7816579 7821413 7831081 8067947 8135623 8227469 8237137 8353153 8425663 8498173 8527177 8541679 8744707,48341 120851 135353 164357 178859 236867 280373 323879 352883 468899 570413 845951 932963 1223003 1484039 1904597 1991609 2006111 2078621 2093123 2339657 2383163 2499179 2658701 2716709 2818223 2847227 2963243 3079259 3151769 3180773 3296789 3325793 3586829 3688343 3876869 3934877 4021889 4224917 4398941 4485953 4543961 4775993 4877507 5051531 5341571 5457587 5791133 5936153 6269699 6414719 6516233 6951293 7067309 7226831 7444361 7516871 7589381 7734401 7821413 8067947
2423,162,91,79,41,239,133,115,60,55,58153,58153,193841,58153 145381 174457 193841 208379 281069 397373 586367 644519 688133 814129 848051 872281 993431 1221193 1264807 1410187 1584643 1633103 1686409 1734869 1773637 1851173 1865711 1875403 1904479 1991707 2025629 2180701 2214623 2326081 2330927 2360003 2427847 2461769 2476307 2485999 2505383 2519921 2645917 2747683 2767067 2791297 2820373 2912447 2956061 3086903 3416431 3595733 3639347 3794419 3857417 3901031 3925261 4002797 4099717 4104563 4133639 4143331 4157869 4206329 4249943 4274173 4351709 4419553 4511627 4564933 4657007 4686083 4700621 4710313 4715159 4724851 4812079 4942921 4976843 5088301 5117377 5194913 5233681 5311217 5379061 5412983 5451751 5456597 5558363 5626207 5655283 5669821 5727973 5805509 5936351 6062347 6096269 6139883 6193189 6207727 6241649 6314339 6411259 6483949 6614791 6677789 6794093 6891013 6983087 7065469 7128467 7152697 7201157 7298077 7472533 7501609 7608221 7690603 7734217 7763293 7768139 7835983 7898981 7923211 7995901 8000747 8083129 8262431 8301199 8349659 8417503 8509577 8640419 8713109 8771261 8795491,193841 208379 281069 397373 586367 644519 688133 848051 993431 1734869 1851173 1865711 2025629 2214623 2330927 2360003 2461769 2476307 2505383 2767067 2912447 2956061 3086903 3595733 3639347 3857417 4002797 4104563 4133639 4206329 4249943 4351709 4657007 4686083 4700621 4976843 5194913 5311217 5412983 5456597 5805509 5936351 6096269 6139883 6314339 6677789 6794093 6983087 7128467 7201157 7608221 7768139 7898981 8000747 8262431 8349659 8509577 8640419 8713109 8771261
2437,171,101,74,50,243,144,103,69,34,9749,9749,9749,9749 24371 43867 112103 146221 214457 243701 292441 302189 433787 463031 482527 550763 653117 682361 740849 789589 804211 877321 887069 994297 1023541 1033289 1135643 1169761 1257493 1476823 1486571 1520689 1535311 1666909 1793633 1915483 1944727 1998341 2042207 2217671 2237167 2281033 2310277 2363891 2378513 2495489 2773307 2817173 2865913 2939023 3065747 3070621 3094991 3402053 3436171 3445919 3475163 3504407 3523903 3567769 3577517 3626257 3728611 3752981 3796847 3811469 3840713 3860209 3947941 4021051 4045421 4191641 4240381 4298869 4323239 4352483 4459711 4547443 4576687 4601057 4615679 4649797 4703411 4718033 4737529 4849631 4864253 4937363 5068961 5112827 5117701 5185937 5205433 5229803 5259047 5273669 5307787 5346779 5483251 5566109 5687959 5741573 5790313 5819557 6180233 6185107 6199729 6272839 6297209 6345949 6516539 6740743 6765113 6808979 6813853 6867467 6886963 7062427 7174529 7189151 7252513 7262261 7296379 7320749 7423103 7427977 7466969 7540079 7603441 7749661 7764283 7774031 7788653 7808149 7837393 7847141 7920251 8110337 8173699 8246809 8344289 8451517 8563619 8592863 8768327 8797571 8860933,9749 24371 112103 214457 243701 302189 433787 463031 550763 653117 682361 740849 887069 1033289 1135643 1486571 1793633 1998341 2042207 2217671 2363891 2378513 2495489 2817173 3094991 3402053 3445919 3475163 3504407 3577517 3752981 3796847 3811469 3840713 4045421 4191641 4323239 4352483 4615679 4718033 4849631 4864253 4937363 5068961 5112827 5185937 5259047 5273669 5566109 5741573 6297209 6516539 6765113 6808979 6867467 7174529 7262261 7320749 7423103 7466969 7540079 7774031 7788653 7847141 7920251 8110337 8344289 8592863 8768327
2441,164,111,81,57,236,154,112,75,37,48821,48821,48821,48821 63467 122051 151343 175753 209927 322213 356387 380797 395443 414971 439381 502847 600487 629779 649307 678599 722537 737183 805531 820177 854351 868997 908053 922699 981283 1044749 1147271 1191209 1557359 1625707 1659881 1728229 1757521 1806341 1835633 1850279 1903981 1996739 2065087 2143199 2172491 2240839 2245721 2270131 2289659 2318951 2343361 2358007 2421473 2480057 2519113 2567933 2577697 2699747 2797387 2860853 2870617 2992667 3007313 3080543 3309997 3388109 3471103 3505277 3515041 3602917 3676147 3724967 3739613 3749377 3812843 3827489 3959303 3969067 4032533 4071589 4100881 4105763 4174111 4261987 4320571 4413329 4530497 4569553 4633019 4716013 4774597 4823417 4833181 4838063 4847827 4984523 5140747 5243269 5248151 5287207 5394611 5419021 5433667 5438549 5521543 5565481 5585009 5643593 5687531 5726587 5731469 5741233 5833991 5951159 6107383 6200141 6239197 6244079 6253843 6302663 6327073 6371011 6532117 6712751 6727397 6756689 6825037 6898267 7020317 7074019 7132603 7371821 7410877 7474343 7586629 7635449 7781909 7791673 7825847 7864903 7884431 7928369 8001599 8011363 8118767 8133413 8148059 8172469 8216407 8362867 8397041 8499563 8523973 8611849 8670433 8704607 8777837,48821 63467 122051 151343 209927 356387 414971 502847 649307 678599 722537 737183 854351 868997 1044749 1147271 1191209 1557359 1659881 1806341 1850279 1996739 2143199 2172491 2245721 2289659 2318951 2421473 2480057 2567933 2699747 2860853 2992667 3007313 3080543 3388109 3505277 3724967 3739613 3812843 3827489 3959303 4032533 4105763 4413329 4530497 4823417 4838063 5248151 5394611 5438549 5585009 5643593 5687531 5731469 5833991 5951159 6200141 6244079 6302663 6727397 6756689 7020317 7371821 7474343 7635449 7825847 7928369 8118767 8133413 8148059 8397041 8499563 8704607 8777837
2447,164,88,75,42,242,128,106,58,48,14683,14683,34259,14683 34259 88093 161503 205549 254489 357263 401309 606857 724313 753677 768359 807511 827087 924967 929861 944543 998377 1047317 1120727 1385003 1438837 1482883 1487777 1517141 1585657 1615021 1805887 1849933 1898873 2055481 2128891 2148467 2309969 2398061 2471471 2510623 2613397 2691701 2779793 2833627 2862991 2897249 3068539 3117479 3171313 3337709 3435589 3513893 3543257 3567727 3587303 3597091 3631349 3734123 3807533 3978823 3998399 4022869 4027763 4110961 4169689 4478011 4492693 4566103 4624831 4747181 4815697 4864637 4879319 4933153 4938047 4982093 4991881 5050609 5055503 5084867 5153383 5212111 5329567 5378507 5402977 5623207 5628101 5686829 5725981 5740663 5745557 6039197 6063667 6068561 6215381 6254533 6274109 6386671 6406247 6479657 6494339 6582431 6724357 6773297 6827131 6871177 6876071 6890753 7022891 7037573 7252909 7267591 7331213 7341001 7654217 7815719 7913599 8016373 8109359 8221921 8314907 8417681 8461727 8486197 8500879 8652593 8823883 8828777 8882611 8897293 8956021,34259 254489 357263 401309 606857 724313 753677 768359 827087 929861 944543 1047317 1120727 1385003 1487777 1517141 1898873 2148467 2309969 2398061 2471471 2691701 2779793 3117479 3337709 3513893 3543257 3587303 3631349 3734123 3807533 3998399 4027763 4747181 4864637 4879319 4938047 4982093 5055503 5084867 5628101 5745557 6039197 6068561 6215381 6406247 6479657 6494339 6773297 7022891 7037573 7331213 7815719 8109359 8314907 8461727 8652593 8828777
2459,156,99,69,43,230,148,100,64,36,4919,4919,4919,4919 44263 147541 152459 167213 280327 324589 413113 477047 501637 516391 545899 560653 565571 683603 742619 772127 786881 840979 855733 944257 978683 1003273 1067207 1199993 1254091 1362287 1431139 1495073 1593433 1681957 1696711 1701629 1755727 1770481 1829497 1893431 1962283 2070479 2085233 2114741 2144249 2345887 2463919 2542607 2567197 2581951 2660639 2690147 2704901 2714737 2729491 2758999 2822933 2877031 2896703 2906539 3098341 3118013 3201619 3231127 3250799 3280307 3324569 3378667 3516371 3526207 3663911 3870467 3885221 3968827 4003253 4027843 4150793 4165547 4209809 4381939 4411447 4677019 4696691 4750789 4795051 4824559 4991771 5090131 5311441 5340949 5488489 5611439 5665537 5699963 5709799 5803241 5813077 5827831 5847503 5995043 6004879 6009797 6078649 6093403 6157337 6167173 6201599 6314713 6349139 6388483 6422909 6437663 6467171 6521269 6526187 6609793 6614711 6688481 6836021 6963889 7008151 7057331 7126183 7140937 7263887 7273723 7278641 7396673 7470443 7485197 7524541 7716343 7745851 7780277 7854047 7868801 7952407 8040931 8208143 8232733 8365519 8414699 8429453 8503223 8586829 8763877 8822893 8886827 8970433 9049121 9058957,4919 152459 167213 477047 565571 683603 742619 772127 786881 978683 1067207 1199993 1362287 1495073 1701629 1893431 2070479 2085233 2114741 2144249 2542607 2660639 2690147 2704901 2822933 2896703 3118013 3250799 3280307 3324569 3663911 3870467 3885221 4003253 4150793 4165547 4696691 4991771 5699963 5803241 5847503 5995043 6009797 6157337 6201599 6349139 6422909 6437663 6467171 6526187 6614711 6836021 7057331 7263887 7396673 7485197 7854047 7868801 8208143 8414699 8429453 8503223 8886827 9049121
2467,170,105,78,44,236,146,109,64,45,59209,59209,291107,59209 148021 162823 291107 296041 340447 394721 409523 458863 513137 577279 651289 675959 754903 779573 838781 873319 883187 962131 1095349 1105217 1120019 1134821 1243369 1258171 1268039 1302577 1342049 1480201 1495003 1519673 1549277 1667693 1776241 1791043 1820647 1845317 1924261 2057479 2156159 2309113 2338717 2511407 2679163 2723569 2901193 2911061 2999873 3118289 3152827 3177497 3226837 3256441 3345253 3429131 3473537 3478471 3488339 3567283 3591953 3685699 3813983 3818917 3833719 3932399 3996541 4021211 4139627 4258043 4292581 4307383 4317251 4455403 4499809 4524479 4554083 4588621 4628093 4662631 4677433 4721839 4731707 4761311 4776113 4781047 4825453 4835321 4850123 4894529 5003077 5017879 5165899 5175767 5239909 5269513 5299117 5501411 5521147 5693837 5861593 5871461 5886263 5920801 5935603 6009613 6128029 6216841 6241511 6261247 6335257 6389531 6409267 6433937 6522749 6586891 6803987 6833591 6892799 6966809 7001347 7030951 7075357 7104961 7144433 7178971 7519417 7573691 7682239 7711843 7780919 7928939 7978279 8180573 8313791 8358197 8550623 8624633 8654237 8698643 8757851 8772653 8831861 8866399 8876267 8896003 9044023,291107 394721 409523 513137 675959 779573 838781 883187 1105217 1120019 1134821 1268039 1342049 1519673 1549277 1667693 1845317 2156159 2511407 2911061 2999873 3118289 3177497 3473537 3488339 3591953 3813983 3932399 4021211 4139627 4258043 4317251 4524479 4554083 4628093 4731707 4761311 4776113 4835321 5175767 5501411 5693837 5871461 5886263 6241511 6389531 6433937 6522749 6803987 6833591 6892799 6966809 7144433 7573691 7780919 7928939 8180573 8313791 8358197 8550623 8654237 8698643 8757851 8772653
2473,176,107,80,51,251,155,116,73,43,103867,103867,247301,103867 133543 247301 262139 276977 356113 380843 410519 430303 445141 573737 608359 697387 707279 727063 756739 796307 816091 825983 870497 875443 944687 949633 1093067 1152419 1226609 1241447 1290907 1365097 1508531 1523369 1656911 1661857 1716263 1820129 1834967 1839913 1958617 1983347 2057537 2062483 2077321 2087213 2151511 2225701 2250431 2265269 2280107 2329567 2374081 2433433 2477947 2502677 2522461 2784599 2819221 2878573 2918141 2977493 2992331 2997277 3041791 3155549 3205009 3214901 3422633 3427579 3575959 3689717 3709501 3724339 3838097 4016153 4045829 4065613 4080451 4139803 4154641 4288183 4303021 4535483 4540429 4565159 4609673 4787729 4822351 4876757 4955893 4985569 5054813 5059759 5222977 5307059 5415871 5499953 5504899 5579089 5648333 5697793 5752199 5846173 5885741 5900579 5915417 5920363 5964877 6039067 6172609 6197339 6261637 6286367 6320989 6330881 6419909 6484207 6508937 6553451 6701831 6736453 6835373 6855157 6884833 7003537 7077727 7102457 7206323 7255783 7270621 7280513 7310189 7700923 7715761 7770167 7804789 7829519 7948223 7977899 7997683 8101549 8141117 8235091 8348849 8383471 8467553 8482391 8487337 8512067 8606041 8630771 8695069 8739583 8779151 8813773 8858287 9090749,247301 262139 276977 380843 410519 573737 707279 796307 825983 870497 944687 1093067 1152419 1226609 1241447 1508531 1523369 1656911 1716263 1820129 1834967 1983347 2057537 2087213 2250431 2265269 2280107 2502677 2784599 2918141 2977493 2992331 3155549 3214901 3422633 3689717 3838097 4016153 4045829 4535483 4565159 4609673 4787729 4876757 5054813 5307059 5499953 5648333 5885741 5900579 5915417 6197339 6286367 6330881 6419909 6508937 6553451 6701831 6835373 7102457 7206323 7280513 7310189 7948223 7977899 8141117 8348849 8467553 8482391 8512067 8630771 8779151 9090749
2477,176,106,77,47,247,143,105,63,42,64403,64403,64403,64403 118897 163483 183299 213023 222931 386413 495401 535033 554849 569711 614297 653929 658883 668791 683653 762917 926399 980893 1015571 1084927 1104743 1114651 1208777 1327673 1352443 1382167 1426753 1471339 1520879 1535741 1550603 1560511 1699223 1709131 1842889 1922153 1932061 1976647 2140129 2174807 2244163 2288749 2293703 2348197 2363059 2368013 2452231 2526541 2576081 2590943 2665253 2675161 2734609 2784149 2808919 2858459 2942677 3096251 3135883 3155699 3185423 3269641 3378629 3433123 3462847 3492571 3675869 3839351 3883937 3953293 4002833 4047419 4131637 4220809 4324843 4329797 4369429 4384291 4473463 4552727 4622083 4716209 4740979 4830151 4845013 4849967 4939139 4963909 5236379 5246287 5251241 5295827 5370137 5414723 5444447 5558389 5682239 5711963 5736733 5771411 5890307 5959663 6068651 6083513 6108283 6152869 6167731 6316351 6440201 6583867 6648269 6707717 6777073 6811751 6836521 6895969 6970279 7034681 7227887 7297243 7326967 7331921 7376507 7416139 7421093 7525127 7673747 7802551 7847137 7911539 7970987 8070067 8084929 8283089 8372261 8535743 8545651 8634823 8669501 8892431 8907293 9006373,64403 183299 213023 495401 554849 569711 614297 658883 926399 1015571 1104743 1208777 1327673 1520879 1535741 1550603 1699223 1922153 2174807 2293703 2368013 2576081 2590943 2665253 2784149 2858459 3096251 3155699 3185423 3378629 3675869 3839351 3883937 4002833 4329797 4716209 4849967 4939139 5251241 5295827 5370137 5444447 5711963 5771411 5890307 6068651 6083513 6440201 6648269 6707717 6811751 7034681 7227887 7331921 7421093 7673747 7911539 7970987 8372261 8535743 8669501 8892431 8907293
2503,174,98,88,50,247,147,121,70,51,25031,25031,25031,25031 85103 175211 250301 405487 430517 505607 550661 610733 715859 735883 760913 805967 810973 825991 926111 1061273 1066279 1111333 1156387 1216459 1226471 1241489 1301561 1331597 1336603 1366639 1391669 1526831 1576891 1616939 1651981 1666999 1682017 1932317 2042449 2082497 2157587 2192629 2232677 2277731 2282737 2427911 2487983 2688223 2713253 2758307 2788343 2883457 3093709 3108727 3213853 3228871 3389063 3404081 3439123 3559267 3619339 3664393 3694429 3869639 3934717 4039843 4109927 4190023 4205041 4295149 4380251 4430311 4440323 4530431 4560467 4590503 4740683 4755701 4805761 4835797 4910887 5016013 5161187 5206241 5406481 5416493 5581691 5631751 5686817 5691823 5806961 5821979 5836997 5867033 5897069 5932111 6017213 6037237 6067273 6122339 6142363 6292543 6367633 6457741 6467753 6542843 6557861 6592903 6622939 6662987 6783131 6788137 6843203 6888257 6998389 7013407 7058461 7133551 7173599 7223659 7323779 7338797 7418893 7463947 7509001 7549049 7684211 7719253 7789337 7794343 7864427 7944523 8059661 8149769 8239877 8375039 8410081 8470153 8710441 8725459 8815567 8890657 8920693 8960741 9050849 9065867 9145963 9276119 9291137 9296143,25031 85103 175211 250301 430517 505607 550661 610733 715859 760913 805967 926111 1061273 1226471 1241489 1301561 1331597 1391669 1526831 1616939 1932317 2082497 2157587 2232677 2277731 2427911 2487983 2713253 2758307 2788343 3389063 3404081 3869639 4109927 4380251 4440323 4530431 4590503 4740683 4755701 5161187 5206241 5416493 5581691 5806961 5821979 5836997 5867033 5897069 6122339 6467753 6542843 6557861 6662987 6783131 6843203 7173599 7338797 7549049 7684211 7789337 7864427 8059661 8149769 8239877 8960741 9050849 9065867 9276119 9291137
2521,169,109,75,51,249,164,105,72,33,70589,70589,70589,70589 105883 221849 252101 272269 357983 378151 408403 478991 499159 524369 529411 584873 635293 675629 786553 907561 937813 978149 1008401 1028569 1058821 1114283 1159661 1240333 1376467 1386551 1416803 1431929 1507559 1527727 1613441 1628567 1633609 1643693 1689071 1754617 1840331 1845373 1855457 2021843 2087389 2445371 2465539 2541169 2571421 2717639 2752933 2778143 2823521 2964697 2974781 3005033 3141167 3206713 3252091 3267217 3494107 3630241 3660493 3731081 3761333 3781501 3821837 3887383 4008391 4048727 4124357 4174777 4189903 4275617 4381499 4401667 4442003 4457129 4487381 4608389 4658809 4704187 4764691 4835279 4895783 4941161 4946203 5157967 5188219 5218471 5248723 5258807 5324353 5369731 5440319 5490739 5515949 5536117 5636957 5702503 5717629 5747881 5818469 5924351 5969729 5989897 6126031 6151241 6166367 6292417 6317627 6347879 6378131 6428551 6443677 6468887 6519307 6534433 6574769 6680651 6761323 6831911 6922667 6998297 7013423 7078969 7104179 7124347 7149557 7184851 7406699 7452077 7457119 7563001 7593253 7678967 7759639 7820143 7936109 7981487 7986529 8011739 8016781 8041991 8258797 8284007 8349553 8410057 8515939 8541149 8576443 8601653 8647031 8677283 8712577 8863837 8878963 8904173 8919299 8964677 9040307 9075601 9105853 9221819 9327701 9423499 9484003,70589 221849 252101 357983 478991 524369 584873 675629 978149 1008401 1114283 1159661 1386551 1416803 1431929 1507559 1613441 1628567 1643693 1689071 1840331 2021843 2445371 2717639 2778143 2974781 3005033 3141167 3731081 3761333 3821837 4048727 4124357 4275617 4381499 4442003 4457129 4608389 4835279 4941161 5258807 5440319 5515949 5636957 5818469 5924351 5969729 6151241 6166367 6317627 6347879 6378131 6468887 6574769 6831911 6922667 6998297 7013423 7149557 7406699 7452077 7678967 7936109 7981487 8011739 8041991 8284007 8601653 8677283 8964677 9040307 9327701
2531,165,107,75,51,243,166,106,78,28,20249,20249,20249,20249 75931 106303 202481 217667 318907 334093 394837 399899 460643 501139 506201 577069 652999 673247 688433 728929 733991 759301 825107 850417 992153 1032649 1052897 1068083 1108579 1159199 1169323 1260439 1295873 1432547 1457857 1523663 1564159 1609717 1721081 1797011 1822321 1903313 1913437 1928623 1994429 2019739 2126041 2146289 2171599 2176661 2207033 2222219 2282963 2353831 2358893 2399389 2450009 2495567 2505691 2551249 2571497 2601869 2627179 2961271 3037201 3189061 3204247 3234619 3239681 3285239 3406727 3523153 3614269 3771191 3917989 4100221 4166027 4181213 4252081 4373569 4393817 4409003 4484933 4510243 4586173 4722847 4788653 4834211 4859521 4910141 5016443 5163241 5193613 5208799 5304977 5406217 5547953 5634007 5740309 5801053 5851673 5922541 5973161 5988347 6049091 6119959 6140207 6170579 6200951 6378121 6529981 6545167 6702089 6732461 6788143 6853949 6879259 6884321 6899507 7005809 7015933 7051367 7076677 7112111 7137421 7142483 7203227 7213351 7279157 7309529 7334839 7456327 7547443 7608187 7643621 7714489 7835977 7871411 7886597 7911907 7962527 7977713 8048581 8175131 8200441 8220689 8352301 8372549 8397859 8418107 8478851 8494037 8610463 8625649 8731951 8807881 8914183 8949617 9116663 9131849 9162221 9309019 9329267 9339391 9430507 9496313 9506437 9521623 9541871,20249 202481 217667 399899 460643 506201 673247 688433 733991 825107 1052897 1068083 1159199 1295873 1432547 1523663 1721081 1797011 1903313 1994429 2146289 2176661 2207033 2222219 2282963 2358893 2450009 2495567 2571497 2601869 3239681 3285239 3406727 3771191 4166027 4181213 4393817 4484933 4788653 4834211 4910141 5016443 5304977 5547953 5851673 5973161 5988347 6049091 6140207 6170579 6200951 6702089 6732461 6899507 7005809 7051367 7112111 7142483 7279157 7309529 7643621 7871411 7886597 7962527 7977713 8175131 8220689 8372549 8418107 8478851 8494037 8949617 9116663 9131849 9162221 9329267 9496313 9541871
2539,175,113,77,55,250,160,108,75,33,25391,25391,25391,25391 60937 147263 228511 274213 284369 375773 426553 441787 487489 533191 695687 787091 914041 1000367 1015601 1046069 1051147 1152707 1203487 1213643 1305047 1350749 1371061 1381217 1401529 1447231 1477699 1533557 1599571 1736677 1782379 1807769 1838237 1853471 1883939 1990577 2132761 2208931 2310491 2340959 2386661 2422207 2447597 2559313 2635483 2645639 2660873 2737043 2767511 2940163 3092503 3285467 3331169 3498743 3503821 3513977 3559679 3625693 3651083 3686629 3712019 3762799 3854203 3879593 3930373 3960841 3986231 4021777 4123337 4184273 4189351 4214741 4245209 4250287 4290911 4326457 4336613 4402627 4504187 4570201 4580357 4641293 4646371 4671761 4676839 4753009 4778399 4920583 4935817 4981519 5006909 5027221 5037377 5088157 5133859 5149093 5159249 5509631 5540099 5570567 5773687 5788921 5814311 5834623 5895559 5920949 5941261 5966651 6042821 6149459 6393203 6398281 6469373 6499841 6520153 6535387 6652181 6672493 6789287 6824833 6850223 6880691 6992407 7033031 7063499 7068577 7231073 7281853 7383413 7398647 7490051 7540831 7677937 7749029 7799809 7825199 7855667 7967383 8134957 8251751 8388857 8510729 8586899 8652913 8744317 8805253 8922047 8937281 8942359 8972827 9059153 9089621 9201337 9292741 9368911 9470471 9475549 9516173 9582187,25391 147263 284369 375773 695687 787091 1000367 1015601 1046069 1152707 1213643 1305047 1350749 1381217 1533557 1807769 1838237 1853471 1883939 2310491 2340959 2386661 2447597 2645639 2660873 2737043 2767511 3285467 3331169 3498743 3559679 3651083 3712019 4123337 4184273 4214741 4245209 4290911 4336613 4504187 4580357 4641293 4671761 4778399 5006909 5037377 5159249 5509631 5540099 5570567 5814311 5920949 5966651 6149459 6393203 6499841 6652181 6789287 6850223 6880691 7033031 7063499 7231073 7383413 7398647 7490051 7749029 8388857 8586899 8922047 8937281 9059153 9089621 9470471 9516173
2543,172,119,74,51,247,165,100,67,33,5087,5087,5087,5087 15259 30517 35603 111893 157667 244129 259387 294989 366193 396709 411967 462827 671353 691697 717127 722213 762901 798503 869707 976513 996857 1042631 1068061 1073147 1251157 1281673 1302017 1312189 1347791 1388479 1454597 1464769 1500371 1576661 1602091 1617349 1637693 1683467 1693639 1815703 1897079 1973369 2049659 2120863 2227669 2354819 2364991 2380249 2522657 2654893 2776957 2858333 2899021 2904107 2934623 2965139 3036343 3132977 3209267 3239783 3280471 3295729 3331331 3346589 3356761 3361847 3539857 3570373 3636491 3743297 3768727 3804329 3814501 3865361 3972167 3997597 4073887 4104403 4109489 4150177 4195951 4277327 4363789 4485853 4506197 4562143 4607917 4658777 4668949 4704551 4729981 4765583 4791013 4821529 4836787 4933421 4948679 5024969 5101259 5126689 5141947 5172463 5238581 5452193 5599687 5696321 5726837 5787869 5874331 5950621 5981137 6016739 6057427 6215093 6230351 6240523 6271039 6443963 6484651 6520253 6535511 6591457 6850843 6881359 6916961 7023767 7054283 7130573 7247551 7308583 7389959 7435733 7634087 7735807 7766323 7939247 8163031 8244407 8254579 8300353 8396987 8407159 8458019 8473277 8519051 8610599 8671631 8686889 8697061 8758093 8773351 8986963 9017479 9170059 9231091 9297209 9337897 9419273 9465047 9490477 9587111 9612541 9627799 9643057,5087 35603 111893 157667 294989 462827 691697 722213 798503 996857 1042631 1073147 1302017 1347791 1454597 1500371 1576661 1637693 1683467 1897079 2049659 2354819 2522657 2934623 2965139 3132977 3209267 3331331 3346589 3361847 3636491 3743297 3804329 3865361 4109489 4277327 4506197 4658777 4704551 4765583 4933421 4948679 5024969 5238581 5452193 5696321 5726837 5787869 6016739 6230351 6443963 6916961 7023767 7130573 7389959 7435733 7634087 7939247 8244407 8396987 8458019 8610599 8671631 8686889 9297209 9465047 9587111
2549,184,108,82,47,266,166,111,70,41,5099,5099,5099,5099 76471 152941 198823 203921 412939 463919 489409 519997 540389 555683 581173 723917 734113 769799 1101169 1106267 1152149 1182737 1376461 1483519 1529401 1534499 1559989 1575283 1626263 1712929 1718027 1733321 1743517 1789399 1881163 1962731 2034103 2100377 2115671 2161553 2171749 2222729 2278807 2498021 2554099 2599981 2650961 2661157 2696843 2707039 2752921 2951743 2956841 2987429 3028213 3043507 3104683 3140369 3196447 3247427 3257623 3364681 3492131 3563503 3624679 3629777 3639973 3854089 3950951 3961147 3981539 4037617 4052911 4098793 4256831 4389379 4419967 4516829 4532123 4562711 4572907 4593299 4685063 4695259 4853297 4863493 4914473 4924669 5021531 5077609 5123491 5220353 5235647 5276431 5327411 5373293 5719957 5740349 5781133 5964661 5985053 6015641 6102307 6137993 6168581 6245051 6316423 6321521 6352109 6423481 6443873 6520343 6607009 6622303 6734459 6841517 7142299 7147397 7208573 7218769 7234063 7264651 7315631 7346219 7392101 7478767 7539943 7601119 7606217 7647001 7677589 7682687 7708177 7743863 7881509 7896803 7922293 8003861 8014057 8059939 8110919 8126213 8166997 8212879 8263859 8355623 8386211 8488171 8610523 8753267 8824639 8839933 8875619 8916403 8931697 8946991 8952089 8967383 8997971 9074441 9288557 9303851 9451693 9482281 9528163 9558751 9670907 9716789 9732083,5099 203921 463919 540389 555683 723917 769799 1106267 1152149 1182737 1534499 1626263 1718027 1733321 1962731 2100377 2115671 2161553 2222729 2498021 2650961 2696843 2956841 2987429 3140369 3247427 3492131 3629777 3950951 3981539 4256831 4516829 4532123 4562711 4593299 4685063 4853297 5021531 5220353 5235647 5327411 5373293 5985053 6168581 6321521 6352109 6443873 6520343 6734459 6841517 7147397 7315631 7392101 7606217 7682687 7743863 7881509 7896803 8003861 8110919 8126213 8263859 8386211 8753267 8875619 8997971 9074441 9288557 9716789 9732083
2551,186,100,80,46,254,144,106,66,40,15307,15307,71429,15307 71429 91837 122449 178571 193877 229591 244897 270407 321427 413263 459181 484691 489793 530609 551017 637751 642853 729587 795913 836729 887749 913259 948973 1020401 1066319 1193869 1224481 1280603 1301011 1479581 1494887 1530601 1571417 1698967 2045903 2061209 2173453 2214269 2244881 2249983 2341819 2367329 2372431 2418349 2581613 2632633 2673449 2770387 2938753 3010181 3025487 3086711 3102017 3107119 3270383 3321403 3443851 3499973 3535687 3561197 3704053 3744869 3780583 3806093 3821399 3974459 4132621 4163233 4224457 4249967 4316293 4438741 4698943 4709147 4760167 4846901 4928533 5015267 5045879 5066287 5153021 5198939 5204041 5234653 5260163 5336693 5479549 5556079 5632609 5658119 5795873 5918321 6010157 6117299 6163217 6270359 6300971 6321379 6474439 6530561 6688723 6903007 6928517 6994843 7035659 7081577 7117291 7234637 7249943 7265249 7300963 7341779 7418309 7515247 7525451 7678511 7785653 7851979 7913203 7984631 8081569 8091773 8142793 8152997 8204017 8372383 8382587 8571361 8586667 8688707 8780543 8795849 8902991 8984623 9045847 9086663 9137683 9351967 9413191 9438701 9591761 9658087 9688699,71429 178571 193877 270407 484691 530609 637751 729587 836729 913259 1020401 1066319 1280603 1479581 1494887 2045903 2061209 2214269 2244881 2367329 2673449 3010181 3025487 3102017 3270383 3499973 3561197 3744869 3806093 3821399 3974459 4249967 4846901 5015267 5045879 5153021 5198939 5260163 5336693 5795873 5918321 6010157 6117299 6163217 6270359 6300971 6928517 7035659 7081577 7249943 7265249 7341779 7418309 7525451 7678511 7785653 7984631 8091773 8152997 8688707 8780543 8795849 8902991 9086663 9438701 9591761
2557,183,117,85,52,265,167,115,75,40,46027,46027,71597,46027 71597 86939 138079 153421 199447 214789 271043 332411 352867 409121 485831 536971 629023 654593 715961 751759 843811 869381 966547 981889 1007459 1012573 1150651 1165993 1191563 1237589 1304071 1380781 1406351 1452377 1483061 1498403 1503517 1733647 1927979 2035373 2055829 2132539 2239933 2296187 2301301 2326871 2439379 2470063 2500747 2516089 2526317 2546773 2633711 2669509 2679737 2822929 2833157 2879183 2940551 2976349 3053059 3093971 3129769 3186023 3191137 3308759 3344557 3359899 3467293 3538889 3554231 3574687 3590029 3620713 3758791 3799703 3907097 3922439 3937781 4050289 4188367 4234393 4244621 4265077 4341787 4382699 4459409 4740679 4756021 4802047 4873643 4904327 4909441 4950353 5047519 5057747 5103773 5134457 5308333 5339017 5379929 5385043 5564033 5640743 5671427 5722567 5814619 5829961 5952697 5978267 5998723 6060091 6223739 6228853 6239081 6259537 6285107 6300449 6484553 6489667 6535693 6622631 6750481 6765823 6776051 6796507 6888559 6944813 6949927 6990839 7098233 7236311 7287451 7302793 7410187 7425529 7466441 7517581 7619861 7839763 7849991 7947157 7962499 7977841 8126147 8310251 8346049 8371619 8432987 8479013 8606863 8663117 8693801 8790967 8816537 8908589 8913703 8990413 9077351 9138719 9322823 9353507 9460901 9522269 9537611 9573409 9634777 9706373 9752399 9783083,71597 86939 271043 332411 409121 485831 654593 715961 869381 1007459 1191563 1237589 1406351 1452377 1483061 1498403 1927979 2035373 2296187 2326871 2526317 2633711 2679737 2833157 2879183 2940551 3093971 3186023 3308759 3538889 3554231 3799703 3907097 3922439 3937781 4244621 4382699 4459409 4873643 4904327 4950353 5057747 5103773 5134457 5379929 5564033 5640743 5671427 6223739 6239081 6285107 6300449 6776051 6944813 6990839 7098233 7236311 7466441 7619861 7849991 8126147 8371619 8432987 8479013 8663117 8693801 8908589 9077351 9138719 9322823 9353507 9460901 9537611 9706373 9783083
2579,163,109,74,54,247,157,101,68,33,30949,30949,82529,30949 82529 128951 139267 159899 201163 386851 469379 484853 593171 680857 701489 882019 887177 1036759 1057391 1067707 1129603 1145077 1315291 1351397 1361713 1428767 1490663 1568033 1686667 1779511 1825933 1939409 1980673 2119939 2186993 2197309 2290153 2321101 2372681 2403629 2434577 2522263 2599633 2682161 2759531 2790479 2847217 2883323 2924587 2940061 2986483 3053537 3094801 3141223 3156697 3177329 3192803 3223751 3285647 3347543 3502283 3595127 3605443 3620917 3718919 3811763 3837553 4023241 4059347 4100611 4162507 4239877 4255351 4275983 4353353 4379143 4461671 4508093 4523567 4585463 4704097 4719571 4755677 4817573 4833047 4858837 4894943 4905259 5034209 5152843 5158001 5219897 5230213 5359163 5374637 5415901 5591273 5653169 5787277 5802751 5916227 5993597 6040019 6055493 6241181 6344341 6390763 6426869 6442343 6499081 6535187 6581609 6762139 6782771 6854983 6922037 6963301 7025197 7061303 7123199 7138673 7148989 7246991 7303729 7319203 7386257 7618367 7644157 7788581 7922689 7974269 8067113 8123851 8154799 8252801 8325013 8355961 8531333 8557123 8588071 8593229 8711863 8717021 8773759 8804707 8871761 8933657 8949131 8980079 9408193 9413351 9485563 9547459 9552617 9562933 9655777 9671251 9856939 9887887 9965257,82529 128951 159899 469379 484853 593171 701489 887177 1057391 1351397 1428767 1490663 1568033 1939409 2186993 2372681 2403629 2434577 2682161 2759531 2790479 2883323 3053537 3177329 3192803 3223751 3285647 3347543 3595127 3718919 3811763 4059347 4275983 4353353 4461671 4508093 4523567 4755677 4817573 4833047 5034209 5158001 5219897 5359163 5374637 5591273 5653169 5993597 6040019 6055493 6241181 6426869 6442343 6535187 6922037 7061303 7138673 7246991 7386257 7618367 7788581 7974269 8531333 8717021 8949131 8980079 9413351 9552617
2591,190,120,85,54,268,165,115,70,45,82913,82913,82913,82913 98459 155461 171007 202099 253919 264283 300557 326467 357559 362741 388651 404197 497473 652933 699571 720299 730663 766937 855031 870577 932761 937943 1010491 1026037 1041583 1165951 1171133 1217771 1290319 1311047 1336957 1342139 1404323 1482053 1653059 1710061 1715243 1730789 1741153 1777427 1803337 1834429 1839611 1912159 1917341 1943251 1948433 2036527 2072801 2166077 2430359 2508089 2539181 2611729 2642821 2694641 2720551 2819009 2896739 2984833 3000379 3021107 3078109 3192113 3238751 3295753 3311299 3347573 3363119 3420121 3440849 3575581 3580763 3596309 3622219 3658493 3668857 3720677 3798407 3829499 3938321 3953867 4088599 4228513 4249241 4290697 4461703 4482431 4508341 4539433 4601617 4663801 4684529 4762259 4902173 4974721 4979903 5145727 5150909 5223457 5446283 5570651 5612107 5726111 5803841 5860843 5897117 5985211 6016303 6031849 6052577 6083669 6114761 6140671 6187309 6389407 6498229 6560413 6700327 6840241 6855787 6933517 6964609 6969791 7094159 7140797 7228891 7244437 7311803 7353259 7373987 7399897 7477627 7513901 7591631 7710817 7715999 7793729 7840367 8021737 8073557 8229017 8368931 8472571 8519209 8524391 8550301 8565847 8628031 8643577 8736853 8788673 9099593 9109957 9249871 9327601 9420877 9451969 9643703 9654067 9747343 9923531 9949441 10001261,82913 98459 253919 300557 362741 720299 766937 937943 1171133 1217771 1311047 1342139 1404323 1482053 1653059 1715243 1730789 1777427 1839611 1917341 1948433 2072801 2166077 2430359 2508089 2539181 2694641 2819009 2896739 3021107 3238751 3347573 3363119 3440849 3580763 3658493 3720677 3798407 3829499 3938321 3953867 4249241 4482431 4684529 4762259 4902173 4979903 5150909 5446283 5570651 5726111 5803841 6052577 6083669 6969791 7094159 7140797 7311803 7373987 7513901 7591631 7715999 7793729 7840367 8073557 8229017 8368931 8524391 9099593 9643703
2593,170,99,82,50,253,149,112,73,39,15559,15559,25931,15559 25931 155581 212627 233371 264487 373393 508229 528973 570461 575647 757157 777901 819389 917923 974969 995713 1099433 1177223 1270571 1306873 1431337 1503941 1509127 1540243 1597289 1618033 1643963 1726939 1737311 1773613 1830659 1882519 1955123 1970681 2079587 2131447 2530769 2608559 2670791 2784883 2956021 2997509 3013067 3044183 3049369 3075299 3121973 3137531 3298297 3324227 3360529 3407203 3479807 3516109 3811711 3905059 3930989 3977663 3993221 4008779 4086569 4153987 4278451 4413287 4496263 4599983 4682959 4708889 4771121 4807423 4848911 4957817 5004491 5040793 5066723 5071909 5082281 5097839 5118583 5191187 5274163 5300093 5351953 5564579 5642369 5694229 5782391 5891297 6020947 6145411 6155783 6223201 6238759 6280247 6404711 6534361 6622523 6669197 6861079 6907753 6933683 6964799 6980357 7032217 7042589 7063333 7104821 7260401 7390051 7415981 7498957 7602677 7633793 7638979 7685653 7836047 7934581 7944953 8012371 8069417 8276857 8411693 8489483 8494669 8582831 8613947 8743597 8816201 8878433 8930293 8961409 8976967 9065129 9111803 9220709 9319243 9412591 9500753 9547427 9568171 9677077 9739309 9749681 9827471 9894889 9972679 10014167 10034911,25931 212627 508229 570461 757157 819389 974969 1099433 1177223 1270571 1503941 1597289 1643963 1737311 1830659 1955123 1970681 2079587 2530769 2608559 2997509 3013067 3044183 3075299 3121973 3137531 3324227 3479807 3930989 3977663 3993221 4008779 4086569 4413287 4708889 4771121 4848911 4957817 5004491 5066723 5082281 5097839 5191187 5300093 5564579 5642369 5782391 6155783 6404711 6669197 6933683 6964799 6980357 7042589 7104821 7260401 7415981 7602677 7633793 7836047 7944953 8069417 8489483 8582831 8816201 9065129 9111803 9220709 9500753 9547427 9749681 9827471 10014167
2609,178,111,80,47,263,155,117,65,52,52181,52181,52181,52181 62617 109579 114797 208721 234811 318299 391351 438313 474839 506147 579199 584417 600071 678341 709649 725303 735739 860971 897497 913151 1038383 1064473 1095781 1116653 1194923 1299283 1377553 1487131 1570619 1784557 1883699 1915007 2066329 2113291 2160253 2175907 2191561 2243741 2290703 2306357 2410717 2431589 2551603 2582911 2588129 2614219 2629873 2723797 2760323 2817721 2838593 2864683 2901209 2979479 3136019 3167327 3323867 3490843 3569113 3647383 3683909 3741307 3793487 3803923 3934373 4090913 4106567 4153529 4257889 4273543 4341377 4492699 4524007 4560533 4857959 4889267 4931011 4967537 4983191 4993627 5009281 5108423 5139731 5165821 5228437 5275399 5447593 5541517 5557171 5797199 5870251 5917213 5969393 6047663 6058099 6167677 6261601 6313781 6360743 6454667 6517283 6532937 6543373 6579899 6626861 6637297 6652951 6684259 6715567 6793837 6934723 6939941 6966031 7091263 7143443 7174751 7185187 7310419 7404343 7440869 7466959 7639153 7785257 7983541 8004413 8093119 8108773 8218351 8280967 8646227 8724497 8771459 8896691 8943653 9021923 9100193 9131501 9220207 9241079 9256733 9267169 9439363 9491543 9554159 9595903 9663737 9815059 9820277 9898547 9987253 10023779 10039433 10149011 10175101,52181 114797 208721 318299 474839 506147 584417 600071 678341 709649 725303 897497 913151 1038383 1116653 1194923 1570619 1883699 1915007 2243741 2290703 2306357 2431589 2588129 2760323 2838593 2901209 2979479 3136019 3167327 3793487 3934373 4090913 4106567 4341377 4560533 4857959 4889267 4967537 4983191 5108423 5139731 5797199 6313781 6454667 6517283 6579899 6939941 7143443 7174751 7440869 8004413 8646227 8724497 8771459 8896691 8943653 9021923 9100193 9131501 9491543 9554159 9820277 9898547 10039433
2617,173,104,84,50,256,152,115,69,46,26171,26171,26171,26171 73277 78511 104681 120383 125617 141319 183191 219829 251233 340211 560039 565273 591443 675187 690889 732761 957823 968291 1020631 1093907 1141013 1161949 1172417 1177651 1256161 1329437 1345139 1350373 1695817 1774327 1790029 1821433 1957517 2166877 2418109 2428577 2480917 2522789 2575129 2601299 2617001 2637937 2669341 2826361 2946743 3056657 3077593 3088061 3187507 3218911 3229379 3386399 3480611 3674269 3731843 3810353 3841757 3857459 3967373 4019713 4045883 4155797 4171499 4265711 4281413 4365157 4459369 4475071 4501241 4632091 4679197 4773409 4815281 4946131 4993237 5024641 5035109 5071747 5087449 5129321 5192129 5244469 5254937 5338681 5364851 5506169 5511403 5568977 6013867 6118547 6217993 6280801 6291269 6343609 6354077 6401183 6448289 6463991 6516331 6526799 6563437 6605309 6751861 6950753 7034497 7081603 7154879 7301431 7406111 7474153 7578833 7584067 7615471 7625939 7709683 7720151 7851001 7892873 7939979 7945213 8086531 8128403 8348231 8369167 8400571 8416273 8541889 8573293 8604697 8651803 8709377 8787887 8866397 8934439 9039119 9196139 9311287 9337457 9342691 9353159 9447371 9578221 9641029 9682901 9719539 9735241 9777113 10017877 10033579 10064983 10122557,26171 73277 104681 120383 183191 340211 560039 591443 732761 968291 1093907 1141013 1172417 1329437 1345139 1957517 2428577 2522789 2601299 2617001 2946743 3056657 3088061 3229379 3480611 3731843 3810353 3841757 3857459 3967373 4045883 4171499 4265711 4281413 4815281 5035109 5129321 5192129 5254937 5364851 5506169 5568977 6118547 6291269 6354077 6401183 6448289 6463991 6526799 6605309 6950753 7154879 7406111 7578833 7625939 7720151 7892873 7939979 8128403 8348231 8709377 8787887 8866397 9196139 9337457 9447371 9682901 9777113 10122557
2621,176,113,83,57,258,164,117,75,42,15727,15727,83873,15727 83873 172987 235891 330247 366941 398393 461297 471781 503233 524201 597589 644767 676219 728639 791543 833479 1022191 1037917 1210903 1263323 1357679 1415341 1420583 1462519 1525423 1577843 1625021 1672199 1698409 1735103 1808491 1829459 1934299 1939541 2018171 2128253 2138737 2175431 2285513 2358901 2437531 2547613 2600033 2694389 2704873 2752051 2783503 2804471 2820197 2898827 2909311 3066571 3150443 3166169 3255283 3354881 3433511 3606497 3742789 3763757 3873839 4015373 4062551 4088761 4094003 4156907 4167391 4293199 4356103 4392797 4502879 4560541 4607719 4770221 4801673 4817399 4875061 4943207 4969417 5021837 5079499 5100467 5110951 5116193 5163371 5205307 5257727 5273453 5283937 5320631 5425471 5556521 5587973 5635151 5708539 5713781 5818621 5897251 5975881 6070237 6075479 6106931 6185561 6201287 6416209 6437177 6468629 6688793 6704519 6762181 6840811 6856537 6919441 6950893 7155331 7171057 7396463 7438399 7459367 7569449 7627111 7642837 7695257 7705741 7758161 7800097 7815823 7836791 8025503 8051713 8193247 8308571 8355749 8413411 8460589 8497283 8570671 8575913 8654543 8727931 8932369 9089629 9094871 9110597 9136807 9204953 9309793 9377939 9451327 9566651 9718669 9755363 9797299 9818267 9844477 9896897 9938833 9959801 10017463 10117061 10158997 10221901 10237627,83873 366941 398393 461297 524201 728639 791543 1263323 1357679 1420583 1577843 1625021 1672199 1735103 1829459 1939541 2018171 2128253 2175431 2285513 2600033 2694389 2804471 2820197 2898827 3150443 3166169 3354881 3433511 3606497 3763757 3873839 4015373 4062551 4094003 4156907 4392797 4502879 4770221 4801673 4817399 5021837 5100467 5257727 5273453 5320631 5556521 5587973 5635151 6075479 6106931 6185561 6201287 6437177 6468629 6688793 6704519 7396463 7459367 7569449 7695257 7758161 7836791 8025503 8355749 8654543 9094871 9204953 9377939 9566651 9755363 9818267 9896897 9959801 10117061
2633,162,95,66,35,256,158,104,56,48,110587,110587,115853,110587 115853 142183 147449 173779 300163 315961 321227 410749 505537 537133 558197 589793 647719 710911 742507 821497 1016339 1079531 1105861 1395491 1485013 1506077 1516609 1690387 1721983 1743047 1753579 1848367 1927357 2090603 2195923 2248583 2274913 2385499 2501351 2517149 2543479 2580341 2611937 2638267 2659331 2675129 2701459 2738321 2764651 2769917 3017419 3096409 3175399 3191197 3254389 3270187 3317581 3354443 3459763 3491359 3538753 3607211 3696733 3749393 3949501 3954767 4028491 4044289 4175939 4223333 4270727 4281259 4318121 4491899 4565623 4897381 5044829 5055361 5108021 5165947 5244937 5297597 5371321 5423981 5450311 5481907 5487173 5660951 5724143 5897921 6003241 6240211 6461383 6482447 6619363 6766811 6793141 6887929 6940589 6966919 6987983 7003781 7161761 7219687 7303943 7346071 7398731 7440859 7556711 7619903 7698893 7772617 7872671 7883203 7888469 7930597 7967459 8062247 8325547 8357143 8372941 8388739 8451931 8467729 8504591 8515123 8520389 8609911 8615177 8704699 8720497 8799487 8878477 8957467 9041723 9068053 9073319 9147043 9226033 9241831 9257629 9326087 9389279 9399811 9484067 9515663 9531461 9541993 9594653 9626249 9642047 9668377 9699973 9705239 9731569 9778963 9794761 10084391 10142317 10242371 10347691,115853 147449 321227 558197 589793 1016339 1079531 1395491 1506077 1743047 2090603 2248583 2501351 2517149 2580341 2611937 2659331 2675129 2738321 2769917 3354443 3607211 3749393 4175939 4223333 4270727 4318121 4491899 5297597 5423981 5487173 5660951 5724143 5897921 6766811 6940589 6987983 7003781 7303943 7556711 7619903 7698893 7872671 7888469 7967459 8062247 8504591 8520389 8615177 9041723 9073319 9326087 9515663 9531461 9594653 10242371
2647,182,101,93,54,268,150,134,78,56,10589,10589,10589,10589 79411 121763 142939 185291 206467 222349 232937 280583 301759 344111 381169 397051 407639 487049 550577 714691 804689 857629 899981 947627 1048213 1074683 1207033 1281149 1392323 1439969 1614671 1678199 1694081 1789373 2080543 2234069 2287009 2318773 2382301 2398183 2662883 2726411 2742293 2779351 2985817 3171107 3250517 3282281 3335221 3382867 3409337 3441101 3520511 3568157 3726977 3748153 3774623 3811681 3827563 3859327 3917561 4076381 4139909 4208731 4224613 4235201 4298729 4304023 4378139 4394021 4431079 4457549 4526371 4542253 4616369 4828129 4949891 4965773 5050477 5076947 5145769 5346941 5362823 5521643 5542819 5606347 5638111 5653993 5717521 5765167 5998103 6045749 6109277 6125159 6257509 6321037 6416329 6506327 6511621 6522209 6585737 6606913 6744557 6924553 7078079 7189253 7221017 7236899 7332191 7369249 7411601 7459247 7512187 7554539 7586303 7861591 8046881 8099821 8195113 8258641 8300993 8459813 8671573 8719219 8782747 8814511 8920391 9068623 9285677 9338617 9386263 9444497 9460379 9476261 9492143 9555671 9751549 9778019 9846841 9889193 9942133 9989779 10005661 10079777 10100953 10190951 10238597 10254479 10270361 10339183 10349771 10365653 10397417,10589 121763 185291 232937 280583 344111 407639 487049 550577 804689 899981 947627 1074683 1281149 1392323 1439969 1614671 1678199 1694081 1789373 2234069 2662883 2726411 2742293 3171107 3250517 3409337 3441101 3520511 3568157 3726977 3774623 3917561 4076381 4139909 4235201 4298729 4378139 4394021 4457549 4949891 4965773 5076947 5346941 5362823 5521643 5998103 6045749 6109277 6125159 6506327 6522209 6585737 6744557 7189253 7221017 7236899 7332191 7411601 7554539 7586303 8046881 8300993 8920391 9285677 9444497 9460379 9476261 9492143 9778019 9889193 10079777 10190951 10238597 10270361 10349771 10365653 10397417
2657,173,106,86,49,250,156,115,64,51,37199,37199,37199,37199 132851 148793 159421 260387 308213 318841 334783 371981 451691 467633 611111 621739 653623 674879 706763 834299 844927 866183 898067 956521 1057487 1131883 1169081 1211593 1232849 1243477 1323187 1355071 1503863 1727051 1769563 1790819 1849273 1881157 1934297 1976809 2045891 2141543 2231881 2253137 2311591 2550721 2630431 2651687 2699513 2837677 3002411 3076807 3108691 3480671 3496613 3507241 3555067 3586951 3608207 3634777 3767627 3879221 3927047 3953617 3958931 4038641 4065211 4081153 4102409 4134293 4208689 4447819 4463761 4580669 4591297 4740089 4771973 4819799 4915451 4989847 5037673 5101441 5181151 5218349 5340571 5393711 5404339 5595643 5600957 5632841 5680667 5707237 5786947 5856029 5914483 6153613 6174869 6201439 6254579 6398057 6520279 6552163 6573419 6669071 6812549 6871003 6934771 7014481 7030423 7227041 7290809 7402403 7540567 7588393 7609649 7625591 7689359 7864721 7912547 8098537 8114479 8146363 8210131 8231387 8257957 8273899 8279213 8358923 8417377 8433319 8677763 8709647 8837183 8943463 8991289 9007231 9023173 9102883 9134767 9140081 9187907 9342013 9395153 9453607 9469549 9533317 9613027 9634283 9644911 9708679 9745877 9804331 10027519 10043461 10091287 10330417 10431383 10489837 10537663,37199 132851 148793 260387 308213 371981 451691 467633 611111 674879 706763 834299 866183 898067 1057487 1169081 1232849 1503863 1727051 1790819 1934297 2045891 2141543 2253137 2651687 2699513 3002411 3480671 3496613 3608207 3767627 3879221 3927047 3958931 4038641 4102409 4134293 4580669 4740089 4771973 4819799 4915451 5218349 5393711 5632841 5680667 6174869 6573419 6669071 7227041 7290809 7402403 7609649 7625591 7689359 7864721 7912547 8231387 8279213 8677763 8709647 8837183 9634283 10431383
2659,189,114,93,54,267,169,120,71,49,90407,90407,90407,90407 191449 233993 287173 313763 329717 350989 425441 446713 489257 526483 584981 696659 909379 957241 1015739 1047647 1143371 1302911 1334819 1350773 1382681 1403953 1627309 1701761 1738987 1781531 1893209 1898527 1914481 1946389 2148473 2185699 2228243 2260151 2339921 2456917 2504779 2531369 2547323 2632411 2786633 2866403 2871721 2951491 3095077 3121667 3142939 3201437 3217391 3270571 3281207 3318433 3493927 3509881 3573697 3584333 3621559 3664103 3749191 3775781 3807689 3903413 4068271 4148041 4286309 4334171 4366079 4387351 4530937 4541573 4546891 4594753 4658569 4717067 4812791 4850017 4945741 4977649 5073373 5115917 5131871 5291411 5376499 5403089 5482859 5488177 5504131 5583901 5631763 5690261 5738123 5770031 5775349 5823211 5833847 5881709 5966797 5993387 6062521 6073157 6110383 6168881 6190153 6248651 6253969 6413509 6429463 6509233 6525187 6567731 6599639 6732589 6860221 7067623 7163347 7179301 7290979 7306933 7349477 7370749 7477109 7546243 7572833 7705783 7796189 7817461 7891913 7971683 8003591 8040817 8056771 8067407 8163131 8226947 8296081 8306717 8343943 8455621 8503483 8886379 8966149 9040601 9152279 9168233 9205459 9232049 9263957 9279911 9317137 9380953 9540493 9556447 9678761 9726623 9822347 9902117 9971251 10003159 10051021 10098883 10125473 10210561 10237151 10242469 10380737 10396691 10497733 10577503,90407 233993 313763 329717 425441 489257 584981 696659 1015739 1047647 1143371 1302911 1334819 1350773 1382681 1701761 1781531 1893209 2148473 2228243 2260151 2339921 2531369 2547323 2786633 2866403 3121667 3201437 3217391 3281207 3664103 3775781 3903413 4286309 4334171 4366079 4717067 4812791 5115917 5131871 5291411 5403089 5482859 5690261 5738123 5770031 5833847 5881709 5993387 6073157 6168881 6248651 6567731 6599639 7349477 7477109 7796189 7891913 7971683 8003591 8067407 8306717 9040601 9152279 9232049 9279911 9678761 9726623 9902117 10380737 10396691
2663,181,98,82,43,276,151,124,64,60,31957,31957,69239,31957 63913 69239 95869 175759 239671 255649 276953 335539 511297 516623 532601 548579 703033 708359 756293 910747 916073 1043897 1070527 1102483 1150417 1187699 1342153 1390087 1395413 1469977 1555193 1661713 1741603 1746929 1890731 2029207 2109097 2157031 2173009 2210291 2300833 2306159 2402027 2412679 2561807 2716261 2907997 2929301 3067777 3121037 3184949 3195601 3264839 3291469 3339403 3392663 3419293 3595051 3632333 3706897 3738853 3744179 3898633 3967871 3978523 4191563 4250149 4271453 4287431 4463189 4511123 4585687 4745467 4990463 5017093 5096983 5118287 5144917 5341979 5368609 5432521 5469803 5528389 5677517 5725451 5805341 5975773 6071641 6135553 6263377 6460439 6540329 6550981 6710761 6726739 6748043 6779999 6875867 6886519 6987713 7083581 7269991 7307273 7355207 7419119 7435097 7541617 7562921 7578899 7594877 7621507 7674767 7765309 7829221 8004979 8074217 8164759 8260627 8297909 8340517 8372473 8388451 8420407 8548231 8787901 8851813 8867791 9080831 9091483 9112787 9160721 9187351 9256589 9267241 9299197 9411043 9496259 9618757 9656039 9970273 9975599 10119401 10199291 10215269 10225921 10241899 10263203 10305811 10422983 10470917 10534829 10550807 10561459 10614719,69239 276953 516623 532601 548579 708359 756293 916073 1043897 1187699 1395413 1555193 1746929 1890731 2210291 2306159 2402027 2561807 2929301 3121037 3184949 3264839 3392663 3632333 3744179 3967871 4191563 4271453 4287431 4463189 4511123 4990463 5118287 5341979 5469803 5677517 5725451 6460439 6540329 6748043 6779999 6875867 7083581 7307273 7355207 7419119 7435097 7562921 7594877 8074217 8297909 9080831 9112787 9160721 9256589 9496259 9656039 9975599 10119401 10199291 10263203 10534829 10550807 10614719
2671,176,104,85,45,257,148,111,60,51,26711,26711,26711,26711 48079 138893 315179 320521 400651 587621 608989 673093 683777 801301 833353 913483 988271 1169899 1244687 1260713 1276739 1282081 1362211 1410289 1436999 1442341 1730809 1805597 1875043 1981883 2035303 2045987 2179537 2195563 2206247 2222273 2339797 2398559 2430611 2580187 2590871 2622923 2863313 2884681 2964811 3007547 3141097 3151781 3312041 3413539 3557773 3573799 3648587 3680639 3792821 3862267 3942397 4086631 4113341 4209497 4385783 4455229 4530017 4546043 4610147 4759723 4919983 5090927 5160373 5171057 5320633 5331317 5336659 5400763 5427473 5496919 5523629 5577049 5635811 5667863 5683889 5731967 5747993 5849491 5881543 5972357 6137959 6212747 6228773 6298219 6346297 6356981 6405059 6410401 6453137 6506557 6565319 6570661 6586687 6618739 6682843 6709553 6746947 6843103 6853787 6869813 7094177 7147597 7163623 7206359 7291831 7387987 7414697 7532221 7580299 7612351 7687139 7708507 7911503 8039711 8045053 8141209 8167919 8189287 8205313 8392283 8600621 8621989 8750197 8814301 8937167 8942509 9097427 9257687 9273713 9295081 9407263 9487393 9583549 9610259 9631627 9802571 9818597 9850649 9872017 9968173 9984199 10208563 10363481 10368823 10619897,26711 138893 315179 587621 683777 988271 1260713 1276739 1436999 1805597 1981883 2045987 2206247 2222273 2398559 2430611 2590871 2622923 3007547 3151781 3312041 3648587 3792821 4113341 4209497 4530017 4610147 5090927 5331317 5427473 5523629 5635811 5667863 5683889 5747993 5972357 6212747 6228773 6356981 6405059 6453137 6565319 6709553 6869813 7094177 7206359 7414697 7687139 7911503 8039711 8167919 8392283 8937167 9097427 9257687 9273713 9610259 9802571 9818597 10363481
2677,189,116,88,59,272,173,125,82,43,10709,10709,10709,10709 16063 48187 91019 171329 224869 251639 401551 481861 546109 706729 722791 765623 797747 883411 894119 931597 958367 1086863 1118987 1215359 1231421 1327793 1445581 1456289 1488413 1536599 1622263 1681157 1686511 1713281 1761467 1793591 1815007 1938149 2034521 2088061 2136247 2152309 2248681 2275451 2296867 2355761 2420009 2425363 2457487 2489611 2505673 2564567 2585983 2725187 2746603 2794789 2805497 2933993 2987533 2998241 3014303 3046427 3223109 3255233 3469393 3480101 3560411 3576473 3662137 3785279 3801341 3822757 3999439 4031563 4042271 4058333 4256431 4336741 4411697 4417051 4620503 4657981 4786477 4834663 4995283 5107717 5134487 5236213 5407541 5428957 5455727 5471789 5487851 5525329 5712719 5750197 5878693 5905463 5937587 6007189 6017897 6066083 6071437 6280243 6392677 6424801 6472987 6547943 6553297 6628253 6633607 6660377 6708563 6746041 6810289 6869183 6906661 6933431 7083343 7211839 7431353 7436707 7479539 7533079 7597327 7881089 7993523 8186267 8218391 8255869 8282639 8539631 8555693 8593171 8684189 8689543 8753791 8764499 8780561 8930473 8994721 9005429 9042907 9069677 9117863 9139279 9219589 9230297 9235651 9246359 9342731 9396271 9476581 9492643 9519413 9551537 9685387 9717511 10006627 10022689 10183309 10194017 10215433 10263619 10322513 10359991 10370699 10376053 10456363 10483133 10488487 10515257 10568797 10595567 10627691 10675877,10709 91019 171329 251639 765623 797747 894119 958367 1086863 1118987 1215359 1231421 1327793 1456289 1488413 1536599 1681157 1713281 1761467 1793591 1938149 2034521 2275451 2355761 2420009 2564567 2725187 2805497 2933993 2998241 3014303 3046427 3223109 3255233 3480101 3560411 3576473 3785279 3801341 4042271 4058333 4411697 4620503 5134487 5407541 5455727 5471789 5487851 5712719 5905463 5937587 6017897 6066083 6547943 6628253 6660377 6708563 6869183 6933431 7431353 7479539 7881089 7993523 8186267 8218391 8282639 8539631 8555693 8684189 8764499 9069677 9117863 9246359 9342731 9519413 9551537 10194017 10370699 10483133 10515257 10595567 10627691
2683,180,122,84,54,264,176,113,76,37,10733,10733,10733,10733 80491 123419 144883 160981 203909 225373 300497 482941 499039 525869 541967 579529 595627 735143 767339 831731 901489 981979 998077 1046371 1073201 1089299 1105397 1126861 1142959 1169789 1207351 1287841 1298573 1320037 1368331 1400527 1572239 1593703 1609801 1851271 1910297 1915663 1990787 2103473 2108839 2135669 2151767 2189329 2200061 2232257 2253721 2285917 2366407 2425433 2522021 2591779 2634707 2720563 2763491 2913739 2962033 2988863 3004961 3074719 3085451 3090817 3139111 3165941 3203503 3283993 3316189 3412777 3600587 3622051 3734737 3863521 3944011 3976207 4056697 4088893 4185481 4201579 4244507 4249873 4453781 4469879 4550369 4566467 4845499 4888427 4925989 4936721 4952819 4968917 5054773 5103067 5151361 5162093 5178191 5183557 5242583 5290877 5371367 5537713 5612837 5725523 5779183 5902601 5966993 5983091 6095777 6133339 6144071 6160169 6181633 6390907 6417737 6482129 6551887 6578717 6632377 6691403 6804089 6986533 7083121 7195807 7260199 7270931 7287029 7324591 7485571 7630453 7759237 7834361 7866557 7904119 7920217 7979243 8032903 8161687 8172419 8381693 8596333 8639261 8671457 8912927 8918293 8950489 8993417 9106103 9283181 9347573 9352939 9363671 9428063 9460259 9481723 9556847 9562213 9610507 9851977 9862709 9932467 9996859 10039787 10071983 10157839 10222231 10254427 10399309 10410041 10426139 10474433 10587119 10603217 10608583 10624681 10667609 10748099,10733 123419 203909 300497 525869 541967 735143 767339 831731 1073201 1089299 1169789 1298573 1572239 1910297 1990787 2103473 2135669 2151767 2232257 2425433 2522021 2634707 2763491 2988863 3004961 3085451 3165941 3600587 4244507 4453781 4469879 4550369 4566467 4888427 4952819 4968917 5162093 5242583 5290877 5371367 5612837 5725523 5902601 5966993 5983091 6095777 6144071 6160169 6417737 6482129 6578717 6691403 6804089 7270931 7287029 7834361 8172419 8381693 8639261 8671457 8912927 8993417 9106103 9283181 9347573 9363671 9428063 9460259 10039787 10071983 10426139 10474433 10603217 10667609 10748099
2687,173,115,89,59,252,163,124,82,42,64489,64489,150473,64489 150473 198839 295571 424547 440669 456791 537401 601889 612637 644881 789979 822223 859841 870589 983443 1031809 1069427 1101671 1117793 1182281 1198403 1209151 1273639 1279013 1327379 1343501 1440233 1515469 1531591 1547713 1569209 1628323 1649819 1730429 1950763 2036747 2063617 2079739 2160349 2337691 2386057 2434423 2595643 2660131 2794481 2837473 2939579 2998693 3020189 3079303 3127669 3192157 3224401 3288889 3305011 3326507 3455483 3466231 3503849 3568337 3584459 3611329 3627451 3648947 3777923 3842411 3885403 4019753 4132607 4213217 4261583 4352941 4390559 4503413 4616267 4745243 4809731 4825853 4890341 4901089 4938707 4981699 5046187 5078431 5180537 5261147 5293391 5357879 5535221 5562091 5599709 5658823 5680319 5857661 5884531 5932897 6142483 6147857 6287581 6335947 6389687 6421931 6497167 6513289 6626143 6760493 6824981 6835729 6932461 7034567 7050689 7109803 7190413 7211909 7276397 7324763 7373129 7512853 7598837 7706317 7754683 7760057 7786927 7819171 7840667 7937399 7948147 8114741 8163107 8195351 8533913 8566157 8609149 8695133 8743499 8775743 9082061 9146549 9243281 9254029 9291647 9334639 9340013 9420623 9468989 9495859 9608713 9673201 9823673 9882787 10033259 10044007 10205227 10210601 10221349 10258967 10301959 10447057 10463179 10656643 10678139 10694261,150473 198839 295571 424547 440669 456791 537401 601889 859841 1069427 1101671 1117793 1182281 1198403 1279013 1327379 1343501 1440233 1569209 1649819 1730429 2036747 2939579 3020189 3326507 3455483 3503849 3568337 3584459 3648947 3777923 3842411 4019753 4132607 4213217 4261583 4390559 4503413 4616267 4745243 4809731 4825853 4890341 4938707 5180537 5261147 5293391 5357879 5535221 5599709 5680319 5857661 6389687 6421931 6760493 6824981 7034567 7050689 7211909 7276397 7324763 7373129 7598837 7760057 7840667 7937399 8114741 8533913 8566157 8695133 8743499 8775743 9082061 9243281 9291647 9340013 9468989 9823673 10033259 10210601 10258967 10694261
2689,180,112,82,49,269,174,119,78,41,59159,59159,59159,59159 80671 112939 145207 161341 172097 209743 252767 371083 397973 435619 451753 559313 591581 672251 720653 758299 790567 865859 968041 1075601 1140137 1210051 1500463 1645669 1753229 1774741 1850033 1919947 1968349 2027507 2092043 2108177 2129689 2226493 2317919 2323297 2533039 2581441 2645977 2742781 2791183 2871853 2882609 3146131 3156887 3194533 3205289 3221423 3355873 3420409 3463433 3527969 3581749 3597883 3608639 3624773 3662419 3769979 3963587 4017367 4060391 4173329 4243243 4275511 4350803 4356181 4404583 4517521 4576679 4657349 4673483 4705751 4711129 4770287 4850957 5028431 5076833 5082211 5114479 5356489 5496317 5533963 5630767 5695303 5727571 5808241 5840509 5867399 5948069 6163189 6243859 6286883 6324529 6367553 6448223 6545027 6561161 6647209 6727879 6760147 6770903 6776281 6787037 6851573 6883841 6889219 6937621 6948377 6964511 7077449 7174253 7228033 7271057 7308703 7405507 7496933 7561469 7609871 7631383 7642139 7738943 7776589 7792723 7900283 7916417 7980953 8018599 8045489 8077757 8206829 8239097 8309011 8368169 8438083 8470351 8502619 8545643 8663959 8706983 8776897 8873701 8965127 8981261 9018907 9083443 9207137 9223271 9357721 9368477 9384611 9486793 9594353 9626621 9658889 9712669 9755693 9820229 9836363 9997703 10083751 10196689 10304249 10309627 10336517 10390297 10433321 10465589 10562393 10643063 10696843 10756001 10761379 10804403,59159 172097 252767 397973 559313 591581 672251 720653 865859 1075601 1140137 1753229 1850033 2027507 2092043 2108177 2317919 2882609 3156887 3205289 3221423 3463433 3527969 3608639 3624773 4060391 4173329 4576679 4657349 4673483 4705751 4770287 4850957 5028431 5076833 5496317 5948069 6286883 6367553 6545027 6561161 6770903 6787037 6851573 6883841 6948377 6964511 7077449 7174253 7271057 7496933 7609871 7642139 7900283 7916417 7980953 8045489 8077757 8206829 8239097 8368169 8706983 8965127 8981261 9223271 9368477 9384611 9594353 9626621 9658889 9755693 9820229 9836363 10304249 10465589 10643063 10756001 10804403
2693,189,118,89,57,261,163,112,71,41,5387,5387,5387,5387 53861 70019 118493 145423 166967 177739 231599 242371 360863 554759 619391 678637 732497 780971 813287 888691 921007 1001797 1120289 1168763 1195693 1228009 1298027 1324957 1373431 1508081 1567327 1728907 1890487 1922803 2019751 2100541 2105927 2132857 2213647 2219033 2315981 2332139 2380613 2477561 2488333 2493719 2520649 2542193 2666071 2698387 2730703 2736089 2752247 2908441 2946143 2973073 3086179 3123881 3247759 3263917 3269303 3296233 3409339 3430883 3506287 3635551 3640937 3673253 3716341 3721727 3732499 3834833 3883307 3942553 3996413 4174151 4190309 4238783 4265713 4416521 4481153 4561943 4642733 4691207 4766611 4771997 4782769 4960507 5095157 5202877 5208263 5224421 5256737 5412931 5450633 5558353 5579897 5655301 5736091 5951531 5978461 6113111 6129269 6140041 6145427 6220831 6333937 6339323 6436271 6517061 6678641 6689413 6743273 6818677 6883309 6937169 6964099 7044889 7147223 7195697 7206469 7260329 7335733 7470383 7486541 7497313 7680437 7691209 7982053 7987439 8062843 8159791 8175949 8434477 8482951 8563741 8596057 8601443 8741479 8919217 8924603 9064639 9166973 9290851 9387799 9452431 9484747 9565537 9570923 9597853 9667871 9710959 9759433 9807907 9856381 9861767 9894083 9942557 10023347 10217243 10292647 10475771 10508087 10583491 10637351 10809703,5387 53861 70019 118493 166967 231599 360863 554759 619391 732497 780971 813287 1120289 1168763 1298027 1508081 2105927 2219033 2315981 2332139 2380613 2477561 2493719 2736089 2752247 2946143 3123881 3269303 3430883 3673253 3721727 3834833 3883307 3996413 4174151 4190309 4238783 4416521 4481153 4561943 4642733 4771997 5095157 5208263 5224421 5256737 5450633 5579897 5951531 6113111 6129269 6145427 6436271 6517061 6678641 6743273 6937169 7260329 7470383 7486541 7680437 8601443 8924603 9570923 9667871 9861767 9894083 10217243 10475771 10508087 10637351
2699,196,123,95,60,282,175,134,84,50,86369,86369,86369,86369 102563 113359 248309 280697 345473 388657 404851 469627 491219 534403 566791 685547 701741 728731 761119 809701 842089 874477 890671 896069 928457 944651 993233 1025621 1101193 1138979 1187561 1263133 1408879 1560023 1738157 1781341 1829923 1835321 1867709 1927087 1943281 1975669 2029649 2169997 2207783 2272559 2531663 2623429 2628827 2655817 2709797 2720593 2736787 2806961 2839349 2882533 2914921 2995891 3044473 3076861 3271189 3276587 3341363 3368353 3438527 3519497 3562681 3595069 3616661 3649049 3724621 3730019 3837979 3908153 3989123 4005317 4016113 4070093 4086287 4134869 4167257 4215839 4242829 4248227 4426361 4572107 4615291 4696261 4728649 4825813 4939171 4960763 4993151 5052529 5230663 5236061 5295439 5300837 5430389 5462777 5505961 5570737 5651707 5786657 5835239 5883821 5910811 5932403 6024169 6272477 6283273 6396631 6429019 6445213 6515387 6580163 6677327 6752899 6785287 6866257 6936431 7065983 7157749 7163147 7190137 7244117 7308893 7406057 7454639 7481629 7497823 7675957 7724539 7729937 7773121 7805509 7837897 7935061 8053817 8102399 8145583 8226553 8555831 8604413 8636801 8696179 8701577 8712373 8777149 8782547 8906701 8944487 9036253 9133417 9149611 9155009 9187397 9235979 9333143 9414113 9473491 9511277 9576053 9619237 9684013 9926923 9959311 10207619 10223813 10288589 10396549 10428937 10558489 10644857 10742021 10774409 10790603 10849981,86369 102563 248309 280697 345473 491219 685547 701741 896069 928457 944651 993233 1025621 1138979 1187561 1560023 1738157 1835321 1867709 2029649 2207783 2272559 2531663 2628827 2709797 2806961 3276587 3341363 3438527 3616661 3649049 3730019 3908153 3989123 4005317 4070093 4086287 4134869 4167257 4215839 4248227 4426361 4572107 4960763 4993151 5236061 5300837 5430389 5462777 5786657 5835239 5932403 6272477 6515387 6580163 6677327 6936431 7065983 7163147 7244117 7308893 7406057 7454639 7729937 8053817 8102399 8555831 8604413 8636801 8782547 8944487 9155009 9187397 9235979 9333143 9414113 9511277 9576053 10207619 10223813 10288589 10644857 10742021 10790603
2707,183,115,80,51,267,172,106,68,38,43313,43313,43313,43313 64969 75797 97453 129937 157007 173249 270701 319427 341083 368153 373567 449363 454777 481847 498089 568471 584713 660509 665923 779617 812101 942037 1055731 1082801 1180253 1201909 1212737 1283119 1293947 1315603 1364329 1505093 1570061 1672927 1748723 2030251 2046493 2073563 2138531 2203499 2241397 2338849 2463371 2501269 2560823 2566237 2728657 2836937 2907319 2972287 2999357 3102223 3134707 3167191 3275471 3329611 3372923 3394579 3410821 3427063 3556999 3654451 3665279 3730247 3735661 3843941 3973877 4006361 4071329 4109227 4320373 4639799 4693939 4802219 4818461 4856359 5099989 5110817 5143301 5305721 5321963 5370689 5538523 5598077 5700943 5760497 5792981 5830879 5912089 5928331 5944573 5977057 6009541 6052853 6106993 6117821 6199031 6215273 6236929 6328967 6431833 6464317 6523871 6675463 6724189 6789157 6848711 6886609 6929921 6967819 7076099 7108583 7130239 7271003 7335971 7384697 7390111 7406353 7536289 7579601 7595843 7660811 7677053 7714951 7731193 7758263 7844887 8001893 8039791 8056033 8250937 8299663 8359217 8375459 8445841 8472911 8554121 8608261 8624503 8700299 8770681 8813993 8927687 8976413 9025139 9063037 9095521 9171317 9274183 9285011 9339151 9387877 9501571 9528641 9577367 9593609 9609851 9691061 9745201 9772271 9842653 9956347 10080869 10297429 10340741 10378639 10421951 10438193 10459849 10719721 10979593,43313 75797 157007 173249 270701 319427 368153 449363 481847 498089 660509 1082801 1180253 1212737 1293947 1505093 1570061 1748723 2073563 2138531 2203499 2463371 2560823 2999357 3275471 3372923 3665279 3730247 3843941 3973877 4006361 4071329 4639799 4802219 4818461 5110817 5143301 5321963 5370689 5598077 5760497 5792981 6052853 6117821 6199031 6215273 6328967 6523871 6848711 7076099 7108583 7335971 7384697 7579601 7758263 8001893 8359217 8375459 8472911 8554121 8700299 8976413 9171317 9528641 9772271 10080869 10421951 10438193
2711,183,116,93,58,256,161,133,84,49,16267,16267,70487,16267 32533 48799 70487 81331 86753 195193 341587 379541 412073 428339 439183 504247 536779 585577 623531 656063 704861 813301 943429 965117 997649 1008493 1057291 1154887 1160309 1209107 1225373 1252483 1371767 1415143 1463941 1680821 1707931 1713353 1778417 1789261 1870591 1984453 2006141 2347727 2429057 2526653 2542919 2591717 2651359 2716423 2781487 2786909 2846551 2851973 2895349 3079697 3123073 3144761 3432127 3486347 3757447 3773713 3795401 3838777 3844199 3909263 3990593 4039391 4055657 4099033 4115299 4196629 4310491 4326757 4413509 4424353 4440619 4462307 4494839 4527371 4559903 4570747 4587013 4608701 4624967 4765939 4966553 5064149 5221387 5286451 5367781 5449111 5470799 5497909 5519597 5698523 5763587 5926247 5942513 5991311 6034687 6072641 6186503 6202769 6262411 6343741 6397961 6528089 6717859 6799189 6853409 6885941 6929317 6961849 7108243 7146197 7227527 7270903 7292591 7368499 7373921 7406453 7422719 7487783 7585379 7612489 7813103 7894433 7905277 7943231 7986607 8165533 8366147 8398679 8431211 8447477 8919191 8935457 9114383 9239089 9260777 9277043 9293309 9320419 9455969 9466813 9531877 9602363 9645739 9678271 9710803 9765023 9943949 10101187 10155407 10166251 10187939 10296379 10334333 10491571 10670497 10686763 10838579 10968707,70487 86753 379541 412073 428339 623531 656063 704861 965117 997649 1160309 1209107 1225373 1371767 1680821 1713353 1778417 2006141 2347727 2429057 2526653 2542919 2591717 2786909 2851973 3079697 3144761 3486347 3795401 3844199 3909263 3990593 4039391 4055657 4413509 4462307 4494839 4527371 4608701 4624967 4966553 5064149 5470799 5519597 5698523 5763587 5926247 5942513 5991311 6186503 6202769 6397961 6528089 6853409 6885941 7146197 7227527 7292591 7373921 7406453 7422719 7487783 7585379 7813103 7894433 7943231 8366147 8398679 8431211 8447477 8919191 9114383 9260777 9277043 9293309 9455969 9602363 9765023 9943949 10155407 10187939 10334333 10838579 10968707
2713,194,116,103,62,291,180,136,83,53,227893,227893,287579,227893 287579 341839 390673 406951 423229 472063 569731 586009 629417 743363 748789 759641 775919 927847 954977 1036367 1041793 1182869 1237129 1264259 1280537 1334797 1416187 1427039 1497577 1524707 1644079 1654931 1671209 1725469 1752599 1774303 1801433 1850267 1882823 1899101 1964213 2078159 2099863 2175827 2224661 2262643 2338607 2344033 2360311 2468831 2506813 2533943 2555647 2750983 2799817 2859503 2973449 3076543 3136229 3217619 3255601 3282731 3315287 3396677 3510623 3516049 3662551 3727663 3771071 3787349 3885017 3939277 3950129 3966407 4069501 4264837 4405913 4427617 4460173 4568693 4584971 4720621 4802011 4829141 4861697 4943087 4975643 5078737 5154701 5241517 5252369 5268647 5301203 5415149 5436853 5643041 5794969 5903489 5968601 5984879 6136807 6196493 6294161 6310439 6380977 6522053 6538331 6576313 6625147 6673981 6815057 6820483 6863891 7015819 7042949 7064653 7194877 7243711 7352231 7471603 7520437 7580123 7764607 7824293 7829719 7878553 8041333 8057611 8101019 8117297 8182409 8220391 8263799 8318059 8410301 8475413 8529673 8611063 8643619 8687027 8708731 8735861 8817251 8980031 9012587 9018013 9045143 9213349 9256757 9305591 9321869 9359851 9370703 9392407 9473797 9484649 9506353 9555187 9614873 9777653 9875321 9880747 9940433 10054379 10190029 10200881 10238863 10320253 10336531 10417921 10434199 10450477 10510163 10526441 10531867 10564423 10613257 10624109 10640387 10824871 10938817 11003929 11014781,287579 629417 743363 759641 775919 954977 1036367 1182869 1264259 1280537 1427039 1524707 1654931 1671209 1752599 1801433 1850267 1882823 1899101 1964213 2078159 2175827 2224661 2338607 2468831 2533943 2859503 2973449 3136229 3217619 3282731 3315287 3396677 3510623 3771071 3787349 3885017 3950129 3966407 4405913 4568693 4584971 4829141 4861697 4943087 4975643 5154701 5252369 5268647 5301203 5415149 5643041 5903489 5968601 5984879 6196493 6310439 6522053 6538331 6863891 7042949 7352231 7580123 7824293 8101019 8117297 8182409 8410301 8687027 8735861 8980031 9012587 9256757 9305591 9321869 9614873 9777653 9875321 10200881 10510163 10526441 10624109 11014781
2719,176,107,84,52,263,149,115,64,51,27191,27191,27191,27191 65257 108761 114199 244711 255587 320843 358909 375223 435041 467669 554677 565553 570991 636247 717817 875519 897271 1044097 1152857 1190923 1305121 1370377 1386691 1468261 1495451 1533517 1582459 1691219 1696657 1707533 1745599 1903301 2006623 2071879 2104507 2148011 2202391 2311151 2398159 2425349 2430787 2506919 2604803 2610241 2642869 2686373 2691811 2833199 2882141 2903893 2920207 2931083 2996339 3001777 3018091 3045281 3148603 3208421 3257363 3436817 3502073 3540139 3670651 3703279 3909923 3915361 3942551 4236203 4334087 4372153 4437409 4616863 4698433 4731061 4845259 4970333 4986647 5051903 5166101 5198729 5394497 5443439 5514133 5628331 5720777 5900231 5949173 5987239 6030743 6177569 6183007 6231949 6259139 6357023 6536477 6618047 6634361 6639799 6699617 6764873 7129219 7172723 7189037 7286921 7292359 7335863 7422871 7433747 7488127 7569697 7586011 7596887 7634953 7662143 7890539 8233133 8352769 8385397 8450653 8515909 8575727 8706239 8787809 8804123 8809561 8902007 8983577 9184783 9250039 9266353 9413179 9429493 9456683 9706831 9837343 9946103 9951541 10147309 10174499 10190813 10326763 10419209 10533407 10582349 10653043 10745489 10897753 10908629,27191 108761 255587 320843 435041 467669 565553 875519 1152857 1495451 1691219 1707533 1903301 2148011 2311151 2425349 2506919 2604803 2686373 2833199 2882141 2931083 2996339 3045281 3257363 3436817 3502073 3909923 3942551 4236203 4334087 4970333 5051903 5166101 5198729 5394497 5443439 5720777 5900231 5949173 6030743 6177569 6259139 6357023 6536477 6634361 6699617 6764873 7172723 7189037 7286921 7335863 7433747 7596887 7890539 8575727 8787809 8983577 9946103 10190813 10533407 10582349 10745489 10908629
2729,179,94,82,41,269,147,122,64,58,32749,32749,54581,32749 49123 54581 103703 163741 169199 201947 229237 283817 360229 376603 409351 523969 611297 769579 791411 933319 1151639 1211677 1260799 1309921 1342669 1375417 1413623 1424539 1642859 1659233 1675607 1719271 1915759 1964881 2134079 2150453 2183201 2215949 2232323 2292361 2477933 2587093 2723543 2783581 2903657 2920031 2930947 2996443 3225679 3247511 3258427 3323923 3362129 3525869 3542243 3684151 3722357 4093501 4115333 4197203 4257241 4551973 4672049 4753919 4813957 4884911 4895827 4917659 4944949 4999529 5043193 5507123 5534413 5605367 5616283 5687237 5703611 5763649 5796397 5894641 5900099 6042007 6123877 6205747 6276701 6358571 6467731 6522311 6604181 6762463 6800669 6942577 7122691 7155439 7177271 7308263 7335553 7504751 7564789 7581163 7597537 7646659 7744903 7750361 7783109 7810399 7826773 7897727 8028719 8061467 8143337 8154253 8225207 8301619 8383489 8399863 8487191 8536313 8634557 8814671 8891083 8945663 9011159 9125777 9136693 9169441 9174899 9284059 9371387 9502379 9578791 9715241 9857149 9906271 9939019 10020889 10135507 10271957 10321079 10512109 10517567 10544857 10724971 10746803 10779551 10790467 10921459 10926917 11019703 11085199,54581 103703 169199 201947 283817 611297 791411 1151639 1413623 1642859 1659233 1675607 2134079 2150453 2183201 2215949 2232323 2477933 2723543 2903657 2920031 3247511 3362129 3525869 3542243 3722357 4115333 4197203 4672049 4884911 4917659 4999529 5507123 5687237 5703611 5900099 6276701 6358571 6522311 6800669 7177271 7504751 7750361 7783109 7897727 8028719 8061467 8143337 8225207 8487191 8536313 8634557 8814671 8945663 9011159 9125777 9174899 9371387 9502379 9715241 10271957 10321079 10746803 10926917
2731,181,104,80,43,260,153,111,65,46,60083,60083,60083,60083 81931 98317 125627 163861 278563 305873 327721 404189 453347 486119 524353 573511 731909 835687 862997 917617 1081477 1114249 1147021 1174331 1228951 1272647 1327267 1387349 1420121 1589443 1600367 1605829 1654987 1764227 1780613 1829771 1846157 1900777 1944473 1993631 2010017 2048251 2261269 2326813 2474287 2556217 2698229 2965867 3009563 3080569 3195271 3337283 3391903 3555763 3599459 3637693 3703237 3719623 3730547 3932641 3949027 4112887 4211203 4320443 4391449 4402373 4538923 4620853 4702783 4779251 4866643 4943111 5079661 5123357 5221673 5238059 5374609 5451077 5489311 5505697 5587627 5604013 5762411 5849803 5948119 6008201 6111979 6253991 6259453 6472471 6505243 6532553 6680027 6685489 6734647 6761957 6996823 7122449 7177069 7226227 7237151 7253537 7335467 7340929 7373701 7406473 7450169 7455631 7564871 7597643 7734193 7750579 7963597 7990907 8072837 8078299 8171153 8187539 8193001 8242159 8487949 8635423 8717353 8744663 8799283 8826593 8892137 8957681 8974067 9045073 9072383 9176161 9203471 9225319 9252629 9285401 9290863 9367331 9400103 9471109 9503881 9585811 9634969 9776981 9798829 9929917 9940841 10028233 10039157 10219403 10241251 10317719 10519813 10973159 11055089 11120633,60083 125627 305873 404189 453347 486119 731909 862997 1174331 1272647 1387349 1420121 1600367 1764227 1780613 1829771 1846157 1944473 1993631 2010017 2698229 3009563 3337283 3599459 3730547 4320443 4402373 4779251 4943111 5123357 5238059 5451077 5762411 6008201 6253991 6532553 6680027 6761957 7122449 7237151 7253537 7335467 7450169 7564871 7597643 7990907 8072837 8171153 8187539 8744663 8826593 8892137 8957681 9252629 9285401 9367331 9400103 9776981 9940841 10039157 10219403 10317719 10973159 11055089 11120633
2741,187,107,84,49,266,151,106,63,43,5483,5483,5483,5483 115123 169943 180907 252173 279583 328921 444043 548201 575611 597539 657841 772963 893567 904531 959351 975797 1101883 1332127 1386947 1419839 1513033 1534961 1715867 1776169 1814543 1880327 1962557 2044787 2055751 2137981 2236657 2307923 2351779 2401117 2499793 2521721 2571059 2647807 2746483 2784857 2812267 2927389 2932871 2960281 2965763 3206971 3212453 3228899 3442697 3508481 3568783 3607157 3799027 3815473 3996379 4029271 4078609 4166321 4199213 4226623 4243069 4248551 4281443 4347227 4374637 4413011 4692593 4720003 4741931 4785787 4818679 4824161 5120189 5262721 5268203 5284649 5498447 5514893 5690317 5728691 5838331 5854777 5860259 6024719 6090503 6101467 6167251 6222071 6304301 6386531 6419423 6485207 6545509 6567437 6841537 6923767 7005997 7011479 7203349 7225277 7236241 7269133 7351363 7367809 7433593 7450039 7565161 7587089 7598053 7729621 7735103 7981793 8239447 8310713 8469691 8650597 8656079 8930179 8952107 8995963 9067229 9094639 9100121 9308437 9429041 9620911 9637357 9642839 9719587 9801817 9867601 9916939 9938867 9955313 9966277 10081399 10185557 10218449 10229413 10410319 10498031 10706347 10711829 10772131 10909181 11035267 11051713 11073641 11106533 11232619,5483 169943 252173 548201 597539 893567 959351 975797 1386947 1419839 1534961 1715867 1814543 1880327 1962557 2044787 2307923 2521721 2571059 2784857 2932871 3212453 3442697 3508481 3607157 4166321 4199213 4248551 4281443 4347227 4413011 4692593 4741931 4824161 5120189 5268203 5284649 5498447 5514893 5728691 5860259 6090503 6222071 6304301 6386531 6485207 6567437 7011479 7225277 7587089 7735103 7981793 8952107 9067229 9100121 9429041 9642839 10185557 10218449 10498031 10711829 10909181 11106533
2749,173,104,79,48,268,159,116,71,45,109961,109961,109961,109961 115459 142949 175937 423347 445339 527809 560797 604781 610279 659761 802709 824701 989641 1017131 1022629 1083107 1237051 1264541 1429481 1517449 1594421 1599919 1682389 1698883 1759361 1797847 1808843 1874819 1957289 2171711 2303663 2369639 2424619 2584061 2606053 2639041 2732507 2831471 2946929 2979917 3001909 3045893 3100873 3133861 3161351 3183343 3216331 3276809 3381271 3414259 3678163 3854099 3876091 3942067 3986051 4107007 4134497 4189477 4288441 4348919 4464377 4480871 4530353 4585333 4700791 4816249 4942703 4948201 5030671 5107643 5272583 5344057 5388041 5426527 5470511 5503499 5525491 5585969 5607961 5618957 5739913 5882861 5888359 5904853 6097283 6179753 6185251 6278717 6300709 6493139 6542621 6674573 6762541 6828517 6845011 7059433 7086923 7103417 7141903 7185887 7334333 7482779 7488277 7801663 7911623 7950109 7966603 7994093 8109551 8115049 8241503 8329471 8356961 8488913 8604371 8659351 8686841 8835287 8906761 8989231 9121183 9148673 9187159 9203653 9214649 9231143 9313613 9330107 9379589 9533533 9874409 9923891 9945883 10028353 10121819 10259269 10319747 10484687 10523173 10567157 10622137 10638631 10732097 10770583 10781579 10831061 10853053 10897037 10913531 10968511 11050981 11078471 11182933 11193929 11199427 11243411 11265403 11292893,109961 142949 175937 423347 604781 802709 1017131 1083107 1264541 1429481 1594421 1759361 1808843 1874819 1957289 2171711 2303663 2369639 2584061 2732507 2831471 2946929 2979917 3045893 3161351 3276809 3854099 3986051 4134497 4348919 4464377 4942703 5107643 5272583 5388041 5470511 5503499 5585969 5618957 5882861 6179753 6278717 6493139 6542621 6674573 7103417 7185887 7482779 7911623 7994093 8109551 8241503 8356961 8488913 8686841 8835287 9148673 9231143 9313613 9330107 9379589 9874409 10121819 10484687 10567157 10732097 10781579 10913531 11078471 11193929 11243411
2753,193,113,87,52,283,182,122,79,43,16519,16519,38543,16519 33037 38543 55061 82591 99109 148663 302831 363397 401939 468011 512059 693757 748817 809383 814889 908491 947033 974563 1128731 1156261 1194803 1304923 1326947 1459091 1475609 1574717 1767427 1789451 1888559 1905077 1971149 1998679 2097787 2152847 2163859 2213413 2477701 2615351 2741989 2758507 2808061 2824579 2863121 2945711 2989759 3039313 3204493 3276071 3287083 3292589 3358661 3386191 3391697 3468781 3507323 3523841 3556877 3589913 3617443 3936791 3969827 4030393 4085453 4129501 4184561 4195573 4201079 4300187 4415813 4547957 4746173 4779209 4795727 4828763 4861799 4988437 5203171 5373857 5401387 5456447 5483977 5506001 5517013 5522519 5566567 5632639 5649157 5687699 5764783 5880409 5896927 6012553 6067613 6282347 6293359 6315383 6442021 6480563 6524611 6596189 6678779 6921043 6937561 6943067 7009139 7025657 7102741 7168813 7367029 7416583 7449619 7532209 7587269 7669859 7713907 7746943 7779979 7884593 8049773 8066291 8110339 8176411 8181917 8214953 8297543 8325073 8341591 8462723 8539807 8627903 8787577 8842637 8991299 9002311 9040853 9057371 9090407 9156479 9184009 9305141 9332671 9371213 9453803 9481333 9530887 9646513 9668537 9696067 9729103 9745621 9811693 9828211 9833717 9927319 10075981 10092499 10109017 10114523 10131041 10213631 10230149 10323751 10389823 10444883 10505449 10775243 10835809 10874351 10901881 10956941 10967953 10984471 11039531 11100097 11105603 11149651 11248759 11265277 11270783 11287301 11347867,38543 55061 302831 401939 468011 748817 814889 947033 1128731 1194803 1326947 1459091 1574717 1789451 1888559 1971149 2152847 2615351 2863121 2945711 3276071 3292589 3358661 3391697 3507323 3523841 3556877 3936791 3969827 4085453 4184561 4201079 4300187 4415813 4547957 4746173 4779209 4795727 4861799 5373857 5456447 5506001 5522519 5687699 6067613 6282347 6315383 6480563 6678779 6943067 7009139 7025657 7587269 7669859 7884593 8049773 8181917 8214953 8297543 8462723 8627903 9040853 9057371 9090407 9156479 9305141 9371213 9453803 9833717 10131041 10213631 10444883 10775243 10874351 10956941 11039531 11105603 11270783 11287301
2767,188,106,89,51,270,159,122,74,48,16603,16603,442721,16603 49807 132817 149419 166021 348643 442721 498061 525731 581071 592139 597673 708353 758159 874373 940781 979519 1123403 1128937 1145539 1339229 1355831 1377967 1405637 1411171 1427773 1571657 1643599 1737677 1892629 1909231 1920299 1992241 2202533 2241271 2318747 2324281 2418359 2589913 2650787 2722729 2750399 2783603 2833409 2866613 2982827 3065837 3115643 3170983 3198653 3265061 3303799 3453217 3569431 3613703 3680111 3718849 3818461 4061957 4117297 4144967 4178171 4244579 4360793 4399531 4565551 4582153 4593221 4648561 4775843 4941863 5080213 5146621 5174291 5312641 5356913 5406719 5423321 5462059 5545069 5611477 5628079 5661283 5860507 5910313 5937983 5943517 5987789 6043129 6054197 6087401 6270023 6275557 6353033 6402839 6485849 6624199 6823423 7017113 7083521 7149929 7166531 7221871 7315949 7332551 7520707 7747601 7769737 7802941 7830611 7902553 7980029 7996631 8013233 8018767 8068573 8101777 8262263 8295467 8411681 8533429 8561099 8732653 8815663 8893139 9075761 9225179 9280519 9346927 9380131 9463141 9474209 9512947 9540617 9739841 9806249 9844987 9872657 9878191 10005473 10044211 10094017 10121687 10309843 10459261 10542271 10636349 10675087 10735961 10868777 10885379 10984991 11007127 11217419 11234021 11272759 11283827 11289361 11305963,442721 525731 592139 708353 758159 874373 940781 1123403 1339229 1355831 1405637 1571657 1737677 1920299 2202533 2318747 2418359 2650787 2750399 2783603 2833409 2866613 2982827 3065837 3115643 3198653 3265061 3613703 3680111 4144967 4178171 4244579 4360793 4593221 4775843 4941863 5174291 5406719 5423321 5937983 5987789 6054197 6270023 6353033 6402839 7017113 7083521 7149929 7166531 7315949 7332551 7747601 7830611 7996631 8013233 8262263 8295467 8411681 8561099 8893139 9075761 9225179 9474209 9540617 9739841 9806249 9872657 10005473 10121687 10868777 10984991 11217419 11234021 11283827
2777,199,131,85,56,278,184,114,75,39,55541,55541,55541,55541 105527 183283 222161 305471 388781 622049 655373 683143 688697 766453 821993 833101 849763 883087 899749 916411 933073 971951 999721 1038599 1055261 1133017 1149679 1155233 1205219 1299637 1399609 1482919 1516243 1571783 1638431 1649539 1666201 1766173 1821713 1849483 1871699 1905023 1982779 1999441 2038319 2049427 2154953 2216047 2299357 2454869 2465977 2471531 2488193 2521517 2599273 2688137 2738123 2882527 2988053 3021377 3065809 3221321 3382387 3521237 3537899 3554561 3682303 3687857 3765613 3804491 3871139 3998881 4048867 4182163 4204379 4265473 4298797 4348783 4415431 4432093 4537619 4548727 4582051 4620929 4704239 4720901 4798657 4848643 4898629 4970831 4998601 5098573 5265193 5270747 5315179 5354057 5387381 5487353 5520677 5665081 5731729 5853917 5953889 5981659 6103847 6248251 6264913 6314899 6381547 6470411 6498181 6514843 6537059 6598153 6631477 6703679 6714787 6731449 6798097 6903623 7020257 7064689 7070243 7081351 7131337 7181323 7220201 7286849 7347943 7353497 7431253 7464577 7486793 7636751 7731169 7736723 7831141 7847803 7870019 8236583 8264353 8414311 8480959 8519837 8703119 8730889 8930833 8936387 9014143 9019697 9053021 9064129 9180763 9236303 9314059 9397369 9430693 9519557 9663961 9680623 9736163 9802811 9880567 9969431 9997201 10013863 10036079 10069403 10186037 10247131 10263793 10286009 10319333 10480399 10647019 10730329 10746991 10785869 10796977 10830301 10846963 10913611 10963597 11119109 11269067 11330161 11435687,55541 105527 222161 305471 388781 622049 655373 688697 821993 971951 1038599 1055261 1155233 1205219 1571783 1638431 1821713 1871699 1905023 2038319 2154953 2471531 2488193 2521517 2688137 2738123 2988053 3021377 3221321 3521237 3537899 3554561 3687857 3804491 3871139 4537619 4620929 4704239 4720901 4970831 5354057 5387381 5487353 5520677 5853917 6103847 6470411 6537059 6703679 6903623 7020257 7220201 7286849 7353497 7486793 7636751 7736723 7870019 8236583 8519837 8703119 8936387 9019697 9053021 9236303 9736163 9969431 10036079 10069403 10186037 10286009 10319333 10785869 11269067 11435687
2789,196,114,92,44,284,159,127,61,66,105983,105983,105983,105983 133873 150607 167341 256589 368149 418351 507599 557801 585691 619159 641471 652627 836701 870169 892481 920371 925949 970573 1054243 1193693 1238317 1288519 1394501 1427969 1455859 1572997 1673401 1706869 1757071 1790539 1824007 1863053 1946723 1963457 2008081 2013659 2063861 2125219 2197733 2208889 2365073 2376229 2381807 2560303 2565881 2599349 2710909 2761111 2783423 3045589 3134837 3162727 3229663 3296599 3302177 3318911 3346801 3385847 3413737 3681481 3748417 3804197 3848821 3887867 3971537 4016161 4083097 4205813 4322951 4334107 4401043 4434511 4467979 4791503 4824971 4936531 5221009 5226587 5304679 5438551 5488753 5672827 5907103 5912681 5974039 6063287 6080021 6241783 6258517 6308719 6325453 6358921 6442591 6548573 6715913 6727069 6732647 6749381 6827473 6950189 6983657 7000391 7011547 7095217 7284869 7312759 7446631 7468943 7496833 7530301 7552613 7569347 7647439 7781311 7920761 8037899 8350267 8372579 8417203 8534341 8590121 8723993 8835553 8902489 9086563 9153499 9159077 9270637 9437977 9521647 9594161 9644363 9761501 9789391 9828437 9839593 10006933 10045979 10129649 10246787 10263521 10458751 10514531 10542421 10564733 10693027 10748807 10832477 10882679 11027707 11050019 11077909 11083487 11128111 11217359 11362387 11429323 11462791,105983 256589 507599 557801 641471 892481 925949 1193693 1394501 1427969 1863053 1946723 1963457 2013659 2063861 2197733 2365073 2381807 2565881 2599349 2783423 3302177 3318911 3385847 3804197 3887867 3971537 4205813 4322951 4824971 5226587 5912681 6063287 6080021 6548573 6715913 6732647 6749381 6983657 7000391 7284869 7468943 7552613 7569347 7920761 8037899 8372579 8590121 8723993 9159077 9644363 9828437 10045979 10129649 10246787 10263521 10514531 10748807 10832477 10882679 11083487
2791,191,105,78,40,273,165,108,65,43,16747,16747,61403,16747 61403 145133 161879 251191 295847 301429 351667 396323 413069 435397 468889 547037 586111 619603 781481 854047 865211 921031 937777 1004761 1133147 1384337 1389919 1401083 1451321 1473649 1674601 1702511 1858807 1875553 1892299 1959283 2093251 2137907 2322113 2428171 2489573 2595631 3014281 3159413 3226397 3231979 3382693 3466423 3516661 3617137 3678539 3829253 3901819 3912983 3963221 3985549 4069279 4303723 4314887 4320469 4353961 4515839 4521421 4666553 4733537 4900997 4940071 4956817 5057293 5135441 5141023 5235917 5308483 5336393 5408959 5420123 5459197 5587583 5604329 5609911 5626657 5654567 5693641 5710387 5727133 5738297 5822027 5922503 5972741 6006233 6190439 6229513 6296497 6307661 6408137 6491867 6865861 6882607 7033321 7167289 7228691 7362659 7368241 7496627 7530119 7636177 7703161 7736653 7898531 7948769 7987843 8121811 8149721 8172049 8283689 8289271 8417657 8540461 8557207 8573953 8624191 8652101 8836307 9003767 9009349 9059587 9070751 9120989 9176809 9210301 9338687 9355433 9422417 9478237 9673607 9690353 9746173 9762919 9796411 9841067 9846649 9908051 10164823 10192733 10298791 10360193 10376939 10460669 10577891 10594637 10734187 10762097 10851409 10862573 10901647 10929557 11052361 11152837 11197493 11219821 11337043 11364953 11387281 11437519 11487757 11521249 11571487 11582651,61403 145133 161879 295847 396323 413069 547037 781481 865211 1133147 1384337 1401083 1451321 1702511 2137907 2322113 2489573 3159413 3226397 3912983 3963221 4314887 4666553 4733537 5135441 5235917 5336393 5420123 5587583 5604329 5654567 5738297 5822027 5922503 6006233 6190439 6408137 7228691 7362659 7530119 7898531 7948769 8149721 8283689 8417657 8652101 8836307 9070751 9338687 9355433 9422417 9673607 9690353 9841067 10192733 10360193 10376939 10460669 10577891 10594637 10762097 10862573 10929557 11364953 11582651
2797,197,121,97,59,276,169,128,77,51,44753,44753,44753,44753 67129 78317 83911 128663 195791 212573 330047 335641 352423 363611 402769 486679 497867 548213 587371 632123 637717 716033 805537 906229 939793 967763 1185929 1225087 1370531 1387313 1426471 1437659 1454441 1493599 1644637 1672607 1728547 1806863 1857209 1997059 2008247 2064187 2114533 2209631 2293541 2528489 2567647 2785813 2864129 2920069 2964821 3020761 3155017 3233333 3317243 3406747 3423529 3457093 3468281 3602537 3658477 3692041 3720011 3770357 3887831 3954959 4022087 4072433 4094809 4122779 4212283 4245847 4279411 4329757 4363321 4408073 4547923 4659803 4698961 4782871 4794059 4933909 5029007 5112917 5168857 5286331 5297519 5314301 5364647 5370241 5387023 5420587 5482121 5717069 6002363 6086273 6091867 6136619 6209341 6276469 6293251 6321221 6393943 6427507 6472259 6539387 6589733 6897403 6958937 7014877 7059629 7177103 7182697 7210667 7227449 7300171 7400863 7428833 7451209 7462397 7546307 7686157 7719721 7814819 7853977 8055361 8066549 8072143 8105707 8273527 8290309 8323873 8474911 8502881 8575603 8659513 8737829 8776987 9023123 9062281 9213319 9364357 9414703 9644057 9677621 9867817 9918163 9929351 10153111 10220239 10237021 10404841 10516721 10583849 10617413 10623007 10650977 10790827 10807609 10824391 10891519 10902707 10936271 11210377 11322257 11344633 11439731 11478889 11490077 11523641 11540423 11590769,44753 78317 128663 195791 212573 330047 363611 497867 548213 632123 716033 1185929 1370531 1387313 1437659 1454441 1672607 1806863 1857209 2008247 2209631 2293541 2528489 2864129 2964821 3233333 3317243 3468281 3602537 3720011 3887831 3954959 4022087 4072433 4122779 4408073 4659803 4794059 5029007 5112917 5297519 5314301 5364647 5482121 5717069 6002363 6086273 6136619 6321221 6472259 6539387 6589733 7059629 7177103 7210667 7227449 7462397 7546307 7814819 8066549 8502881 8737829 9023123 9644057 9677621 9929351 10516721 10583849 10617413 10650977 10902707 10936271 11322257 11439731 11523641 11540423 11590769
2801,187,102,81,45,277,153,119,68,51,22409,22409,22409,22409 33613 89633 268897 436957 509783 537793 577007 694649 789883 857107 873913 1109197 1142809 1165217 1176421 1182023 1249247 1277257 1366889 1478929 1484531 1568561 1652591 1686203 1865467 1966303 2050333 2106353 2235199 2352841 2638543 2806603 2829011 2913041 3097907 3445231 3534863 3579679 3602087 3630097 3697321 3786953 3814963 3837371 3870983 3949411 3955013 4039043 4257521 4335949 4391969 4453591 4459193 4504009 4571233 4627253 4638457 4705681 4795313 4974577 4980179 5041801 5142637 5209861 5517971 5551583 5602001 5764459 5786867 5848489 5854091 5882101 5999743 6066967 6072569 6100579 6207017 6218221 6235027 6335863 6358271 6375077 6436699 6442301 6688789 6711197 6862451 6896063 6974491 7148153 7282601 7299407 7316213 7344223 7400243 7551497 7568303 7596313 7719557 7730761 7837199 7921229 8066881 8184523 8240543 8318971 8391797 8436613 8475827 8503837 8621479 8660693 8688703 8823151 8828753 8980007 9024823 9047231 9125659 9164873 9265709 9383351 9461779 9500993 9517799 9635441 9719471 9736277 9747481 10156427 10425323 10436527 10470139 10520557 10671811 10755841 10772647 10778249 10828667 10873483 11030339 11058349 11265623 11276827 11332847 11400071 11444887 11612947 11618549 11629753 11646559 11652161,22409 89633 509783 577007 694649 1165217 1182023 1249247 1484531 1568561 1652591 1686203 2106353 2913041 3097907 3534863 3602087 3786953 3837371 3870983 3955013 4039043 4257521 4391969 4627253 4795313 4980179 5517971 5551583 5602001 5786867 5854091 6072569 6207017 6358271 6375077 6442301 6711197 7148153 7282601 7299407 7316213 7400243 7568303 7719557 7921229 8240543 8391797 8660693 8828753 8980007 9047231 9164873 9500993 9517799 9635441 9719471 9736277 10156427 10425323 10778249 10828667 11030339 11265623 11332847 11400071 11618549 11652161
2803,190,105,90,52,275,165,127,79,48,11213,11213,11213,11213 33637 61667 67273 112121 117727 128939 145757 184999 213029 229847 336361 369997 431663 465299 588631 599843 683933 784841 936203 958627 992263 1138019 1160443 1323017 1412713 1513621 1541651 1547257 1642559 1765891 1793921 1833163 1934071 1950889 2029373 2102251 2186341 2584367 2707699 2786183 2803001 3111331 3172997 3206633 3240269 3279511 3290723 3391631 3425267 3481327 3683143 3699961 3727991 3784051 3845717 3879353 3896171 4013897 4299803 4305409 4501619 4608133 4669799 4737071 4776313 4809949 4854797 5062219 5079037 5090249 5163127 5247217 5275247 5280853 5297671 5364943 5398579 5465851 5718121 5863877 5919937 6015239 6032057 6149783 6200237 6256297 6317963 6334781 6486143 6575839 6643111 6659929 6895381 6906593 6996289 7097197 7327043 7377497 7427951 7484011 7512041 7652191 7685827 7831583 7949309 8100671 8106277 8190367 8201579 8252033 8352941 8369759 8453849 8509909 8605211 8644453 8672483 8689301 8762179 8980813 9008843 9014449 9025661 9064903 9092933 9311567 9362021 9535807 9547019 9765653 9838531 9866561 10023529 10034741 10135649 10158073 10186103 10258981 10303829 10320647 10387919 10455191 10612159 10707461 10825187 10830793 10847611 10864429 10942913 10948519 10998973 11060639 11083063 11161547 11183971 11200789 11212001 11335333 11352151 11447453 11453059 11520331 11565179 11750177,11213 61667 112121 128939 145757 213029 229847 431663 465299 599843 683933 784841 936203 1138019 1323017 1541651 1642559 1793921 2029373 2584367 2786183 2803001 3172997 3206633 3240269 3290723 3391631 3425267 3727991 3845717 3879353 3896171 4013897 4299803 4501619 4737071 4854797 5090249 5275247 5863877 6015239 6032057 6149783 6200237 6317963 6334781 6486143 6906593 7377497 7427951 7512041 7831583 7949309 8100671 8201579 8352941 8369759 8605211 8689301 9008843 9025661 9092933 9311567 9362021 9547019 9765653 9866561 10034741 10135649 10186103 10303829 10387919 10455191 10707461 10825187 10942913 11447453 11565179 11750177
2819,182,109,76,47,267,158,111,65,46,107123,107123,107123,107123 191693 293177 321367 389023 456679 479231 507421 529973 541249 575077 631457 648371 710389 828787 1099411 1217809 1223447 1240361 1386949 1437691 1527899 1561727 1691401 1697039 1730867 1781609 2012767 2114251 2153717 2266477 2351047 2661137 2672413 2706241 2830277 2858467 2897933 2999417 3044521 3219299 3253127 3388439 3433543 3518113 3535027 3619597 3636511 3788737 3811289 3929687 4008619 4059361 4177759 4183397 4228501 4251053 4369451 4403279 4532953 4566781 4690817 4719007 4741559 4792301 4859957 4910699 5079839 5124943 5209513 5215151 5243341 5361739 5604173 5688743 5840969 5857883 5869159 5902987 6027023 6111593 6145421 6196163 6241267 6258181 6297647 6348389 6382217 6517529 6596461 6635927 6737411 6833257 6855809 6889637 6900913 6940379 6968569 7002397 7103881 7143347 7188451 7222279 7323763 7363229 7442161 7583111 7695871 7718423 8000323 8039789 8152549 8158187 8169463 8186377 8394983 8428811 8462639 8490829 8564123 8626141 8676883 8750177 8761453 8964421 9201217 9257597 9268873 9274511 9578963 9595877 9607153 9612791 9691723 9776293 9866501 9962347 9979261 10018727 10030003 10086383 10148401 10255523 10300627 10323179 10340093 10424663 10526147 10543061 10605079 10774219 10808047 10915169 10994101 11383123 11552263 11569177 11727041,107123 191693 293177 479231 529973 631457 648371 1223447 1240361 1527899 1561727 1697039 1730867 2153717 2661137 2830277 2897933 2999417 3219299 3253127 3388439 3811289 3929687 4183397 4251053 4369451 4403279 4741559 4792301 5079839 5215151 5604173 5688743 5840969 5857883 6111593 6145421 6196163 6297647 6382217 6517529 6855809 6940379 7143347 7363229 7583111 7718423 8039789 8158187 8394983 8428811 8564123 9257597 9274511 9578963 9595877 9612791 9866501 10018727 10255523 10323179 10340093 10424663 10526147 10915169
2833,198,115,94,49,286,168,130,66,64,33997,33997,45329,33997 45329 62327 67993 84991 215309 232307 237973 271969 300299 322963 351293 356959 436283 594931 640259 713917 810239 912227 946223 1065209 1223857 1252187 1257853 1388171 1563817 1626143 1643141 1699801 1813121 1818787 1830119 2056759 2136083 2141749 2187077 2209741 2277733 2294731 2306063 2379721 2476043 2498707 2566699 2634691 2974651 3002981 3087971 3127633 3161629 3229621 3291947 3325943 3410933 3444929 3467593 3529919 3597911 3665903 3824551 3835883 4011529 4181509 4249501 4351489 4362821 4368487 4379819 4549799 4623457 4742443 4759441 4787771 4912423 4940753 4957751 4963417 5133397 5184391 5314709 5337373 5439361 5507353 5592343 5626339 5796319 5807651 5875643 5898307 5926637 5966299 6011627 6051289 6062621 6096617 6272263 6402581 6470573 6578227 6776537 6884191 6918187 6929519 7014509 7065503 7167491 7207153 7326139 7524449 7734091 7751089 7768087 7836079 7915403 7966397 8108047 8119379 8204369 8227033 8255363 8374349 8414011 8448007 8515999 8753971 8867291 8923951 9037271 9071267 9127927 9161923 9326237 9462221 9671863 9705859 9734189 9892837 9921167 9955163 9972161 9989159 10096813 10113811 10159139 10181803 10295123 10312121 10317787 10453771 10822061 10980709 11031703 11048701 11065699 11252677 11264009 11332001 11371663 11388661 11535977 11569973 11575639 11728621 11745619 11796613 11847607 11926931 11966593,45329 62327 215309 232307 300299 351293 436283 640259 810239 912227 1065209 1252187 1388171 1626143 1643141 1813121 1830119 2136083 2187077 2306063 2476043 3002981 3087971 3325943 3410933 3444929 3529919 3597911 3665903 3835883 4362821 4379819 4549799 4787771 4940753 4957751 5807651 5926637 6011627 6062621 6096617 6470573 6776537 6929519 7014509 7065503 7167491 7524449 7915403 8119379 8204369 8255363 8374349 8867291 9037271 9462221 9955163 9972161 9989159 10159139 10295123 10312121 10822061 11332001 11535977 11569973
2837,172,109,83,50,266,171,121,71,50,192917,192917,192917,192917 272353 295049 312071 323419 414203 442573 550379 646837 765991 788687 919189 1072387 1129127 1174519 1214237 1435523 1446871 1503611 1514959 1549003 1583047 1600069 1605743 1673831 1685179 1838377 1912139 2184491 2229883 2235557 2263927 2354711 2366059 2383081 2553301 2627063 2695151 2712173 2723521 2995873 3103679 3115027 3137723 3149071 3302269 3370357 3393053 3421423 3461141 3557599 3614339 3676753 3818603 3937757 4022867 4136347 4187413 4193087 4210109 4255501 4323589 4329263 4425721 4442743 4533527 4561897 4612963 4669703 4749139 4868293 4908011 4936381 5044187 5106601 5265473 5293843 5299517 5327887 5486759 5600239 5605913 5685349 5742089 5759111 5810177 5844221 6116573 6167639 6230053 6235727 6366229 6457013 6508079 6519427 6655603 6808801 6950651 7171937 7472659 7512377 7529399 7659901 7676923 7727989 7745011 7784729 7937927 7988993 8108147 8153539 8159213 8221627 8312411 8323759 8340781 8425891 8476957 8596111 8681221 8749309 8840093 8868463 8874137 9038683 9072727 9248621 9276991 9294013 9345079 9350753 9384797 9413167 9418841 9447211 9464233 9469907 9532321 9555017 9617431 9776303 9929501 9946523 10065677 10094047 10167809 10179157 10184831 10252919 10281289 10286963 10400443 10440161 10610381 10638751 10746557 10882733 10916777 10996213 11052953 11121041 11319631 11404741 11574961 11614679 11711137 11716811 11818943 11915401 11989163 12051577,192917 295049 312071 414203 550379 788687 1129127 1214237 1435523 1503611 1605743 1673831 1912139 2184491 2235557 2354711 2627063 2695151 2712173 3103679 3137723 3393053 3461141 3614339 3818603 3937757 4022867 4193087 4210109 4329263 4533527 4669703 4908011 5044187 5265473 5299517 5486759 5742089 5759111 5810177 5844221 6116573 6235727 6457013 6508079 6950651 7512377 7784729 7937927 7988993 8108147 8159213 8312411 8874137 9350753 9384797 9418841 9469907 9555017 9929501 9946523 10167809 10184831 10286963 10610381 10746557 10882733 11052953 11121041 11716811 11818943
2843,198,117,97,58,289,175,132,82,50,125093,125093,125093,125093 142151 153523 159209 187639 329789 579973 602717 682321 869959 887017 921133 1108771 1182689 1313467 1336211 1353269 1421501 1603453 1626197 1825207 1859323 1916183 1961671 2052647 2103821 2217541 2291459 2308517 2336947 2342633 2422237 2456353 2490469 2530271 2598503 2626933 2649677 2734967 2769083 2848687 2888489 2899861 2916919 2939663 2990837 3024953 3076127 3127301 3144359 3223963 3229649 3246707 3275137 3309253 3314939 3331997 3343369 3468461 3553751 3616297 3667471 3701587 3906283 3929027 3991573 4025689 4065491 4150781 4247443 4253129 4469197 4491941 4725067 4764869 4878589 4901333 4918391 5100343 5106029 5157203 5287981 5293667 5407387 5515421 5600711 5754233 5782663 5839523 5958929 6044219 6095393 6112451 6157939 6214799 6317147 6396751 6482041 6521843 6601447 6652621 6726539 6811829 6880061 6914177 6993781 7033583 7084757 7096129 7147303 7204163 7266709 7590811 7607869 7630613 7681787 7795507 8108237 8142353 8193527 8244701 8347049 8364107 8443711 8460769 8546059 8563117 8671151 8688209 8756441 8909963 8995253 9023683 9040741 9108973 9165833 9182891 9245437 9279553 9285239 9472877 9535423 9541109 9552481 9757177 9779921 9842467 9865211 9882269 9961873 9995989 10052849 10183627 10189313 10217743 10268917 10308719 10320091 10359893 10462241 10473613 10848889 10865947 10871633 10917121 11019469 11258281 11548267 11605127 11770021 11775707 11923543 11940601 12060007 12099809,125093 142151 159209 329789 602717 1182689 1336211 1353269 1421501 1626197 1916183 2103821 2291459 2308517 2342633 2530271 2598503 2649677 2734967 2769083 2888489 2939663 2990837 3024953 3076127 3127301 3144359 3229649 3246707 3314939 3331997 3468461 3553751 3929027 4065491 4150781 4253129 4491941 4918391 5106029 5157203 5293667 5600711 5754233 5839523 6095393 6112451 6317147 6521843 6726539 6811829 6880061 6914177 7033583 7084757 7204163 7630613 7681787 8108237 8142353 8244701 8364107 8671151 8688209 8909963 8995253 9165833 9182891 9285239 9472877 9779921 9865211 9882269 10052849 10189313 10308719 10359893 10462241 10871633 11605127 11775707 12099809
2851,197,113,88,56,271,162,120,78,42,62723,62723,62723,62723 79829 85531 285101 290803 319313 336419 370631 404843 575903 598711 644327 832493 849599 1043467 1060573 1071977 1128997 1191719 1260143 1277249 1282951 1402693 1414097 1431203 1471117 1499627 1516733 1670687 1710601 1796131 1830343 1875959 2012807 2086933 2138251 2337821 2354927 2440457 2497477 2531689 2600113 2851001 2873809 2908021 2925127 2987849 3027763 3107591 3335671 3535241 3552347 3569453 3592261 3643579 3723407 3729109 3763321 3791831 3814639 3877361 4037017 4065527 4151057 4208077 4253693 4305011 4322117 4390541 4550197 4612919 4652833 4681343 4704151 4783979 4835297 4960741 5388391 5434007 5473921 5559451 5644981 5781829 5964293 6152459 6243691 6323519 6431857 6545897 6665639 6705553 6722659 6870911 6905123 6922229 6979249 7041971 7059077 7064779 7178819 7230137 7315667 7349879 7389793 7406899 7441111 7503833 7589363 7663489 7800337 7897271 7988503 8085437 8153861 8159563 8205179 8227987 8296411 8381941 8427557 8444663 8484577 8581511 8604319 8615723 8684147 8860909 8872313 8923631 9026267 9031969 9066181 9094691 9146009 9436811 9596467 9716209 9835951 9870163 9898673 10109647 10195177 10400449 10480277 10548701 10890821 10947841 10982053 11061881 11153113 11181623 11255749 11352683 11438213 11489531 11540849 11575061 11677697 11974201 12008413 12139559 12179473,62723 79829 285101 319313 370631 404843 575903 644327 832493 849599 1071977 1191719 1260143 1277249 1414097 1431203 1499627 1516733 1875959 2012807 2337821 2440457 2851001 2987849 3107591 3535241 3552347 3569453 3723407 3791831 3877361 4065527 4151057 4253693 4322117 4612919 4681343 4783979 4835297 5434007 5964293 6152459 6323519 6545897 6665639 6870911 6905123 6922229 7059077 7178819 7230137 7315667 7349879 7589363 7897271 8085437 8153861 8205179 8427557 8444663 8581511 8615723 8684147 8872313 8923631 9094691 9146009 9436811 9898673 10480277 10548701 10890821 11352683 11438213 11489531 11575061 11677697 12139559
2857,193,110,92,55,275,168,118,75,43,28571,28571,28571,28571 79997 85711 114281 154279 302843 428551 474263 559973 651397 754249 839959 851387 908527 925669 959953 971381 1039949 1045663 1279937 1525639 1594207 1639919 1674203 1765627 1782769 1828481 2039899 2051327 2102753 2239889 2342741 2382739 2428451 2451307 2502733 2639869 2685581 2788433 2822717 2879857 2994137 3011279 3045563 3085561 3165557 3188413 3222697 3239839 3302693 3325549 3411259 3525539 3599821 3645533 3754099 3799811 3874093 3942661 4142651 4199791 4211219 4554059 4628341 4679767 4811189 4971181 5074033 5159743 5171171 5222597 5279737 5382589 5502583 5571151 5753999 5828281 5839709 5942561 6113981 6182549 6188263 6199691 6285401 6388253 6445393 6508247 6542531 6559673 6679667 6885371 6902513 7022507 7125359 7142501 7371061 7388203 7399631 7473913 7502483 7508197 7542481 7628191 7799611 7851037 7885321 7971031 8039599 8102453 8125309 8188163 8193877 8211019 8222447 8228161 8313871 8393867 8411009 8451007 8468149 8513861 8650997 8742421 8908127 8930983 8965267 9010979 9068119 9085261 9102403 9165257 9268109 9302393 9342391 9388103 9428101 9679517 9765227 9822367 9839509 9925219 10022357 10028071 10250917 10330913 10353769 10525189 10622327 10628041 10673753 10725179 10810889 11039449 11068019 11085161 11188013 11210869 11308007 11342291 11365147 11570851 11770841 11845123 11913691 11982259 12027971 12085111 12153679,28571 79997 114281 302843 474263 559973 851387 971381 1039949 1279937 1639919 1674203 1828481 2051327 2102753 2239889 2342741 2428451 2685581 2788433 2822717 2994137 3011279 3045563 3165557 3302693 3525539 3645533 3799811 4142651 4211219 4554059 4811189 5171171 5222597 5753999 5839709 5942561 6113981 6182549 6199691 6285401 6388253 6508247 6542531 6559673 6679667 6885371 6902513 7022507 7125359 7142501 7399631 7502483 8102453 8188163 8222447 8393867 8650997 8908127 9165257 9268109 9302393 9388103 9765227 10022357 10330913 10622327 10673753 10725179 10810889 11085161 11308007 11342291 12027971
2861,189,108,85,46,280,157,122,70,52,57221,57221,57221,57221 85831 120163 177383 188827 228881 308989 377653 394819 434873 463483 520703 549313 967019 1190177 1207343 1276007 1407613 1459111 1550663 1562107 1567829 1630771 1647937 1722323 1836763 1911149 2025589 2059921 2111419 2151473 2288801 2305967 2351743 2592067 2666453 2803781 2820947 2952553 2992607 3061271 3089881 3147101 3192877 3198599 3227209 3450367 3467533 3541919 3662081 3690691 3782243 3799409 3879517 3965347 3982513 4022567 4039733 4108397 4205671 4222837 4228559 4365887 4411663 4428829 4468883 4583323 4651987 4840813 4880867 4966697 5115469 5121191 5201299 5413013 5424457 5481677 5550341 5584673 5636171 5807831 5853607 5893661 6093931 6145429 6151151 6202649 6236981 6368587 6471583 6597467 6608911 6797737 6917899 6975119 7003729 7112447 7146779 7158223 7244053 7387103 7484377 7575929 7816253 7930693 8033689 8153851 8171017 8314067 8325511 8417063 8468561 8485727 8640221 8657387 8668831 8674553 9086537 9132313 9149479 9189533 9200977 9206699 9321139 9326861 9412691 9612961 9887617 9893339 9962003 9979169 10127941 10236659 10270991 10333933 10459817 10494149 10562813 10677253 10694419 10751639 10763083 10803137 10814581 10974797 11037739 11163623 11180789 11363893 11381059 11552719 11844541 11901761 11918927 12004757 12193583 12245081,57221 177383 228881 434873 520703 967019 1190177 1207343 1276007 1550663 1722323 1911149 2151473 2288801 2305967 2666453 2820947 2992607 3061271 3147101 3198599 3541919 3662081 3782243 3799409 4022567 4039733 4108397 4228559 4365887 4468883 4880867 4966697 5121191 5413013 5584673 5893661 6151151 6202649 6236981 6597467 6975119 7146779 7387103 7575929 7816253 8314067 8417063 8468561 8485727 8640221 8657387 8674553 9086537 9189533 9206699 9326861 9893339 9979169 10270991 10459817 10562813 10751639 11163623 11180789 11901761 11918927 12004757 12193583 12245081
2879,188,116,88,57,275,175,118,80,38,86371,86371,282143,86371 120919 172741 224563 282143 299417 316691 368513 397303 403061 414577 570043 696719 742783 748541 811879 990377 1007651 1105537 1122811 1145843 1249487 1381921 1422227 1474049 1589209 1675579 1698611 1779223 1905899 1940447 2009543 2113187 2280169 2383813 2452909 2458667 2677471 2712019 2804147 2884759 2959613 3063257 3080531 3247513 3322367 3408737 3420253 3460559 3489349 3633299 3679363 3852103 3886651 3944231 4007569 4082423 4111213 4232131 4439419 4456693 4491241 4514273 4687013 4877027 4980671 4992187 5182201 5216749 5222507 5274329 5447069 5481617 5493133 5533439 5567987 5614051 5654357 5740727 5821339 6017111 6103481 6132271 6201367 6310769 6362591 6414413 6425929 6431687 6546847 6587153 6615943 6673523 6708071 6771409 6846263 6932633 6944149 6949907 7053551 7260839 7347209 7450853 7496917 7537223 7571771 7583287 7600561 7721479 7894219 7946041 8072717 8153329 8187877 8228183 8274247 8297279 8343343 8383649 8504567 8521841 8671549 8757919 8792467 8832773 8861563 8867321 8953691 9022787 9034303 9040061 9103399 9109157 9264623 9333719 9552523 9558281 9610103 9656167 9679199 9898003 9938309 9990131 10076501 10162871 10243483 10364401 10491077 10519867 10623511 10646543 10692607 10744429 10796251 10865347 10940201 11020813 11026571 11061119 11141731 11423873 11631161 11642677 11659951 11694499 11942093 11988157 12011189 12063011 12097559 12114833 12126349 12149381 12212719 12350911,282143 299417 316691 368513 403061 696719 748541 990377 1007651 1145843 1249487 1422227 1474049 1698611 1905899 1940447 2009543 2113187 2458667 2804147 2959613 3063257 3080531 3322367 3408737 3460559 3633299 3944231 4514273 4687013 4877027 4980671 5222507 5274329 5447069 5481617 5533439 5567987 5654357 5740727 6017111 6103481 6310769 6362591 6587153 6673523 6708071 6846263 6932633 7053551 7260839 7347209 7450853 7537223 7571771 8072717 8228183 8383649 8504567 8521841 8832773 8953691 9022787 9040061 9109157 9264623 9333719 9558281 9679199 9938309 9990131 10076501 10162871 10491077 11026571 11631161 11942093 12011189 12063011 12114833
2887,192,112,87,53,284,174,129,84,45,11549,11549,11549,11549 138577 190543 346441 357989 461921 479243 502339 617819 687107 796813 808361 883423 918067 1039321 1068191 1125931 1206767 1224089 1414631 1558981 1605173 1639817 1674461 1801489 1899647 1992031 2043997 2217217 2234539 2332697 2338471 2367341 2425081 2442403 2529013 2563657 2615623 2702233 2904323 2973611 3042899 3146831 3343147 3406661 3423983 3429757 3475949 3516367 3545237 3718457 3839711 3984061 4053349 4099541 4174603 4186151 4255439 4382467 4607653 4659619 4671167 4676941 4757777 4844387 4850161 4902127 4930997 5034929 5069573 5196601 5208149 5248567 5387143 5485301 5537267 5560363 5629651 5646973 5698939 5935673 5993413 6022283 6080023 6131989 6178181 6218599 6253243 6282113 6316757 6409141 6628553 6651649 6697841 6824869 6894157 6923027 7009637 7061603 7067377 7130891 7292563 7529297 7667873 7702517 7777579 8054731 8106697 8124019 8152889 8193307 8239499 8430041 8499329 8539747 8661001 8678323 8764933 8828447 8880413 8886187 9001667 9007441 9036311 9365429 9434717 9452039 9521327 9527101 9729191 9769609 9781157 9798479 9804253 9890863 9902411 9971699 10064083 10116049 10133371 10375879 10404749 10439393 10445167 10560647 10647257 10791607 10907087 10964827 11086081 11097629 11166917 11190013 11224657 11270849 11288171 11340137 11345911 11392103 11449843 11461391 11478713 11657707 11721221 11865571 11917537 11952181 11963729 12033017 12056113 12298621 12466067 12471841 12489163,11549 357989 461921 479243 617819 687107 808361 1068191 1206767 1224089 1414631 1605173 1639817 1674461 1899647 2332697 2367341 2904323 2973611 3042899 3146831 3406661 3423983 3475949 3545237 3718457 3839711 4099541 4186151 4255439 4671167 4757777 4844387 4930997 5034929 5069573 5208149 5485301 5537267 5935673 6022283 6282113 6316757 6628553 6697841 6923027 7009637 7061603 7130891 7529297 7667873 8152889 8239499 8430041 8499329 8828447 8880413 9001667 9036311 9365429 9434717 9452039 9521327 9729191 9781157 9798479 9902411 9971699 10404749 10439393 10560647 10647257 10907087 11097629 11166917 11288171 11340137 11392103 11461391 11478713 11721221 11963729 12033017 12466067
2897,194,113,84,46,285,170,127,74,53,52147,52147,475109,52147 417169 451933 475109 486697 683693 718457 747427 782191 799573 857513 1008157 1060303 1095067 1129831 1147213 1153007 1431119 1460089 1500647 1651291 1691849 1703437 1755583 1778759 1813523 1842493 1883051 1900433 1952579 2085841 2137987 2161163 2224897 2230691 2421893 2485627 2607301 2665241 2682623 2752151 2937559 3041851 3059233 3180907 3256229 3377903 3499577 3545929 3586487 3615457 3650221 3708161 3737131 3789277 3806659 3864599 3951509 3980479 3986273 4084771 4107947 4136917 4194857 4212239 4310737 4536703 4571467 4780051 4884343 4907519 4942283 5040781 5063957 5272541 5284129 5301511 5318893 5463743 5475331 5527477 5562241 5672327 5718679 5788207 5794001 5805589 5898293 5979409 6019967 6153229 6193787 6298079 6744217 6802157 6952801 7236707 7300441 7375763 7578553 7636493 7723403 7787137 7874047 7949369 7978339 8036279 8071043 8123189 8140571 8169541 8279627 8314391 8401301 8412889 8470829 8586709 8853233 8940143 9003877 9113963 9166109 9177697 9183491 9212461 9577483 9600659 9670187 9704951 9722333 9791861 9861389 10012033 10052591 10098943 10191647 10209029 10272763 10400231 10504523 10516111 10591433 10626197 10742077 10765253 10800017 10834781 10939073 10991219 11025983 11107099 11141863 11147657 11385211 11443151 11472121 11599589 11634353 11645941 11715469 11837143 11842937 11871907 11993581 12010963 12045727 12254311 12399161 12468689 12567187,475109 683693 718457 857513 1153007 1431119 1500647 1691849 1778759 1813523 1883051 1900433 1952579 2161163 2230691 2665241 2682623 2752151 3377903 3499577 3586487 3708161 3864599 3951509 3986273 4107947 4194857 4212239 4907519 4942283 5063957 5272541 5463743 5672327 5898293 6019967 6193787 7236707 7375763 7636493 7723403 7949369 8071043 8123189 8140571 8314391 8401301 8470829 8853233 8940143 9113963 9183491 9600659 9704951 9722333 9791861 9861389 10052591 10191647 10209029 10400231 10591433 10626197 10765253 10800017 10834781 10939073 10991219 11025983 11443151 11599589 11634353 12399161 12468689
2903,198,119,92,54,301,180,132,77,55,5807,5807,5807,5807 58061 127733 261271 301913 330943 435451 441257 505123 522541 557377 615437 667691 685109 696721 754781 870901 888319 1033469 1045081 1050887 1079917 1114753 1201843 1225067 1259903 1277321 1341187 1410859 1463113 1497949 1550203 1643099 1660517 1811473 1817279 1898563 2020489 2130803 2252729 2264341 2322401 2438521 2583671 2595283 2601089 2670761 2757851 2792687 2804299 2862359 2891389 2932031 3123629 3204913 3396511 3413929 3471989 3715841 3733259 3779707 4006141 4215157 4302247 4337083 4342889 4395143 4476427 4534487 4778339 4789951 4830593 4946713 5138311 5225401 5231207 5242819 5266043 5312491 5347327 5440223 5492477 5504089 5678269 5753747 5788583 5852449 5939539 5956957 5997599 6015017 6044047 6154361 6183391 6218227 6520139 6775603 6833663 6862693 6955589 6973007 7089127 7228471 7263307 7298143 7356203 7385233 7472323 7478129 7617473 7646503 7751011 7843907 7907773 8157431 8192267 8203879 8227103 8366447 8447731 8517403 8679971 8697389 8743837 8854151 8865763 8883181 8987689 9010913 9045749 9161869 9214123 9289601 9394109 9533453 9620543 9788917 9794723 9916649 10003739 10015351 10032769 10119859 10206949 10259203 10265009 10346293 10468219 10485637 10491443 10607563 10624981 10712071 10799161 10833997 10921087 10926893 10961729 11031401 11153327 11164939 11182357 11234611 11379761 11414597 11704897 11826823 12024227 12035839 12076481 12210019 12250661 12279691 12337751 12355169 12372587 12384199 12442259 12546767 12581603,5807 58061 127733 301913 615437 667691 685109 754781 1033469 1050887 1225067 1259903 1277321 1643099 1660517 1817279 2252729 2322401 2583671 2601089 2670761 2757851 2792687 2862359 2932031 3123629 3471989 3715841 3733259 4342889 4395143 4534487 4778339 4830593 5231207 5266043 5440223 5492477 5753747 5788583 5997599 6154361 6520139 6833663 6955589 6973007 7356203 7478129 7617473 7843907 8157431 8192267 8227103 8366447 8679971 8697389 8854151 9010913 9045749 9394109 9533453 9620543 9916649 10003739 10265009 10491443 10926893 11031401 11153327 11379761 12076481 12250661 12337751 12355169 12372587 12546767 12581603
2909,184,115,88,56,271,166,117,75,42,110543,110543,110543,110543 145451 209449 226903 244357 267629 296719 372353 477077 558529 610891 651617 680707 785431 925063 1070513 1169419 1279961 1367231 1437047 1448683 1489409 1594133 1640677 1710493 1716311 1768673 1815217 2059573 2129389 2135207 2216659 2321383 2362109 2426107 2530831 2554103 2571557 2589011 2618101 2658827 2728643 2775187 2798459 2827549 2920637 3002089 3025361 3368623 3403531 3438439 3514073 3601343 3630433 3688613 3706067 3775883 3967877 4014421 4049329 4136599 4142417 4258777 4456589 4520587 4578767 4607857 4660219 4666037 4683491 4747489 4858031 5096569 5119841 5183839 5468921 5480557 5556191 5591099 5672551 5707459 5800547 5881999 5969269 6044903 6079811 6091447 6167081 6219443 6318349 6411437 6498707 6516161 6580159 6615067 6667429 6690701 6777971 6812879 6987419 7004873 7179413 7191049 7225957 7295773 7353953 7452859 7615763 7644853 7662307 7679761 7982297 8011387 8174291 8401193 8500099 8575733 8663003 8732819 8796817 8854997 9134261 9186623 9204077 9250621 9273893 9302983 9308801 9337891 9425161 9547339 9582247 9622973 9634609 9652063 9657881 9756787 9884783 10146593 10193137 10233863 10332769 10385131 10454947 10646941 10670213 10681849 10774937 10943659 11036747 11118199 11176379 11292739 11327647 11414917 11734907 11979263 12153803 12217801 12305071 12310889 12398159 12433067 12479611 12520337 12601789,110543 145451 267629 372353 477077 651617 1070513 1279961 1367231 1437047 1489409 1594133 1716311 1768673 2135207 2362109 2554103 2571557 2658827 2728643 2798459 2920637 3025361 3514073 3601343 3688613 3706067 3775883 3967877 4456589 4578767 4666037 4683491 4858031 5119841 5468921 5556191 5591099 6044903 6079811 6167081 6219443 6411437 6498707 6516161 6690701 6777971 6812879 6987419 7004873 7179413 7353953 7615763 7982297 8174291 8401193 8575733 8854997 9186623 9204077 9273893 9308801 9622973 9657881 9884783 10146593 10233863 10670213 10774937 11036747 11979263 12153803 12310889 12398159 12433067
2917,186,114,86,51,281,169,121,69,52,70009,70009,274199,70009 157519 245029 274199 291701 344207 455053 490057 519227 606737 700081 799259 892603 974279 1044287 1079291 1096793 1242643 1271813 1306817 1446833 1592683 1691861 1744367 1831877 1954391 2006897 2082739 2362771 2374439 2467783 2607799 2712811 2724479 2800321 2811989 2899499 2917001 3092021 3132859 3144527 3290377 3325381 3342883 3377887 3552907 3582077 3657919 3669587 3757097 3780433 3862109 3967121 4019627 4112971 4182979 4200481 4252987 4287991 4334663 4387169 4393003 4480513 4562189 4597193 4632197 4655533 4684703 4690537 4813051 4842221 4970569 5174759 5215597 5355613 5390617 5408119 5472293 5507297 5612309 5699819 5775661 5793163 5804831 5828167 5857337 5874839 5909843 6038191 6125701 6172373 6353227 6405733 6522413 6819947 6825781 6854951 7053307 7140817 7222493 7245829 7350841 7432517 7543363 7928407 7945909 7957577 7963411 8033419 8062589 8150099 8272613 8365957 8482637 8540977 8575981 8680993 8768503 8780171 8821009 8885183 8908519 9060203 9112709 9217721 9235223 9258559 9293563 9328567 9556093 9591097 9643603 9888631 9958639 10046149 10133659 10168663 10197833 10203667 10256173 10407857 10501201 10582877 10687889 10693723 10728727 10781233 10851241 10932917 10985423 11107937 11142941 11166277 11183779 11247953 11492981 11621329 11796349 11988871 12041377 12105551 12128887 12210563 12216397 12268903 12438089 12513931 12595607 12648113,274199 291701 344207 519227 606737 799259 974279 1044287 1079291 1096793 1271813 1306817 1446833 1691861 1744367 1954391 2006897 2374439 2724479 2811989 2899499 2917001 3092021 3144527 3582077 3757097 3862109 3967121 4019627 4334663 4562189 4597193 4632197 4684703 5472293 5507297 5699819 5804831 5857337 5874839 5909843 6172373 6522413 6819947 6854951 7222493 7432517 8062589 8150099 8272613 8482637 8780171 8885183 9060203 9112709 9217721 9235223 10197833 10407857 10582877 10687889 10932917 10985423 11107937 11142941 11492981 12210563 12438089 12648113
2927,213,135,89,53,297,180,130,75,55,23417,23417,23417,23417 70249 87811 175621 193183 228307 234161 333679 368803 409781 456613 614671 725897 790291 842977 901517 948349 954203 1141531 1182509 1211779 1270319 1404961 1422523 1457647 1563019 1580581 1633267 1726931 1744493 1808887 1914259 1949383 1955237 1990361 2060609 2095733 2130857 2177689 2359163 2429411 2441119 2446973 2458681 2482097 2534783 2616739 2710403 2739673 2850899 2880169 2921147 2938709 3044081 3114329 3237263 3272387 3319219 3494839 3529963 3535817 3588503 3658751 3676313 3688021 3740707 3799247 3881203 3916327 3939743 4004137 4080239 4091947 4232443 4255859 4302691 4495873 4519289 4548559 4618807 4671493 4800281 4829551 4905653 4917361 5092981 5151521 5163229 5204207 5292017 5379827 5444221 5514469 5532031 5813023 5865709 5906687 5971081 6023767 6234511 6310613 6363299 6626729 6743809 6784787 6802349 6814057 6936991 6977969 7013093 7083341 7153589 7182859 7253107 7288231 7329209 7358479 7376041 7452143 7522391 7534099 7575077 7604347 7610201 7709719 7785821 7815091 7990711 8154623 8359513 8382929 8429761 8482447 8517571 8558549 8821979 9085409 9202489 9383963 9501043 9629831 9700079 9711787 9875699 9887407 9940093 9998633 10150837 10156691 10256209 10349873 10379143 10449391 10560617 10648427 10771361 10788923 10800631 10941127 11017229 11151871 11345053 11350907 11473841 11485549 11590921 11631899 11643607 11912891 11994847 12018263 12053387 12100219 12170467 12275839 12334379 12369503 12404627 12773429 12837823,23417 234161 409781 725897 901517 954203 1182509 1270319 1726931 1744493 1955237 1990361 2060609 2095733 2130857 2359163 2446973 2482097 2534783 2710403 2921147 2938709 3044081 3114329 3237263 3272387 3535817 3588503 3658751 3676313 3799247 4080239 4255859 4519289 4800281 4905653 5204207 5292017 5379827 5906687 6310613 6363299 6626729 6784787 6802349 6977969 7013093 7083341 7329209 7452143 7610201 7785821 8558549 8821979 9085409 9383963 9629831 9700079 9875699 9998633 10156691 10349873 10560617 10648427 10771361 10788923 11017229 11350907 11473841 11912891 12018263 12053387 12334379 12404627 12773429
2939,184,112,87,56,271,164,124,79,45,5879,5879,5879,5879 70537 94049 123439 141073 199853 335047 481997 511387 617191 746507 905213 934603 1058041 1063919 1128577 1346063 1445989 1451867 1551793 1592939 1734011 1763401 1804547 1822181 1904473 1939741 2027911 2186617 2351201 2386469 2421737 2527541 2580443 2592199 2715637 2756783 2792051 2844953 2909611 3050683 3056561 3197633 3332827 3532679 3579703 3585581 3709019 3738409 3744287 3914749 3967651 4038187 4061699 4202771 4255673 4361477 4414379 4520183 4531939 4567207 4784693 4802327 4819961 4884619 4890497 4902253 5049203 5060959 5066837 5137373 5243177 5260811 5343103 5419517 5560589 5666393 5942659 6001439 6054341 6066097 6118999 6242437 6389387 6583361 6653897 6700921 6841993 6847871 7006577 7053601 7177039 7200551 7229941 7282843 7300477 7359257 7412159 7459183 7653157 7694303 7706059 7764839 7782473 7794229 7900033 7994081 8164543 8240957 8329127 8523101 8552491 8999219 9063877 9122657 9140291 9193193 9310753 9381289 9416557 9492971 9522361 9563507 9581141 9828017 9927943 10110161 10374671 10409939 10445207 10533377 10621547 10633303 10797887 10850789 11003617 11044763 11221103 11238737 11415077 11485613 11603173 11679587 11691343 11697221 11820659 11850049 11961731 11973487 11991121 12014633 12085169 12149827 12237997 12431971 12473117 12502507 12543653 12578921 12661213 12855187 12878699 12896333 12931601,5879 94049 199853 481997 746507 905213 1063919 1346063 1451867 1592939 1734011 1804547 1822181 2351201 2386469 2421737 2527541 2580443 2756783 2792051 3056561 3197633 3532679 3585581 3709019 3744287 4061699 4202771 4255673 4414379 4520183 4784693 4802327 4819961 4890497 5049203 5066837 5137373 5243177 5260811 5419517 5560589 6001439 6389387 6583361 6653897 6847871 7006577 7200551 7359257 7412159 7782473 7994081 8240957 8329127 8523101 9122657 9140291 9193193 9492971 9563507 9581141 9828017 10110161 10374671 10409939 10533377 10850789 11221103 11485613 11697221 11820659 11961731 12014633 12085169 12473117 12543653 12896333 12931601
2953,194,116,94,55,276,166,124,71,53,11813,11813,11813,11813 29531 88591 153557 224429 242147 283489 389797 425233 454763 507917 543353 549259 566977 578789 649661 667379 797311 1151671 1163483 1252073 1364287 1506031 1517843 1523749 1606433 1659587 1665493 1789519 1807237 1907639 1948981 2067101 2285623 2332871 2350589 2374213 2498239 2811257 2846693 2923471 2970719 3112463 3136087 3224677 3236489 3260113 3295549 3307361 3313267 3525883 3590849 3720781 3821183 3844807 3874337 3962927 4146013 4270039 4376347 4464937 4494467 4730707 4742519 4801579 4884263 4919699 4996477 5061443 5096879 5120503 5173657 5226811 5433521 5539829 5581171 5734727 5823317 5858753 5970967 6035933 6089087 6148147 6230831 6272173 6301703 6337139 6443447 6744653 6768277 6833243 6839149 6939551 7104919 7193509 7205321 7223039 7246663 7264381 7276193 7293911 7441561 7459279 7530151 7559681 7683707 7813639 8008537 8073503 8179811 8215247 8339273 8362897 8433769 8551889 8699539 8799941 8888531 8947591 8965309 8983027 9136583 9189737 9248797 9372823 9632687 9668123 9744901 9762619 9792149 9833491 9898457 10081543 10217381 10252817 10365031 10435903 10554023 10571741 10701673 10872947 11002879 11109187 11138717 11162341 11174153 11428111 11552137 11871061 11906497 11941933 11977369 12060053 12113207 12166361 12207703 12296293 12314011 12491191 12538439 12680183 12697901 12703807 12768773 12892799 13040449,11813 29531 153557 224429 242147 454763 507917 543353 578789 649661 667379 1163483 1252073 1517843 1606433 1659587 1907639 2067101 2332871 2350589 2811257 2846693 2970719 3112463 3236489 3307361 3590849 3821183 3874337 4494467 4742519 4884263 4919699 5096879 5433521 5539829 5734727 5823317 5858753 6035933 6089087 6230831 6301703 6443447 6744653 6939551 7205321 7276193 7559681 7683707 8073503 8179811 8215247 8339273 8551889 8799941 8888531 9136583 9668123 9792149 9898457 10252817 10554023 10571741 10872947 12060053 12113207 12538439 12697901 12768773 12892799
2957,198,117,93,53,295,173,133,80,53,41399,41399,41399,41399 70969 76883 106453 177421 195163 218819 325271 413981 514519 520433 532261 780649 816133 887101 940327 1029037 1034951 1046779 1265597 1348393 1490329 1596781 1655921 1667749 1673663 1791943 1797857 1815599 1833341 2028503 2040331 2188181 2330117 2347859 2377429 2383343 2472053 2525279 2625817 2631731 2643559 2649473 2720441 2838721 2951087 3033883 3057539 3087109 3341411 3394637 3501089 3601627 3654853 3749477 3867757 3885499 4098403 4139801 4151629 4222597 4459157 4565609 4654319 4813997 4843567 4867223 4938191 4955933 4991417 5020987 5074213 5133353 5162923 5340343 5452709 5488193 5500021 5730667 5837119 5878517 5896259 6144647 6316153 6369379 6410777 6724219 6741961 6759703 6801101 6818843 6883897 6937123 6972607 7008091 7049489 7150027 7226909 7244651 7315619 7345189 7422071 7522609 7646803 7741427 7918847 7983901 8007557 8054869 8090353 8184977 8220461 8380139 8468849 8480677 8569387 8593043 8841431 8894657 9137131 9160787 9249497 9391433 9456487 9533369 9657563 9669391 9740359 9758101 9834983 9917779 9988747 10012403 10278533 10331759 10367243 10420469 10485523 10544663 10580147 10633373 10793051 10952729 11041439 11071009 11147891 11201117 11372623 11443591 11585527 11621011 11674237 11733377 11822087 12034991 12088217 12141443 12348433 12354347 12407573 12478541 12490369 12531767 12584993 12667789 12774241 12862951 12904349 12916177 12933919 12969403 12993059 13064027,41399 76883 218819 325271 413981 520433 1034951 1265597 1655921 1673663 1797857 1815599 2188181 2330117 2347859 2383343 2472053 2525279 2631731 2720441 2951087 3057539 3341411 3394637 3749477 4139801 4459157 4565609 4654319 4813997 4867223 4938191 4955933 4991417 5133353 5452709 5488193 5878517 5896259 6144647 6410777 6801101 6818843 7049489 7226909 7315619 7422071 7741427 7918847 8007557 8184977 8380139 8593043 8841431 8894657 9160787 9249497 9391433 9657563 9834983 10012403 10278533 10331759 10367243 10420469 10544663 10580147 11041439 11201117 11733377 11822087 12088217 12141443 12354347 12407573 12478541 12584993 12904349 12993059 13064027
2963,189,112,83,47,272,156,118,66,52,124447,124447,148151,124447 148151 183707 248893 266671 308153 343709 391117 450377 515563 539267 592601 640009 717047 728899 746677 752603 788159 800011 906679 977791 1143719 1161497 1226683 1552613 1671133 1694837 1706689 1765949 1819283 1884469 1908173 2032619 2133361 2151139 2192621 2204473 2317067 2400031 2524477 2530403 2595589 2654849 2797073 3146707 3360043 3365969 3383747 3466711 3768937 3810419 3822271 3899309 3917087 4088941 4165979 4373389 4485983 4503761 4533391 4568947 4711171 4835617 4871173 4877099 4888951 4930433 4983767 5037101 5084509 5226733 5232659 5262289 5374883 5493403 5552663 5641553 5813407 5854889 5991187 6133411 6192671 6228227 6311191 6352673 6382303 6441563 6488971 6755641 6761567 6951199 7146757 7395649 7419353 7555651 7597133 7644541 7733431 7768987 7970471 7982323 8017879 8177881 8183807 8213437 8272697 8444551 8462329 8521589 8551219 8610479 8640109 8800111 8871223 8930483 9049003 9102337 9108263 9137893 9143819 9161597 9315673 9351229 9428267 9493453 9730493 9813457 9837161 9872717 9884569 9961607 10044571 10086053 10228277 10299389 10346797 10684579 10702357 10797173 11028287 11259401 11294957 11306809 11383847 11526071 11537923 11555701 11703851 11721629 12006077 12486083 12592751 12841643 12948311 13049053 13066831,148151 183707 308153 343709 450377 539267 592601 717047 752603 788159 1143719 1161497 1552613 1694837 1765949 1819283 1908173 2032619 2192621 2317067 2530403 2654849 2797073 3365969 3383747 3810419 3899309 3917087 4165979 4503761 4877099 4930433 4983767 5037101 5232659 5374883 5552663 5641553 5854889 6192671 6352673 6441563 6761567 7597133 8183807 8272697 8610479 8930483 9108263 9143819 9161597 9428267 9730493 9837161 9961607 10086053 10228277 10797173 11028287 11259401 11526071 12006077 12486083 12592751 12841643 12948311
2969,185,113,85,54,275,164,121,76,45,5939,5939,5939,5939 23753 71257 95009 124699 201893 219707 249397 290963 415661 480979 570049 712561 944143 961957 985709 1092593 1163849 1199477 1300423 1359803 1425121 1478563 1484501 1627013 1662641 1787339 1822967 1840781 2250503 2404891 2458333 2464271 2529589 2535527 2725543 2945249 3081823 3159017 3277777 3349033 3354971 3438103 3473731 3479669 3782507 3919081 3972523 4031903 4103159 4192229 4210043 4310989 4489129 4578199 4596013 4637579 4809781 4833533 4863223 4898851 4958231 5029487 5082929 5118557 5201689 5219503 5344201 5350139 5468899 5575783 5647039 5682667 5706419 5884559 5902373 5949877 6258653 6288343 6395227 6472421 6484297 6508049 6591181 6597119 6650561 6840577 6911833 7149353 7161229 7179043 7214671 7357183 7446253 7452191 7487819 7505633 7535323 7606579 7683773 7719401 7879727 7891603 7980673 7986611 8057867 8087557 8426023 8574473 8610101 8681357 8752613 8764489 8859497 9002009 9091079 9108893 9215777 9298909 9423607 9482987 9512677 9708631 9762073 9821453 9922399 9958027 9981779 9999593 10100539 10106477 10195547 10248989 10462757 10545889 10581517 10623083 10640897 10670587 10830913 10919983 11175317 11311891 11549411 11561287 11585039 11620667 11674109 11917567 11959133 11976947 12137273 12166963 12434173 12600437 12630127 12689507 12826081 12832019 12897337 12921089 13010159 13039849 13134857,5939 23753 95009 201893 219707 290963 415661 985709 1092593 1163849 1199477 1359803 1484501 1627013 1662641 1787339 1822967 1840781 2250503 2464271 2535527 2945249 3159017 3354971 3479669 3782507 4031903 4103159 4210043 4637579 4833533 4958231 5029487 5082929 5118557 5350139 5706419 5884559 5902373 6258653 6472421 6650561 7149353 7452191 7505633 7683773 7719401 7879727 7986611 8057867 8574473 8610101 8681357 8752613 8859497 9091079 9108893 9482987 9821453 9981779 9999593 10195547 10248989 10462757 10623083 10640897 11585039 11674109 11976947 12137273 12600437 12689507 12832019 12921089 13010159 13134857
2971,190,114,79,52,271,169,114,77,37,124783,124783,243623,124783 142609 178261 243623 314927 374347 409999 481303 499129 564491 582317 659563 707099 778403 831881 885359 974489 1134923 1224053 1283473 1354777 1366661 1479559 1509269 1634051 1741007 2049991 2246077 2257961 2364917 2454047 2525351 2602597 2703611 2721437 2727379 2869987 2941291 3149261 3173029 3244333 3351289 3440419 3594911 3600853 3612737 3618679 3654331 3719693 3743461 3773171 3796939 3868243 3880127 3921721 4004909 4058387 4296067 4420849 4563457 4682297 4700123 4741717 4753601 4807079 4842731 4848673 4967513 5074469 5145773 5187367 5383453 5395337 5490409 5502293 5698379 5751857 5840987 5882581 5900407 5936059 5989537 6126203 6144029 6179681 6197507 6215333 6274753 6357941 6375767 6470839 6649099 6720403 6773881 6803591 6880837 6898663 7005619 7017503 7041271 7094749 7338371 7344313 7374023 7445327 7629529 7694891 7932571 8110831 8342569 8443583 8485177 8663437 8752567 8889233 8966479 9126913 9174449 9233869 9358651 9477491 9566621 9691403 9798359 9869663 9893431 9911257 9976619 10012271 10065749 10107343 10125169 10178647 10333139 10457921 10463863 10511399 10535167 10564877 10624297 10832267 10867919 10939223 10957049 11159077 11224439 11230381 11248207 11295743 11384873 11456177 11497771 11515597 11551249 11616611 11676031 11782987 11884001 11919653 12246463 12365303 12406897 12424723 12454433 12472259 12478201 12496027 12959503 12977329,243623 314927 564491 582317 707099 778403 831881 885359 974489 1134923 1224053 1366661 1509269 1634051 1741007 2257961 2364917 2454047 2525351 2703611 2721437 3149261 3594911 3612737 3719693 3773171 3880127 4004909 4058387 4682297 4700123 4753601 4807079 4842731 4967513 5074469 5145773 5395337 5502293 5840987 6126203 6144029 6179681 6197507 6215333 6357941 6375767 6803591 7017503 7338371 7694891 8443583 8889233 9174449 9477491 9566621 9691403 9798359 9869663 10012271 10065749 10333139 10457921 10511399 10564877 10867919 10939223 10957049 11224439 11295743 11384873 11456177 11616611 11884001 11919653 12365303 12472259
2999,215,137,93,62,304,199,133,88,45,23993,23993,23993,23993 59981 113963 161947 251917 311897 401867 455849 491837 671777 689771 881707 923693 959681 989671 995669 1025659 1061647 1103633 1133623 1211597 1241587 1373543 1403533 1421527 1439521 1445519 1571477 1715429 1763413 1841387 1925359 1931357 1961347 2093303 2129291 2159281 2249251 2255249 2339221 2345219 2363213 2411197 2435189 2453183 2669111 2885039 2921027 2933023 2969011 2975009 3040987 3130957 3244919 3262913 3334889 3370877 3418861 3550817 3562813 3580807 3598801 3652783 3832723 3904699 3964679 4030657 4090637 4174609 4228591 4252583 4378541 4534489 4570477 4588471 4702433 4720427 4738421 4804399 4840387 4900367 4984339 5062313 5092303 5260247 5350217 5362213 5434189 5458181 5470177 5494169 5578141 5620127 5638121 5710097 5812063 5818061 5830057 5938021 5974009 5992003 5998001 6069977 6087971 6207931 6279907 6483839 6609797 6699767 7089637 7131623 7149617 7179607 7239587 7287571 7401533 7467511 7539487 7707431 7719427 7743419 7851383 7881373 8013329 8031323 8049317 8079307 8121293 8247251 8313229 8337221 8349217 8457181 8481173 8583139 8727091 8979007 9020993 9068977 9236921 9290903 9380873 9392869 9488837 9560813 9650783 9758747 9860713 9968677 10190603 10220593 10226591 10442519 10652449 10688437 10766411 10850383 10892369 10910363 11108297 11162279 11210263 11288237 11432189 11462179 11498167 11666111 11738087 11750083 11756081 11792069 11822059 11900033 11936021 12001999 12019993 12025991 12079973 12127957 12199933 12331889 12367877 12421859 12565811 12667777 12835721 12847717 12865711 12901699 12919693 12955681 13009663 13069643 13141619 13195601 13225591 13261579 13297567 13447517,23993 59981 113963 311897 401867 455849 491837 671777 689771 923693 959681 995669 1103633 1211597 1373543 1445519 1715429 1841387 1931357 2093303 2129291 2255249 2345219 2363213 2435189 2453183 2669111 2885039 2921027 2975009 3262913 3334889 3370877 3550817 3964679 4090637 4252583 4378541 4702433 4720427 4738421 4900367 5062313 5260247 5350217 5458181 5494169 5620127 5710097 5818061 5998001 6087971 6609797 6699767 7131623 7149617 7239587 7707431 7851383 8031323 8121293 8481173 9020993 9236921 9290903 9380873 9488837 9560813 9758747 10190603 10442519 10892369 10910363 11108297 11288237 11738087 11900033 11936021 12025991 12331889 12367877 12421859 12565811 12835721 13069643 13141619 13195601 13447517
